system,id,category,snr_db,input_snr_measured,pesq_wb,stoi,estoi,sisdr,snr,segsnr,pesq_nb,delta_snr
primary,0000_crew_babble_tir00,crew_babble,0.0,-0.425789653376904,1.106278419494629,0.6434229387653886,0.3351338633331619,-0.4318668601294223,-0.425789653376904,-1.87756774177602,1.4816960096359253,0.0
primary,0001_crew_babble_tir00,crew_babble,0.0,-0.4199279428126132,1.077686429023743,0.5594409316634483,0.2778320299697638,-0.477335146267117,-0.4199279428126132,-3.750251168117352,1.5416858196258545,0.0
primary,0002_crew_babble_tir00,crew_babble,0.0,-0.4214470164265093,1.093808650970459,0.6937710296743586,0.3823470265244055,-0.5549062993248415,-0.4214470164265093,-4.4448531942021825,1.532702922821045,0.0
primary,0003_crew_babble_tir00,crew_babble,0.0,-0.432017564426873,1.0652002096176147,0.6449529532063994,0.4068914583640124,-0.5821575863618985,-0.432017564426873,-1.805106891340445,1.269258975982666,0.0
primary,0004_crew_babble_tir00,crew_babble,0.0,-0.3977605737786485,1.0751326084136963,0.6421644588669925,0.3585157982201098,-0.3362436832758842,-0.3977605737786485,-0.6384435165332609,1.233877182006836,0.0
primary,0005_crew_babble_tir00,crew_babble,0.0,-0.4324836632949153,1.1087783575057983,0.7001083081413729,0.4988504685118722,-0.4705066607019406,-0.4324836632949153,-3.213119439910027,1.598236918449402,0.0
primary,0006_crew_babble_tir00,crew_babble,0.0,-0.4183316153777778,1.165173053741455,0.6494267510672055,0.4598625608936965,-0.4378801297934576,-0.4183316153777778,-1.7542328254246928,1.6043174266815186,0.0
primary,0007_crew_babble_tir00,crew_babble,0.0,-0.3941233521354236,1.0595701932907104,0.6709017324328355,0.4079215707223965,-0.4404176754757988,-0.3941233521354236,-1.573777809013608,1.483435869216919,0.0
primary,0008_crew_babble_tir00,crew_babble,0.0,-0.4258645627133211,1.0813701152801514,0.6719209926964133,0.3745983560606425,-0.3788342765109858,-0.4258645627133211,-1.3483264576562757,1.422595500946045,0.0
primary,0009_crew_babble_tir00,crew_babble,0.0,-0.4346381004138508,1.0514012575149536,0.6768221894676619,0.3336259416159163,-0.5087208720623917,-0.4346381004138508,-2.065978287746604,1.3926218748092651,0.0
primary,0010_crew_babble_tir00,crew_babble,0.0,-0.4092178141275786,1.1173787117004397,0.7670711760489725,0.5275713049556171,-0.4147241589204198,-0.4092178141275786,-1.240991929156598,1.6013110876083374,0.0
primary,0011_crew_babble_tir00,crew_babble,0.0,-0.4046335131888041,1.059896469116211,0.5808001797948175,0.3734598696794997,-0.4313210432130397,-0.4046335131888041,-3.0054765841624635,1.414805889129639,0.0
primary,0012_crew_babble_tir00,crew_babble,0.0,-0.3982769242270795,1.1067930459976196,0.7105827754815343,0.5344555262822568,-0.3950456109978978,-0.3982769242270795,-2.232588185521445,1.5740123987197876,0.0
primary,0013_crew_babble_tir00,crew_babble,0.0,-0.407787825898992,1.0822752714157104,0.4818296046940115,0.2539632671688654,-0.4001260261117977,-0.407787825898992,-3.539303586126457,2.035172462463379,0.0
primary,0014_crew_babble_tir00,crew_babble,0.0,-0.4271272056293143,1.1220409870147705,0.7258883289418394,0.3790266195229655,-0.4653211610630758,-0.4271272056293143,-3.3310640250901855,1.6188122034072876,0.0
primary,0015_crew_babble_tir00,crew_babble,0.0,-0.39754431139992,1.102454662322998,0.6275272996874534,0.3591065084772534,-0.2862288910164999,-0.39754431139992,-4.464685296214118,1.4341764450073242,0.0
primary,0016_crew_babble_tir00,crew_babble,0.0,-0.4010021719144395,1.0729477405548096,0.7094744819566584,0.4402993853862878,-0.3500988461369617,-0.4010021719144395,-2.663973061694321,1.4119583368301392,0.0
primary,0017_crew_babble_tir00,crew_babble,0.0,-0.4117845133944491,1.1257498264312744,0.7305907614921671,0.487531405148669,-0.4172348084475787,-0.4117845133944491,0.2872150738016156,1.6361572742462158,0.0
primary,0018_crew_babble_tir00,crew_babble,0.0,-0.3720878579974689,1.0558103322982788,0.6386653229209177,0.4040421950459862,-0.4449191630400534,-0.3720878579974689,-1.6727057205628395,1.3142664432525637,0.0
primary,0019_crew_babble_tir00,crew_babble,0.0,-0.4116865394445719,1.0711842775344849,0.5704607554320418,0.3728065478989509,-0.483073112290387,-0.4116865394445719,-2.654907058198022,1.5526306629180908,0.0
primary,0020_crew_babble_tir05,crew_babble,5.0,3.8270418032191738,1.1965676546096802,0.7814896404615217,0.533016118537912,3.795678483813715,3.8270418032191738,0.0039358708320295,1.8047316074371336,0.0
primary,0021_crew_babble_tir05,crew_babble,5.0,3.7983654230757065,1.2275892496109009,0.8408785440607842,0.5762284881892157,3.763979428005397,3.7983654230757065,0.9074299790945476,2.019989013671875,0.0
primary,0022_crew_babble_tir05,crew_babble,5.0,3.8421544558224063,1.2061675786972046,0.8176146501439301,0.641905466530367,3.8793491840258336,3.8421544558224063,0.7075843831216061,1.884385108947754,0.0
primary,0023_crew_babble_tir05,crew_babble,5.0,3.815554480255996,1.084049940109253,0.8006553070614123,0.5137912339835502,3.819974114006583,3.815554480255996,0.4056207193995036,1.5646259784698486,0.0
primary,0024_crew_babble_tir05,crew_babble,5.0,3.779686115691894,1.1184556484222412,0.7186273749368123,0.5235645832977603,3.7984767773029167,3.779686115691894,1.0321238602328662,1.4613347053527832,0.0
primary,0025_crew_babble_tir05,crew_babble,5.0,3.8404131183750407,1.0960447788238523,0.7455695750066469,0.5138209714696927,3.898113410425816,3.8404131183750407,0.8780393375309976,1.4639052152633667,0.0
primary,0026_crew_babble_tir05,crew_babble,5.0,3.79557418485752,1.14258873462677,0.7385967478641114,0.4785906986938202,3.758989180339329,3.79557418485752,0.3923026542219329,1.7705470323562622,0.0
primary,0027_crew_babble_tir05,crew_babble,5.0,3.782982886030296,1.2455954551696775,0.7466239061434454,0.422811999041817,3.769508627334013,3.782982886030296,-1.8314929241728792,1.8080966472625732,0.0
primary,0028_crew_babble_tir05,crew_babble,5.0,3.7930313288106774,1.0801252126693726,0.6854012633042914,0.388538123292785,3.772241170701929,3.7930313288106774,1.0165441597957263,1.338767170906067,0.0
primary,0029_crew_babble_tir05,crew_babble,5.0,3.8363746733876543,1.0678905248641968,0.7561511060123343,0.5073664500722538,3.8876605163853566,3.8363746733876543,0.4756807626406894,1.444693088531494,0.0
primary,0030_crew_babble_tir05,crew_babble,5.0,3.833101095186428,1.1441320180892944,0.7710689410022767,0.5165448942638471,3.814241876159539,3.833101095186428,0.7264765602369804,1.6882129907608032,0.0
primary,0031_crew_babble_tir05,crew_babble,5.0,3.7999473219248423,1.1079823970794678,0.8158434545759206,0.5344545832283185,3.849677961435489,3.7999473219248423,-0.3115043354229502,1.5410146713256836,0.0
primary,0032_crew_babble_tir05,crew_babble,5.0,3.815087374388442,1.185412883758545,0.7561580954530691,0.5779097252509899,3.862731733044487,3.815087374388442,2.663636558612693,1.723037600517273,0.0
primary,0033_crew_babble_tir05,crew_babble,5.0,3.779949955660755,1.0530366897583008,0.7070607640491335,0.5157319766052078,3.748272332643054,3.779949955660755,2.1040928029924473,1.4017263650894165,0.0
primary,0034_crew_babble_tir05,crew_babble,5.0,3.768831181971844,1.1034376621246338,0.7263860152857917,0.5008925094435484,3.798470015362829,3.768831181971844,-0.0049689105007278,1.4928991794586182,0.0
primary,0035_crew_babble_tir05,crew_babble,5.0,3.838585402507532,1.0435932874679563,0.8310795355582418,0.6443672622782693,3.858007930861456,3.838585402507532,3.3841152037181357,1.2821171283721924,0.0
primary,0036_crew_babble_tir05,crew_babble,5.0,3.808431273409863,1.0577398538589478,0.677906590131582,0.4927747273392467,3.844023363138656,3.808431273409863,1.5904432248156035,1.4379125833511353,0.0
primary,0037_crew_babble_tir05,crew_babble,5.0,3.78258625172706,1.1702903509140017,0.8956656622430293,0.7448807663336877,3.8473173095072073,3.78258625172706,0.8234513598399391,1.797357439994812,0.0
primary,0038_crew_babble_tir05,crew_babble,5.0,3.7746994432419294,1.1412523984909058,0.719246468524238,0.4972686113935012,3.834291775779126,3.7746994432419294,0.2252232390488973,1.5333445072174072,0.0
primary,0039_crew_babble_tir05,crew_babble,5.0,3.886900418560036,1.0717217922210691,0.7956132249042003,0.6012279554809187,3.9555758038655537,3.886900418560036,0.9799636516872424,1.6448472738265991,0.0
primary,0040_crew_babble_tir10,crew_babble,10.0,6.991238067673243,1.2086812257766724,0.8413355712223095,0.6509398333778944,7.278507535213179,6.991238067673243,0.9560792266613128,1.7887754440307615,0.0
primary,0041_crew_babble_tir10,crew_babble,10.0,6.998457343577994,1.1004390716552734,0.7106925512728264,0.5805876399417442,6.997331276912101,6.998457343577994,3.363936699491914,1.6023495197296145,0.0
primary,0042_crew_babble_tir10,crew_babble,10.0,7.009422432707888,1.3348737955093384,0.8709269203197507,0.6645894613421316,7.041681375528077,7.009422432707888,-0.1080284105627703,2.024629592895508,0.0
primary,0043_crew_babble_tir10,crew_babble,10.0,6.982830548354643,1.3927781581878662,0.9285465978031474,0.6994275421072813,7.022366317451882,6.982830548354643,3.31375669341977,2.1028990745544434,0.0
primary,0044_crew_babble_tir10,crew_babble,10.0,6.989423602520535,1.0717988014221191,0.7821388311309907,0.5429857365633853,6.974729686318951,6.989423602520535,4.685586756385825,1.4668264389038086,0.0
primary,0045_crew_babble_tir10,crew_babble,10.0,7.0220679253425775,1.0930795669555664,0.7996121237467937,0.6003165455609117,7.0635200171625705,7.0220679253425775,2.7304352746873097,1.4324791431427002,0.0
primary,0046_crew_babble_tir10,crew_babble,10.0,6.995201156684074,1.1203631162643433,0.8512162009349399,0.5561424664077127,6.995502895988874,6.995201156684074,1.60047475636176,1.5900659561157229,0.0
primary,0047_crew_babble_tir10,crew_babble,10.0,6.983119682322973,1.0755223035812378,0.7066854587578978,0.4752398056403513,6.96530420444966,6.983119682322973,1.5736660872062005,1.5693538188934326,0.0
primary,0048_crew_babble_tir10,crew_babble,10.0,6.989882390768647,1.1091861724853516,0.7922533728722551,0.6991481874724168,6.998720528706838,6.989882390768647,3.1227369625829424,1.4656033515930176,0.0
primary,0049_crew_babble_tir10,crew_babble,10.0,6.976901700928977,1.0750517845153809,0.8463550904208507,0.6329591706734514,6.979564724825771,6.976901700928977,2.097238423534951,1.3821388483047483,0.0
primary,0050_crew_babble_tir10,crew_babble,10.0,6.967577758024291,1.176984190940857,0.9242109320252088,0.7944658392268852,7.004321104812482,6.967577758024291,2.385934205925237,1.896390438079834,0.0
primary,0051_crew_babble_tir10,crew_babble,10.0,6.990521902372865,1.1258442401885986,0.8216549249480096,0.6277606347596406,6.98517064354073,6.990521902372865,0.7249979585171326,1.6307203769683838,0.0
primary,0052_crew_babble_tir10,crew_babble,10.0,6.979691654199824,1.1329128742218018,0.6226182806380186,0.4461945025722864,6.979439994279932,6.979691654199824,-0.4687927329443768,2.028230667114258,0.0
primary,0053_crew_babble_tir10,crew_babble,10.0,7.034076715826708,1.0861049890518188,0.7502020675641559,0.572759867802388,7.068804856633799,7.034076715826708,-0.2822566883098204,1.3791970014572144,0.0
primary,0054_crew_babble_tir10,crew_babble,10.0,6.960948622143098,1.0905370712280271,0.7745083694327091,0.5628418551729314,6.9466994360941055,6.960948622143098,1.3075135480995248,1.6612114906311035,0.0
primary,0055_crew_babble_tir10,crew_babble,10.0,6.994009484177733,1.0888826847076416,0.685269567717507,0.5386660528009592,6.966026724814661,6.994009484177733,3.5654452828007575,1.8937745094299316,0.0
primary,0056_crew_babble_tir10,crew_babble,10.0,7.001144317773101,1.1662936210632324,0.8171518791243703,0.5724751800905487,7.026113356194317,7.001144317773101,1.806506958339906,1.8571516275405884,0.0
primary,0057_crew_babble_tir10,crew_babble,10.0,7.006952499527093,1.0886722803115845,0.8347125845186252,0.5816306290622503,7.021929001214099,7.006952499527093,0.8228718979556405,1.7644007205963137,0.0
primary,0058_crew_babble_tir10,crew_babble,10.0,6.975402094075345,1.2435731887817385,0.8613623462888855,0.6671892116105573,6.971320895898647,6.975402094075345,2.162243751748544,1.677765727043152,0.0
primary,0059_crew_babble_tir10,crew_babble,10.0,7.014671402199102,1.142889142036438,0.7661458607176297,0.6107004137082108,7.001537895772484,7.014671402199102,3.3145381718451636,1.6681522130966189,0.0
logmmse,0000_crew_babble_tir00,crew_babble,0.0,-0.425789653376904,1.1079822778701782,0.5874640315420189,0.3078364245667493,-0.7536950836146955,0.8278273429609022,-0.7571655757433803,1.471528172492981,1.2536169963378063
logmmse,0001_crew_babble_tir00,crew_babble,0.0,-0.4199279428126132,1.066486358642578,0.4980716629895475,0.2510578364970456,0.2908716789105108,1.9170994588246435,-2.139996711055908,1.443439483642578,2.3370274016372568
logmmse,0002_crew_babble_tir00,crew_babble,0.0,-0.4214470164265093,1.1062551736831665,0.6604579858736187,0.3688065541253091,0.5849392257243293,1.3162216980263377,-3.203638209649435,1.6764482259750366,1.737668714452847
logmmse,0003_crew_babble_tir00,crew_babble,0.0,-0.432017564426873,1.0915048122406006,0.6189571261375293,0.3980501496218015,-0.6066851807260715,0.9177255422405682,-0.0701712826312992,1.503840446472168,1.3497431066674412
logmmse,0004_crew_babble_tir00,crew_babble,0.0,-0.3977605737786485,1.0440300703048706,0.5888092596885552,0.3327370170821922,-0.1992986538368815,0.7200737413301903,0.4769749814105238,1.217602014541626,1.1178343151088388
logmmse,0005_crew_babble_tir00,crew_babble,0.0,-0.4324836632949153,1.140980243682861,0.7087874170922396,0.5423947716913742,0.3412043010599616,1.1094156502449304,-2.6125071462044773,1.5635148286819458,1.5418993135398458
logmmse,0006_crew_babble_tir00,crew_babble,0.0,-0.4183316153777778,1.1458263397216797,0.6368872397622852,0.4605476047959731,-0.2289931061212538,0.5468785546542919,0.3831215867580675,1.5795906782150269,0.9652101700320695
logmmse,0007_crew_babble_tir00,crew_babble,0.0,-0.3941233521354236,1.0616228580474854,0.619209755954552,0.3925546963339896,-1.302799358517319,0.6338838955605098,-0.3466553074817788,1.460203766822815,1.0280072476959334
logmmse,0008_crew_babble_tir00,crew_babble,0.0,-0.4258645627133211,1.0706157684326172,0.6220365676095856,0.3346620491908517,0.2490471435049343,1.0092531411501575,0.2757465830520296,1.349421739578247,1.4351177038634786
logmmse,0009_crew_babble_tir00,crew_babble,0.0,-0.4346381004138508,1.0414737462997437,0.6057713418929446,0.30644495006382,-1.7681894268714815,1.058367006038059,-0.9238251262178292,1.349859595298767,1.49300510645191
logmmse,0010_crew_babble_tir00,crew_babble,0.0,-0.4092178141275786,1.1166597604751587,0.7226139309920174,0.5243353951413896,0.2179873283534186,1.063740004660875,-0.1119720599301495,1.5438159704208374,1.4729578187884536
logmmse,0011_crew_babble_tir00,crew_babble,0.0,-0.4046335131888041,1.0593574047088623,0.553862948468855,0.3569618144957771,0.6069292622439284,1.347803383955422,-1.1313053242036408,1.4078689813613892,1.752436897144226
logmmse,0012_crew_babble_tir00,crew_babble,0.0,-0.3982769242270795,1.1426247358322144,0.6787753418086886,0.5329211521699073,-0.3139237853953653,0.5850896472524546,-0.4096512453986677,1.6707404851913452,0.983366571479534
logmmse,0013_crew_babble_tir00,crew_babble,0.0,-0.407787825898992,1.0811254978179932,0.4629210018204272,0.2471501865814234,0.2070400462226701,1.428933082351368,-2.0829304553432566,1.456449270248413,1.83672090825036
logmmse,0014_crew_babble_tir00,crew_babble,0.0,-0.4271272056293143,1.0865646600723269,0.6831725229592813,0.3483986242195547,-0.3309791249519642,1.0636574480015597,-1.9564952215387317,1.5044360160827637,1.4907846536308738
logmmse,0015_crew_babble_tir00,crew_babble,0.0,-0.39754431139992,1.091575026512146,0.6103984181908226,0.3761715673420041,0.7928625592373555,1.788384249739765,-2.9574468175291746,1.3314214944839478,2.185928561139685
logmmse,0016_crew_babble_tir00,crew_babble,0.0,-0.4010021719144395,1.0842403173446655,0.6506256354023155,0.4185248395604093,-1.4132038976067611,1.0945793465319844,-2.154716527457299,1.4823719263076782,1.495581518446424
logmmse,0017_crew_babble_tir00,crew_babble,0.0,-0.4117845133944491,1.1105788946151731,0.6659931223278727,0.4793448642103722,-0.8110567902897481,0.4722292324786656,1.096350551071355,1.5060981512069702,0.8840137458731148
logmmse,0018_crew_babble_tir00,crew_babble,0.0,-0.3720878579974689,1.0769166946411133,0.6042875767070869,0.4173685839088423,-0.5028053594850447,1.173924972882792,0.099804107385607,1.37850821018219,1.546012830880261
logmmse,0019_crew_babble_tir00,crew_babble,0.0,-0.4116865394445719,1.0438588857650757,0.5326435840544624,0.3579056512164017,-0.2677949639481818,1.5330036200080113,-0.7515355116389368,1.5491535663604736,1.9446901594525832
logmmse,0020_crew_babble_tir05,crew_babble,5.0,3.8270418032191738,1.1983811855316162,0.7578938444496044,0.5206438039670934,5.158996329120285,5.8158831634084365,2.0104798063492297,1.9064562320709229,1.9888413601892627
logmmse,0021_crew_babble_tir05,crew_babble,5.0,3.7983654230757065,1.2720723152160645,0.7994659154871775,0.5699307907732807,3.652529947103958,5.099896001030464,2.6090215403057666,1.9385535717010496,1.3015305779547577
logmmse,0022_crew_babble_tir05,crew_babble,5.0,3.8421544558224063,1.208133101463318,0.7959182029875408,0.6367956433971736,4.6005659472238625,5.394615282959437,2.4311548699603978,1.8748631477355957,1.5524608271370304
logmmse,0023_crew_babble_tir05,crew_babble,5.0,3.815554480255996,1.115347385406494,0.7632429184413062,0.5041217825936357,3.7018365004407814,4.870230600155207,2.758186325790205,1.6927506923675537,1.0546761198992107
logmmse,0024_crew_babble_tir05,crew_babble,5.0,3.779686115691894,1.151927471160889,0.6807353208901751,0.5096038789907394,3.494541148810242,4.889181494716233,2.9276638706792686,1.5267376899719238,1.109495379024339
logmmse,0025_crew_babble_tir05,crew_babble,5.0,3.8404131183750407,1.1277787685394287,0.7160465378387002,0.5145284525062366,4.2884745511002125,5.281050924823906,2.779478248829652,1.530174732208252,1.4406378064488652
logmmse,0026_crew_babble_tir05,crew_babble,5.0,3.79557418485752,1.1465325355529783,0.7072622618724425,0.4632627217821273,4.780892502067524,5.9191911877582495,2.9480940236220596,1.7692995071411133,2.1236170029007297
logmmse,0027_crew_babble_tir05,crew_babble,5.0,3.782982886030296,1.2094030380249023,0.7301653750767418,0.4378910483222216,5.986362977300387,6.692450118209557,0.145096395152885,1.8023796081542969,2.909467232179261
logmmse,0028_crew_babble_tir05,crew_babble,5.0,3.7930313288106774,1.0733128786087036,0.6356794933596175,0.3847571674426526,5.686876671332155,6.333550770525602,3.024434630517676,1.3564453125,2.540519441714925
logmmse,0029_crew_babble_tir05,crew_babble,5.0,3.8363746733876543,1.0729734897613523,0.7132946142495844,0.5085380449182175,4.707252258424202,5.633284822567911,2.751858104526664,1.5605437755584717,1.7969101491802566
logmmse,0030_crew_babble_tir05,crew_babble,5.0,3.833101095186428,1.162173867225647,0.725538072924629,0.502278188450958,4.335602534962156,5.511861746783784,2.483441239604553,1.6098417043685913,1.678760651597356
logmmse,0031_crew_babble_tir05,crew_babble,5.0,3.7999473219248423,1.1714963912963867,0.7980827345646436,0.5347154886402089,5.516422558645637,6.124555612858721,1.3767671604668654,1.6835891008377075,2.3246082909338783
logmmse,0032_crew_babble_tir05,crew_babble,5.0,3.815087374388442,1.1878639459609983,0.7553783829563696,0.5912667489514837,3.2890271911186897,4.681660920760594,4.1892635959634905,1.7959160804748535,0.8665735463721518
logmmse,0033_crew_babble_tir05,crew_babble,5.0,3.779949955660755,1.052649974822998,0.654601963264314,0.4935028635082248,3.3344383090291094,4.766146713317435,2.9555917834337553,1.4058558940887451,0.9861967576566806
logmmse,0034_crew_babble_tir05,crew_babble,5.0,3.768831181971844,1.142258644104004,0.6824652336211783,0.5101340916944964,4.8570662724226334,6.038871981125723,1.622791113134145,1.4735028743743896,2.2700407991538794
logmmse,0035_crew_babble_tir05,crew_babble,5.0,3.838585402507532,1.0703485012054443,0.7966798344621461,0.6334271546623188,5.181579360424409,5.724433171680148,5.036355345368588,1.3617089986801147,1.8858477691726152
logmmse,0036_crew_babble_tir05,crew_babble,5.0,3.808431273409863,1.0621716976165771,0.6547359638910049,0.4852164779242855,3.5918771408324357,4.846329058979269,3.0654463054280683,1.443237066268921,1.0378977855694065
logmmse,0037_crew_babble_tir05,crew_babble,5.0,3.78258625172706,1.1972172260284424,0.8485921689216755,0.7025240068000904,5.396336881464297,6.142420098700092,2.063333553795487,1.7191718816757202,2.359833846973032
logmmse,0038_crew_babble_tir05,crew_babble,5.0,3.7746994432419294,1.2387642860412598,0.6976511983175216,0.5148836738782233,4.37954503898211,5.381166232727898,2.8241843942278866,1.642134666442871,1.6064667894859683
logmmse,0039_crew_babble_tir05,crew_babble,5.0,3.886900418560036,1.1459884643554688,0.7710463251219671,0.6055223869314913,5.662337698592329,6.27837676885635,3.5914815125849175,1.8978285789489744,2.391476350296314
logmmse,0040_crew_babble_tir10,crew_babble,10.0,6.991238067673243,1.5284388065338137,0.813480535597193,0.6489606762279494,7.972459738403639,8.514501263286878,2.830225283084552,2.189807653427124,1.5232631956136349
logmmse,0041_crew_babble_tir10,crew_babble,10.0,6.998457343577994,1.1630393266677856,0.7012064772652292,0.5932711521263869,9.629093830740272,9.994385891323812,5.767739571745082,1.6841336488723757,2.995928547745818
logmmse,0042_crew_babble_tir10,crew_babble,10.0,7.009422432707888,1.4940576553344729,0.8389472075613349,0.6608024624979402,6.899110164962726,7.687736466039574,1.6263825841570432,2.2074453830718994,0.6783140333316862
logmmse,0043_crew_babble_tir10,crew_babble,10.0,6.982830548354643,1.4707145690917969,0.9022751889437792,0.7139120084381115,8.903146476042004,9.421979461835573,5.04768633598323,2.342921257019043,2.4391489134809294
logmmse,0044_crew_babble_tir10,crew_babble,10.0,6.989423602520535,1.124966740608215,0.7568242652098534,0.5473678796056888,6.957366703808663,7.74826811298837,5.874358257199517,1.5241817235946655,0.758844510467835
logmmse,0045_crew_babble_tir10,crew_babble,10.0,7.0220679253425775,1.184317708015442,0.7734767868238772,0.5949975854892684,8.789287166587595,9.291418970841768,5.192052131359733,1.5536448955535889,2.2693510454991905
logmmse,0046_crew_babble_tir10,crew_babble,10.0,6.995201156684074,1.2671689987182615,0.824204793668536,0.5434686457002141,9.77083662029614,10.188971203091253,4.577965536125697,1.7888630628585815,3.1937700464071783
logmmse,0047_crew_babble_tir10,crew_babble,10.0,6.983119682322973,1.211983561515808,0.6761974306033277,0.4809545131834457,4.248720393549083,5.589887800006324,4.079790390683681,1.727729082107544,-1.3932318823166483
logmmse,0048_crew_babble_tir10,crew_babble,10.0,6.989882390768647,1.2059247493743896,0.7830851279654528,0.7061381664670613,6.765490536897395,7.568435449057271,6.541691613031606,1.641826868057251,0.578553058288624
logmmse,0049_crew_babble_tir10,crew_babble,10.0,6.976901700928977,1.265105128288269,0.8133177695361455,0.6280339231900784,8.997092592796209,9.511655558136518,4.920124172400425,1.7059284448623655,2.5347538572075408
logmmse,0050_crew_babble_tir10,crew_babble,10.0,6.967577758024291,1.2985693216323853,0.9054524279963908,0.7872176843960611,9.83002474881122,10.168810845030023,4.326683507686851,2.003014087677002,3.2012330870057344
logmmse,0051_crew_babble_tir10,crew_babble,10.0,6.990521902372865,1.2364888191223145,0.7965726072484743,0.6284281129286587,6.377457822771964,7.267212186805261,1.842611929512252,1.776382327079773,0.2766902844323962
logmmse,0052_crew_babble_tir10,crew_babble,10.0,6.979691654199824,1.4070215225219729,0.6122626933830729,0.4514061713421969,9.05842272669592,9.411800904518028,1.7187519780819187,2.3067121505737305,2.432109250318204
logmmse,0053_crew_babble_tir10,crew_babble,10.0,7.034076715826708,1.149515986442566,0.706044598126762,0.581761740218266,8.505841771059403,9.049950992464405,2.621885269871754,1.4160661697387695,2.015874276637697
logmmse,0054_crew_babble_tir10,crew_babble,10.0,6.960948622143098,1.31719970703125,0.7554594623796719,0.5817312908280104,8.949590271285913,9.470118262269,4.554537875445536,1.99939227104187,2.5091696401259007
logmmse,0055_crew_babble_tir10,crew_babble,10.0,6.994009484177733,1.1611628532409668,0.6533635128763594,0.5218600724139151,8.634127180096357,9.175929687604649,5.770042216872771,1.9855912923812864,2.1819202034269143
logmmse,0056_crew_babble_tir10,crew_babble,10.0,7.001144317773101,1.3002091646194458,0.7751560823226893,0.5823346476211232,8.267294064186824,8.86907275102926,4.038322423392595,2.042851448059082,1.867928433256158
logmmse,0057_crew_babble_tir10,crew_babble,10.0,7.006952499527093,1.179145574569702,0.8028237833027715,0.5777092199176714,4.8808492590201835,6.100429688741642,2.8438824946200754,1.8609346151351929,-0.906522810785451
logmmse,0058_crew_babble_tir10,crew_babble,10.0,6.975402094075345,1.3426471948623655,0.8346194497484285,0.6485638273062769,9.113835859104167,9.552001830403258,4.281287297369693,1.8558517694473269,2.576599736327913
logmmse,0059_crew_babble_tir10,crew_babble,10.0,7.014671402199102,1.3749125003814695,0.7609014998914394,0.643257121372548,8.339692478687782,8.928350962918485,6.30316130739994,2.170804977416992,1.9136795607193824
dnn:hqft,0000_crew_babble_tir00,crew_babble,0.0,-0.425789653376904,1.1198787689208984,0.6388263808072316,0.3651573541371257,-0.2193622320328124,0.4586096649924686,0.1008376112458991,1.5415959358215332,0.8843993183693726
dnn:hqft,0001_crew_babble_tir00,crew_babble,0.0,-0.4199279428126132,1.0906976461410522,0.5496261455771905,0.3022418576295835,0.8102073036978118,1.227833443042476,-1.8219504446917365,1.564650535583496,1.6477613858550892
dnn:hqft,0002_crew_babble_tir00,crew_babble,0.0,-0.4214470164265093,1.11922287940979,0.7134302834843539,0.4465929948710533,0.1990621968492877,0.4167722740539881,-2.3567233437402586,1.6296021938323977,0.8382192904804975
dnn:hqft,0003_crew_babble_tir00,crew_babble,0.0,-0.432017564426873,1.124405860900879,0.6676651071382517,0.463108428204545,0.2761548212250411,0.5837468424330042,0.9487764093324362,1.3447017669677734,1.0157644068598772
dnn:hqft,0004_crew_babble_tir00,crew_babble,0.0,-0.3977605737786485,1.058830738067627,0.6126502082283947,0.3614958887178331,-0.3630255680554845,0.0592089009352028,1.40530507440152,1.2792377471923828,0.4569694747138513
dnn:hqft,0005_crew_babble_tir00,crew_babble,0.0,-0.4324836632949153,1.1601083278656006,0.7530069348752934,0.595144010267085,0.3211724760928265,0.2697767062489137,-1.8112717598256396,1.670555830001831,0.702260369543829
dnn:hqft,0006_crew_babble_tir00,crew_babble,0.0,-0.4183316153777778,1.1893823146820068,0.6625222931398493,0.4670465767156865,0.1576014312124344,0.3808972868607524,1.3964977377700258,1.6554334163665771,0.7992289022385303
dnn:hqft,0007_crew_babble_tir00,crew_babble,0.0,-0.3941233521354236,1.090404987335205,0.6510384710505467,0.4195377581510047,-0.7918209731892492,1.0105164525590244,0.8672710576710804,1.50907564163208,1.404639804694448
dnn:hqft,0008_crew_babble_tir00,crew_babble,0.0,-0.4258645627133211,1.0917764902114868,0.6860591359443076,0.402748626837655,-0.1425240587700157,0.1421897158515364,0.7449243389534834,1.4444862604141235,0.5680542785648576
dnn:hqft,0009_crew_babble_tir00,crew_babble,0.0,-0.4346381004138508,1.069309115409851,0.6876460777254183,0.3674577881798356,0.3563498527014457,1.4368586431131232,-0.0314542224750048,1.4165961742401123,1.871496743526974
dnn:hqft,0010_crew_babble_tir00,crew_babble,0.0,-0.4092178141275786,1.1761656999588013,0.7820104528099652,0.5894492993986419,0.1969873102294223,0.2099424471579694,0.4820002077613066,1.684655785560608,0.619160261285548
dnn:hqft,0011_crew_babble_tir00,crew_babble,0.0,-0.4046335131888041,1.0732908248901367,0.5763536416347758,0.3527606764496243,-0.3501491252685634,0.2023435177031184,-1.9873497656141497,1.41362726688385,0.6069770308919225
dnn:hqft,0012_crew_babble_tir00,crew_babble,0.0,-0.3982769242270795,1.172917723655701,0.7210339927273806,0.5774354675546662,0.1052839511216041,0.0845349724300302,0.0700850502181675,1.750670075416565,0.4828118966571098
dnn:hqft,0013_crew_babble_tir00,crew_babble,0.0,-0.407787825898992,1.0952941179275513,0.4730820556685995,0.2877703573195859,0.4521612774473139,1.5728020628977055,-0.8452155869676831,1.5148513317108154,1.9805898887966975
dnn:hqft,0014_crew_babble_tir00,crew_babble,0.0,-0.4271272056293143,1.1104092597961426,0.7180579835009535,0.3742378165653699,-0.0880058066096577,0.6286935343006695,-1.5766817777850295,1.6079765558242798,1.0558207399299837
dnn:hqft,0015_crew_babble_tir00,crew_babble,0.0,-0.39754431139992,1.1343787908554075,0.6373397303932202,0.3784375409755206,0.7352265934527891,1.4860938657622782,-2.070181055656256,1.3983254432678225,1.8836381771621984
dnn:hqft,0016_crew_babble_tir00,crew_babble,0.0,-0.4010021719144395,1.1195987462997437,0.6663092751294096,0.4402467324614918,-0.6693735338130362,0.9963211150448842,-0.984278285158834,1.492271065711975,1.3973232869593235
dnn:hqft,0017_crew_babble_tir00,crew_babble,0.0,-0.4117845133944491,1.133150577545166,0.7088519174374425,0.492803190058444,-1.2594803010152842,-0.4650926645387878,1.6420252274971436,1.5662429332733154,-0.0533081511443387
dnn:hqft,0018_crew_babble_tir00,crew_babble,0.0,-0.3720878579974689,1.1027475595474243,0.7001725616402305,0.5352847956540584,1.63480227020095,2.0392319230390585,1.521031857567268,1.4078733921051023,2.4113197810365277
dnn:hqft,0019_crew_babble_tir00,crew_babble,0.0,-0.4116865394445719,1.0862059593200684,0.5696914588834217,0.3884634692462871,0.855032937923242,1.431392265171347,-0.1341642742900816,1.614072322845459,1.843078804615919
dnn:hqft,0020_crew_babble_tir05,crew_babble,5.0,3.8270418032191738,1.202749729156494,0.7943734583916249,0.5751967401162504,5.325040079498652,5.262599926848372,2.67132687083938,1.7637532949447632,1.4355581236291983
dnn:hqft,0021_crew_babble_tir05,crew_babble,5.0,3.7983654230757065,1.4868507385253906,0.8710595701770982,0.660567057421144,6.112470497839915,6.431449243617406,4.925285186093147,2.351074695587158,2.6330838205416995
dnn:hqft,0022_crew_babble_tir05,crew_babble,5.0,3.8421544558224063,1.253938913345337,0.8400329159779818,0.6925132197483121,5.399547617353242,5.387317791086534,3.456494679530926,2.025789976119995,1.5451633352641276
dnn:hqft,0023_crew_babble_tir05,crew_babble,5.0,3.815554480255996,1.1495763063430786,0.8201972635289042,0.5750020729332809,5.315435991276422,5.2512508542521825,2.7388625759011096,1.795949935913086,1.4356963739961863
dnn:hqft,0024_crew_babble_tir05,crew_babble,5.0,3.779686115691894,1.2372174263000488,0.764335779243479,0.6325587155946674,6.694385158521402,6.684795477954371,5.007607710287156,1.7066155672073364,2.9051093622624764
dnn:hqft,0025_crew_babble_tir05,crew_babble,5.0,3.8404131183750407,1.1466176509857178,0.7861102536338868,0.5877842333909803,5.6398503525367305,5.4394321573094455,4.292510118420762,1.604547142982483,1.5990190389344048
dnn:hqft,0026_crew_babble_tir05,crew_babble,5.0,3.79557418485752,1.288240909576416,0.7877522497718668,0.5926887065211152,6.245035585789226,6.591484186993651,4.241451835979809,2.0450263023376465,2.7959100021361314
dnn:hqft,0027_crew_babble_tir05,crew_babble,5.0,3.782982886030296,1.2277785539627075,0.7696267432447604,0.4608844384838438,5.497794740045817,6.123729672069018,0.9189031108429142,1.8329455852508545,2.3407467860387223
dnn:hqft,0028_crew_babble_tir05,crew_babble,5.0,3.7930313288106774,1.1065752506256104,0.6898916839256722,0.4036698146321175,5.4317167837229965,5.725920596501792,3.4513113974724745,1.4364933967590332,1.932889267691115
dnn:hqft,0029_crew_babble_tir05,crew_babble,5.0,3.8363746733876543,1.1016740798950195,0.7727811467107691,0.5534682599999583,5.077632783326621,5.408652319149219,3.3084856931793825,1.557477951049805,1.5722776457615644
dnn:hqft,0030_crew_babble_tir05,crew_babble,5.0,3.833101095186428,1.301735758781433,0.8204293664573505,0.6428021080582168,6.352849155076631,6.691874817393994,4.796640066601802,2.0998668670654297,2.858773722207566
dnn:hqft,0031_crew_babble_tir05,crew_babble,5.0,3.7999473219248423,1.2417125701904297,0.8761406603039265,0.6349859043413554,5.591448254001138,5.359379999431186,2.569763102630374,1.834824800491333,1.5594326775063436
dnn:hqft,0032_crew_babble_tir05,crew_babble,5.0,3.815087374388442,1.3134870529174805,0.8239970454014988,0.6697739786152392,5.424841249402611,5.448179930915744,5.656993986065628,1.9957098960876465,1.633092556527302
dnn:hqft,0033_crew_babble_tir05,crew_babble,5.0,3.779949955660755,1.0671930313110352,0.7074521034096206,0.5190096350133103,4.181035231623255,5.130040602137461,4.135891702001253,1.4744038581848145,1.3500906464767062
dnn:hqft,0034_crew_babble_tir05,crew_babble,5.0,3.768831181971844,1.2139928340911863,0.7646073892157974,0.591637637271872,7.094298805444525,6.989821542215207,3.716547101515931,1.5691370964050293,3.220990360243363
dnn:hqft,0035_crew_babble_tir05,crew_babble,5.0,3.838585402507532,1.1092283725738523,0.8705120945495227,0.7419192924932817,6.232567621375732,6.072247563621501,7.129275274217471,1.486979603767395,2.233662161113969
dnn:hqft,0036_crew_babble_tir05,crew_babble,5.0,3.808431273409863,1.0922380685806274,0.7066854147060557,0.550043147367803,4.188797371677251,4.829872477850735,4.4259512112178605,1.453894853591919,1.021441204440872
dnn:hqft,0037_crew_babble_tir05,crew_babble,5.0,3.78258625172706,1.222825288772583,0.9095224081354568,0.7576770055620877,5.3737105914652545,5.4017980975434305,2.674605473453896,1.873843550682068,1.619211845816371
dnn:hqft,0038_crew_babble_tir05,crew_babble,5.0,3.7746994432419294,1.2968254089355469,0.7784001803460567,0.6302719744029452,2.385282470937988,3.710903575447057,3.8446099799026983,1.8105512857437136,-0.0637958677948722
dnn:hqft,0039_crew_babble_tir05,crew_babble,5.0,3.886900418560036,1.1906673908233645,0.8404894737486434,0.6700184150286291,6.483435348957343,6.300041708507523,3.770352103428781,2.04252290725708,2.4131412899474873
dnn:hqft,0040_crew_babble_tir10,crew_babble,10.0,6.991238067673243,1.5401644706726074,0.8891563956752369,0.7338120713607549,10.663374899622266,10.299897500912428,4.684458932822461,2.358970880508423,3.3086594332391845
dnn:hqft,0041_crew_babble_tir10,crew_babble,10.0,6.998457343577994,1.260970950126648,0.7584798576971693,0.6478921653128557,11.94272206224035,11.364636355058575,7.524818894403261,1.794746160507202,4.366179011480582
dnn:hqft,0042_crew_babble_tir10,crew_babble,10.0,7.009422432707888,1.614457130432129,0.9193886333649302,0.7665752931743469,10.414076923055994,10.288496919285755,3.341143377243362,2.460672616958618,3.279074486577869
dnn:hqft,0043_crew_babble_tir10,crew_babble,10.0,6.982830548354643,1.6675851345062256,0.9442026568477389,0.761627596021698,9.850472991466305,9.783132580043718,5.627953461128679,2.6582937240600586,2.8003020316890748
dnn:hqft,0044_crew_babble_tir10,crew_babble,10.0,6.989423602520535,1.4973540306091309,0.858018667986497,0.6998711693462958,12.64613218498672,12.49864143297316,10.223266058767566,2.143930673599243,5.509217830452624
dnn:hqft,0045_crew_babble_tir10,crew_babble,10.0,7.0220679253425775,1.5855590105056765,0.8815988210385859,0.7652943870992194,12.562843524970004,12.215214196351797,7.646862687352019,2.2601027488708496,5.193146271009217
dnn:hqft,0046_crew_babble_tir10,crew_babble,10.0,6.995201156684074,1.3278777599334717,0.8645222138886433,0.6378766975231228,9.876925279340352,9.94047853275886,5.233206721232081,1.811445713043213,2.9452773760747855
dnn:hqft,0047_crew_babble_tir10,crew_babble,10.0,6.983119682322973,1.4437319040298462,0.7620420225453365,0.5841460181106626,10.957186728253202,10.91309798446808,6.512252917852996,2.0442934036254883,3.929978302145108
dnn:hqft,0048_crew_babble_tir10,crew_babble,10.0,6.989882390768647,1.336960792541504,0.8586278234019034,0.8081024435916087,10.534163781393582,10.042002634014215,9.090254655361102,1.930093050003052,3.05212024324557
dnn:hqft,0049_crew_babble_tir10,crew_babble,10.0,6.976901700928977,1.308068037033081,0.8812621093595846,0.7331584336686445,10.086082919811666,9.796409007778644,6.017467284386891,1.789247989654541,2.819507306849667
dnn:hqft,0050_crew_babble_tir10,crew_babble,10.0,6.967577758024291,1.452367901802063,0.9467994131214204,0.8652923111609828,10.531029555522087,10.20874085503701,6.049190042020678,2.188019275665283,3.24116309701272
dnn:hqft,0051_crew_babble_tir10,crew_babble,10.0,6.990521902372865,1.4555411338806152,0.8811332543663439,0.7382919279867409,10.827563823186512,10.61070260944312,4.439234358206995,2.075251817703247,3.620180707070255
dnn:hqft,0052_crew_babble_tir10,crew_babble,10.0,6.979691654199824,1.6474685668945312,0.6656741863588849,0.5182301213315338,11.447515560128108,11.280332767412178,3.3968962000744396,2.4601900577545166,4.300641113212354
dnn:hqft,0053_crew_babble_tir10,crew_babble,10.0,7.034076715826708,1.2521135807037354,0.7836106901541139,0.6680202736290037,11.41448923386752,10.913197147007086,4.218959714118875,1.5672069787979126,3.879120431180378
dnn:hqft,0054_crew_babble_tir10,crew_babble,10.0,6.960948622143098,1.7239067554473877,0.842902257303452,0.7395175431906305,11.425716808263797,11.427746404158954,6.625515677458265,2.5197129249572754,4.466797782015856
dnn:hqft,0055_crew_babble_tir10,crew_babble,10.0,6.994009484177733,1.1782972812652588,0.6939360933176904,0.5515219813021242,8.478305613736076,8.876914015536652,5.656424751991114,2.0489425659179688,1.8829045313589192
dnn:hqft,0056_crew_babble_tir10,crew_babble,10.0,7.001144317773101,1.550887107849121,0.8841493550476734,0.7230015906459258,10.219205695416704,10.104588664686371,5.997779052859193,2.3890790939331055,3.103444346913272
dnn:hqft,0057_crew_babble_tir10,crew_babble,10.0,7.006952499527093,1.2454984188079834,0.8744732433307314,0.6585433369236143,10.301149945682406,10.149425028963886,5.055247404866286,2.1226513385772705,3.1424725294367937
dnn:hqft,0058_crew_babble_tir10,crew_babble,10.0,6.975402094075345,1.722587823867798,0.9303528765278688,0.8183420924704425,11.334680090338075,10.91438568251764,7.007276690649107,2.390714406967163,3.9389835884422952
dnn:hqft,0059_crew_babble_tir10,crew_babble,10.0,7.014671402199102,1.464181423187256,0.8281049407685493,0.7266111556243936,9.514514283866667,9.50970394197753,7.303958408528368,2.3878326416015625,2.4950325397784283
hybrid:hqft,0000_crew_babble_tir00,crew_babble,0.0,-0.425789653376904,1.158797025680542,0.7071740968314105,0.4306245717604155,1.822961649804968,2.373840572342883,1.9556880463897863,1.5669341087341309,2.799630225719787
hybrid:hqft,0001_crew_babble_tir00,crew_babble,0.0,-0.4199279428126132,1.1286526918411257,0.6251369109363322,0.3873469770313126,3.529563314799608,3.742491303441061,0.1080054995159415,1.6898016929626465,4.162419246253674
hybrid:hqft,0002_crew_babble_tir00,crew_babble,0.0,-0.4214470164265093,1.2992838621139526,0.8648261264605464,0.7141594380682218,7.066318980634377,7.535756993808383,1.6170532080880102,2.003957986831665,7.957204010234893
hybrid:hqft,0003_crew_babble_tir00,crew_babble,0.0,-0.432017564426873,1.2133080959320068,0.7580568933737013,0.5975926691431457,6.0606107053129845,6.379601184921774,5.315084709996319,1.7986156940460205,6.811618749348647
hybrid:hqft,0004_crew_babble_tir00,crew_babble,0.0,-0.3977605737786485,1.0998764038085938,0.6461179799869979,0.4000563259175033,1.3943450200228753,1.8224215306446865,2.7300536488884606,1.285985231399536,2.220182104423335
hybrid:hqft,0005_crew_babble_tir00,crew_babble,0.0,-0.4324836632949153,1.1978416442871094,0.8016280937368929,0.6755650594923536,2.429330334502264,2.390438122984289,-0.7171047900105149,1.7323005199432373,2.8229217862792044
hybrid:hqft,0006_crew_babble_tir00,crew_babble,0.0,-0.4183316153777778,1.257305145263672,0.7175332107089607,0.5438004953662778,1.087170181102871,1.3276340870273582,3.2280758439156805,1.7763886451721191,1.745965702405136
hybrid:hqft,0007_crew_babble_tir00,crew_babble,0.0,-0.3941233521354236,1.1710206270217896,0.7802916907077708,0.5850156010976385,7.070375897048983,7.846404406369025,4.937512000546085,1.796525239944458,8.240527758504449
hybrid:hqft,0008_crew_babble_tir00,crew_babble,0.0,-0.4258645627133211,1.193116307258606,0.7800996281157752,0.5569905967914424,2.978819420726179,3.316560139862212,3.7675708499305647,1.6322977542877195,3.742424702575533
hybrid:hqft,0009_crew_babble_tir00,crew_babble,0.0,-0.4346381004138508,1.1367560625076294,0.7959953650379684,0.5304220243494221,5.297054224122015,6.0214891041306915,3.645275979218947,1.5686395168304443,6.456127204544543
hybrid:hqft,0010_crew_babble_tir00,crew_babble,0.0,-0.4092178141275786,1.2226266860961914,0.8137185077269723,0.6240895897141389,0.7468756864273364,0.9565339720426472,1.52198328496821,1.7943198680877686,1.365751786170226
hybrid:hqft,0011_crew_babble_tir00,crew_babble,0.0,-0.4046335131888041,1.0902589559555054,0.6201969827479361,0.4015067866242776,1.2321099256161565,1.8535687971350072,-0.5536921471218952,1.4947843551635742,2.2582023103238114
hybrid:hqft,0012_crew_babble_tir00,crew_babble,0.0,-0.3982769242270795,1.197310209274292,0.7947972052688316,0.6605748461855401,3.0608980274665836,4.088973209754049,1.3008609828721274,1.8574297428131104,4.487250133981129
hybrid:hqft,0013_crew_babble_tir00,crew_babble,0.0,-0.407787825898992,1.1341466903686523,0.581372907681534,0.403475994161582,3.846007429365781,4.769441278277183,2.611533505077612,1.7803277969360352,5.177229104176175
hybrid:hqft,0014_crew_babble_tir00,crew_babble,0.0,-0.4271272056293143,1.1582399606704712,0.7726218245509565,0.4536443304687985,1.038814246460921,1.7530365123392098,-0.0780814511605481,1.676081895828247,2.180163717968524
hybrid:hqft,0015_crew_babble_tir00,crew_babble,0.0,-0.39754431139992,1.126761555671692,0.6800192037405511,0.4464727305910878,2.8112087813043822,3.82495843781207,-0.3494753035396368,1.460466980934143,4.22250274921199
hybrid:hqft,0016_crew_babble_tir00,crew_babble,0.0,-0.4010021719144395,1.187865138053894,0.7980158853211863,0.5981988398222393,4.274952328846668,5.469047566841808,0.8690952538875035,1.766068935394287,5.870049738756247
hybrid:hqft,0017_crew_babble_tir00,crew_babble,0.0,-0.4117845133944491,1.1473817825317385,0.7285464053885686,0.5227133581425756,-0.2214203995799532,0.831318382752101,2.760046667692301,1.6079132556915283,1.2431028961465502
hybrid:hqft,0018_crew_babble_tir00,crew_babble,0.0,-0.3720878579974689,1.1562966108322144,0.7579092023090336,0.6148466698771786,3.4413862761927314,3.794853631460934,3.1381628867397344,1.517369031906128,4.166941489458403
hybrid:hqft,0019_crew_babble_tir00,crew_babble,0.0,-0.4116865394445719,1.1586759090423584,0.7064970520459868,0.522940223578562,3.9440640253692623,4.659697926041138,2.535964589455343,1.809053659439087,5.0713844654857105
hybrid:hqft,0020_crew_babble_tir05,crew_babble,5.0,3.8270418032191738,1.381925344467163,0.8722923498901738,0.7350182472442993,8.756065385114887,8.787227768552526,5.49432907812824,1.998903512954712,4.960185965333352
hybrid:hqft,0021_crew_babble_tir05,crew_babble,5.0,3.7983654230757065,1.594169855117798,0.8889723113419427,0.699698078964889,7.431101913936007,7.762793574354698,6.022039771152223,2.45278263092041,3.964428151278992
hybrid:hqft,0022_crew_babble_tir05,crew_babble,5.0,3.8421544558224063,1.319791555404663,0.8711504906903712,0.7384752676676535,6.589794053709015,6.827781658120231,5.379348802535384,2.1201205253601074,2.9856272022978243
hybrid:hqft,0023_crew_babble_tir05,crew_babble,5.0,3.815554480255996,1.2010838985443115,0.8607953951441917,0.6429662670581802,7.631244735478324,8.071099907084786,5.337541141993144,1.8980088233947752,4.255545426828791
hybrid:hqft,0024_crew_babble_tir05,crew_babble,5.0,3.779686115691894,1.370733618736267,0.8154302898083736,0.7127481072830661,8.407884982697846,8.705209008191986,7.519435109313538,1.8724725246429443,4.925522892500092
hybrid:hqft,0025_crew_babble_tir05,crew_babble,5.0,3.8404131183750407,1.272961139678955,0.8464725479388643,0.6940679988752874,9.637858278716225,9.851853108441055,6.066201656324022,1.836573362350464,6.011439990066014
hybrid:hqft,0026_crew_babble_tir05,crew_babble,5.0,3.79557418485752,1.4877920150756836,0.8577375265398942,0.684396002062448,8.886020988708749,9.102608316704355,6.810424506776209,2.321373701095581,5.3070341318468355
hybrid:hqft,0027_crew_babble_tir05,crew_babble,5.0,3.782982886030296,1.5293817520141602,0.8463483513442216,0.577385239711894,10.096193044793916,10.40703456483878,6.280165334715639,2.277147054672241,6.624051678808484
hybrid:hqft,0028_crew_babble_tir05,crew_babble,5.0,3.7930313288106774,1.3469946384429932,0.8759153942433984,0.6375800974058833,9.957478955610236,10.314255183812293,7.2609713621514596,1.9399206638336184,6.521223855001615
hybrid:hqft,0029_crew_babble_tir05,crew_babble,5.0,3.8363746733876543,1.141492247581482,0.8262667887644521,0.6524998184912226,8.330180767810841,8.771187676352683,6.720448363450271,1.682579517364502,4.934813002965029
hybrid:hqft,0030_crew_babble_tir05,crew_babble,5.0,3.833101095186428,1.4190000295639038,0.8619922699848382,0.6988149238896462,8.873034165694152,9.154943086260142,6.648704233822195,2.2946090698242188,5.321841991073714
hybrid:hqft,0031_crew_babble_tir05,crew_babble,5.0,3.7999473219248423,1.365033745765686,0.9227174091291116,0.7640347372853713,7.721609319445731,7.509153167051269,4.708935146356744,1.9620882272720337,3.7092058451264265
hybrid:hqft,0032_crew_babble_tir05,crew_babble,5.0,3.815087374388442,1.4785009622573853,0.8746574491279235,0.7488099245229137,6.843544903201631,7.316503520956812,7.665009946484985,2.313966751098633,3.5014161465683697
hybrid:hqft,0033_crew_babble_tir05,crew_babble,5.0,3.779949955660755,1.0888962745666504,0.7786639817684181,0.6308808127933369,5.26527347368526,6.220445522835649,5.150101936837314,1.626939296722412,2.4404955671748945
hybrid:hqft,0034_crew_babble_tir05,crew_babble,5.0,3.768831181971844,1.225992202758789,0.7960608190134221,0.627493771147888,7.675653342797984,8.32677855709862,4.881281269907817,1.5653696060180664,4.557947375126776
hybrid:hqft,0035_crew_babble_tir05,crew_babble,5.0,3.838585402507532,1.1297547817230225,0.8897890089672958,0.7858116899570231,6.387744093067029,7.230459508843953,5.844630014981518,1.6572846174240112,3.391874106336421
hybrid:hqft,0036_crew_babble_tir05,crew_babble,5.0,3.808431273409863,1.1009546518325806,0.7222772164162078,0.5763461794490115,4.248284139584094,5.255587149713516,5.013048344239103,1.4928269386291504,1.4471558763036527
hybrid:hqft,0037_crew_babble_tir05,crew_babble,5.0,3.78258625172706,1.4164667129516602,0.945024896201958,0.8328074437543777,8.145681489471347,8.5225817497841,4.274647025899434,2.15614914894104,4.7399954980570405
hybrid:hqft,0038_crew_babble_tir05,crew_babble,5.0,3.7746994432419294,1.3684263229370115,0.824777975537986,0.6952478417223237,4.1985769137939135,5.555366557015606,4.966274674965644,1.8765432834625244,1.780667113773677
hybrid:hqft,0039_crew_babble_tir05,crew_babble,5.0,3.886900418560036,1.4131896495819092,0.901781108063485,0.780041594448199,10.102402941104089,10.324371869565386,6.791914340096035,2.342578649520874,6.437471451005351
hybrid:hqft,0040_crew_babble_tir10,crew_babble,10.0,6.991238067673243,1.642440676689148,0.902812704614008,0.7713449759719019,9.868862220612112,10.277858642876064,5.093157336375315,2.4408669471740723,3.2866205752028224
hybrid:hqft,0041_crew_babble_tir10,crew_babble,10.0,6.998457343577994,1.4546351432800293,0.8195761264558319,0.7134948018110866,16.21500861035418,16.314967156905336,11.677832696056852,2.0392801761627197,9.316509813327343
hybrid:hqft,0042_crew_babble_tir10,crew_babble,10.0,7.009422432707888,1.725710153579712,0.9427976816168552,0.8459901411810468,11.414073856925135,11.710356180034225,5.158721470587986,2.5316483974456787,4.700933747326335
hybrid:hqft,0043_crew_babble_tir10,crew_babble,10.0,6.982830548354643,1.835246443748474,0.9647741691881132,0.824601049371273,13.489413814553163,13.584411784143091,9.261370643486163,2.809236526489258,6.601581235788448
hybrid:hqft,0044_crew_babble_tir10,crew_babble,10.0,6.989423602520535,1.645164966583252,0.8698367945409157,0.7286849575323597,10.027803026498352,9.798340389136614,8.168304012997893,2.3030245304107666,2.808916786616079
hybrid:hqft,0045_crew_babble_tir10,crew_babble,10.0,7.0220679253425775,1.5828007459640503,0.8670238620897318,0.7663225658075342,9.789201359491177,9.548938041837818,5.938891275193709,2.277668714523315,2.5268701164952407
hybrid:hqft,0046_crew_babble_tir10,crew_babble,10.0,6.995201156684074,1.4042197465896606,0.8900442804457189,0.6916766018123316,11.976844188728965,12.151623539666025,6.711400453865831,1.983190417289734,5.156422382981948
hybrid:hqft,0047_crew_babble_tir10,crew_babble,10.0,6.983119682322973,1.5020747184753418,0.7757982867950697,0.6092345698893226,10.972353028220454,11.294320323276004,7.051019768589707,2.047659397125244,4.3112006409530315
hybrid:hqft,0048_crew_babble_tir10,crew_babble,10.0,6.989882390768647,1.4059679508209229,0.8781283503242089,0.8409927529743757,11.16843878017094,11.487741081052576,10.373191226370116,1.9708380699157717,4.497858690283929
hybrid:hqft,0049_crew_babble_tir10,crew_babble,10.0,6.976901700928977,1.393677830696106,0.9081858436993864,0.802062191870801,10.562613784553657,10.850517383481916,6.6107046756308465,1.865366816520691,3.8736156825529378
hybrid:hqft,0050_crew_babble_tir10,crew_babble,10.0,6.967577758024291,1.4847354888916016,0.952428904714551,0.8796257205987763,11.249378048666657,11.06411584077102,6.839965659483001,2.2085936069488525,4.096538082746729
hybrid:hqft,0051_crew_babble_tir10,crew_babble,10.0,6.990521902372865,1.5057506561279297,0.9047412929760932,0.7924625176310773,12.786074781013252,12.960197020143188,6.698205369105732,2.2072982788085938,5.969675117770323
hybrid:hqft,0052_crew_babble_tir10,crew_babble,10.0,6.979691654199824,1.7566184997558594,0.6898369574578814,0.5689457424781781,13.675444723109798,13.786229229339389,5.577663701148174,2.550785779953003,6.806537575139565
hybrid:hqft,0053_crew_babble_tir10,crew_babble,10.0,7.034076715826708,1.3167121410369873,0.8164916599003816,0.7123645466788118,11.846368702064902,12.040852318053387,5.8167612400546345,1.6084511280059814,5.006775602226679
hybrid:hqft,0054_crew_babble_tir10,crew_babble,10.0,6.960948622143098,1.7771918773651123,0.8505048571674954,0.7615601659757252,13.09733423947686,13.195713320698705,8.123099413484749,2.558591842651367,6.234764698555605
hybrid:hqft,0055_crew_babble_tir10,crew_babble,10.0,6.994009484177733,1.2418558597564695,0.748898790196673,0.6139662004231636,9.92941152467932,10.283881667998964,6.9669861031777724,2.2085814476013184,3.289872183821231
hybrid:hqft,0056_crew_babble_tir10,crew_babble,10.0,7.001144317773101,1.9054391384124756,0.9347356374155242,0.8293621878827987,12.47727211598832,12.559743849037655,7.750401255157958,2.8152129650115967,5.558599531264556
hybrid:hqft,0057_crew_babble_tir10,crew_babble,10.0,7.006952499527093,1.276749849319458,0.8934067156373193,0.7030051515967116,10.838909882827537,10.959668306843922,5.709052435102795,2.2103822231292725,3.952715807316829
hybrid:hqft,0058_crew_babble_tir10,crew_babble,10.0,6.975402094075345,1.932360053062439,0.9477367203546336,0.8636851450081553,14.257505927576377,14.267523176076152,9.2156612287087,2.6552469730377197,7.292121082000807
hybrid:hqft,0059_crew_babble_tir10,crew_babble,10.0,7.014671402199102,1.469373106956482,0.8342291688216674,0.7363459075360002,9.057048969959624,9.504497495033473,6.960261358776676,2.482722520828247,2.4898260928343703
dnn:v3hq,0000_crew_babble_tir00,crew_babble,0.0,-0.425789653376904,1.1299535036087036,0.6427168564814955,0.3727235598478531,0.3212756790134434,0.8879497679494847,0.326725959732758,1.5584404468536377,1.3137394213263889
dnn:v3hq,0001_crew_babble_tir00,crew_babble,0.0,-0.4199279428126132,1.0853278636932373,0.5450222390731393,0.2942496437233313,0.7944655971098707,1.2877472842884743,-1.77675895268591,1.5168113708496094,1.7076752271010878
dnn:v3hq,0002_crew_babble_tir00,crew_babble,0.0,-0.4214470164265093,1.115347981452942,0.7121096236723788,0.4314979416092174,0.1861591305244685,0.3476295451655204,-2.382477786134322,1.6106317043304443,0.7690765615920298
dnn:v3hq,0003_crew_babble_tir00,crew_babble,0.0,-0.432017564426873,1.1291255950927734,0.6671671972931363,0.4652357571665704,0.2704698889135716,0.8607500715590911,1.338094161034051,1.4119549989700315,1.292767635985964
dnn:v3hq,0004_crew_babble_tir00,crew_babble,0.0,-0.3977605737786485,1.1164110898971558,0.6069759778242656,0.3513293301203443,-0.0395144930974625,0.1965618655705696,1.4523366676135545,1.2422196865081787,0.5943224393492181
dnn:v3hq,0005_crew_babble_tir00,crew_babble,0.0,-0.4324836632949153,1.1593515872955322,0.7464721963624147,0.5832543878892499,0.3447103651156913,0.3659185186065278,-1.641818474535418,1.6623769998550415,0.7984021819014431
dnn:v3hq,0006_crew_babble_tir00,crew_babble,0.0,-0.4183316153777778,1.1793029308319092,0.6587854261525358,0.4646999029281606,0.0788733832719298,0.477495641618271,1.8383463488099183,1.6495318412780762,0.8958272569960488
dnn:v3hq,0007_crew_babble_tir00,crew_babble,0.0,-0.3941233521354236,1.093239426612854,0.6772540432144477,0.4581981236261159,-0.1370734402573023,1.2920724166978592,1.2581541843782809,1.539539813995361,1.686195768833283
dnn:v3hq,0008_crew_babble_tir00,crew_babble,0.0,-0.4258645627133211,1.0859789848327637,0.6870997126241517,0.4080749959153758,-0.0595436786995643,0.1409756026811749,0.7555680352951578,1.4389042854309082,0.5668401653944961
dnn:v3hq,0009_crew_babble_tir00,crew_babble,0.0,-0.4346381004138508,1.0630468130111694,0.6950613808206638,0.3681407597853615,0.1598809019555125,1.3380933225012948,-0.2049941445294,1.4142051935195925,1.7727314229151456
dnn:v3hq,0010_crew_babble_tir00,crew_babble,0.0,-0.4092178141275786,1.1718093156814575,0.7732499211622519,0.5776838087727084,0.2966527588972944,0.4493665193327668,0.6548069545841388,1.651486873626709,0.8585843334603454
dnn:v3hq,0011_crew_babble_tir00,crew_babble,0.0,-0.4046335131888041,1.0718536376953125,0.5781951025974649,0.3326685533991341,-0.2361291278427607,0.3916771401821106,-1.7401731819266697,1.3761677742004397,0.7963106533709148
dnn:v3hq,0012_crew_babble_tir00,crew_babble,0.0,-0.3982769242270795,1.1730154752731323,0.7229600432344742,0.5781967035316357,0.1783185661572556,0.184012619289332,0.4750214109489072,1.7994940280914309,0.5822895435164116
dnn:v3hq,0013_crew_babble_tir00,crew_babble,0.0,-0.407787825898992,1.1149474382400513,0.4993939877384625,0.2936007964077654,0.941717217131794,1.5736091177700209,-0.5794168459769407,1.5439496040344238,1.9813969436690129
dnn:v3hq,0014_crew_babble_tir00,crew_babble,0.0,-0.4271272056293143,1.1119731664657593,0.71626499084745,0.3700600199289187,0.1365318655067963,0.8410036596118642,-1.4563993297250752,1.584935188293457,1.2681308652411785
dnn:v3hq,0015_crew_babble_tir00,crew_babble,0.0,-0.39754431139992,1.1363351345062256,0.627628759769388,0.3785572507332763,0.8714806785569097,1.5274212189658014,-2.1155241770608484,1.4676246643066406,1.9249655303657216
dnn:v3hq,0016_crew_babble_tir00,crew_babble,0.0,-0.4010021719144395,1.1282298564910889,0.6966284042176949,0.4742217766918301,-0.3406099122360736,1.0951667853892952,-0.8558559200925807,1.5249135494232178,1.496168957303735
dnn:v3hq,0017_crew_babble_tir00,crew_babble,0.0,-0.4117845133944491,1.142356038093567,0.7239675797588787,0.5097761343216992,-0.7942138838331326,-0.1924737204970759,1.9770992901447657,1.590047836303711,0.2193107928973732
dnn:v3hq,0018_crew_babble_tir00,crew_babble,0.0,-0.3720878579974689,1.112601399421692,0.7073221878386382,0.5607871473670732,1.6901156817435885,2.226841075835024,1.826928096186828,1.398906707763672,2.598928933832493
dnn:v3hq,0019_crew_babble_tir00,crew_babble,0.0,-0.4116865394445719,1.0833120346069336,0.577262892586795,0.3944031223422033,0.8123330895272479,1.2868575525051162,-0.1431321361790254,1.5984041690826416,1.698544091949688
dnn:v3hq,0020_crew_babble_tir05,crew_babble,5.0,3.8270418032191738,1.230563998222351,0.8009290694425125,0.5858359874544207,5.3802383004985,5.350211509753072,2.8023796260835354,1.8070292472839355,1.5231697065338978
dnn:v3hq,0021_crew_babble_tir05,crew_babble,5.0,3.7983654230757065,1.461259841918945,0.8741602872275676,0.6644375817372175,6.016592671110594,6.308584477547226,4.871556853891989,2.3513922691345215,2.51021905447152
dnn:v3hq,0022_crew_babble_tir05,crew_babble,5.0,3.8421544558224063,1.2636189460754397,0.84233204412016,0.6920910023049783,5.6694493250374585,5.698740210671996,3.852918784925451,2.047281503677368,1.8565857548495897
dnn:v3hq,0023_crew_babble_tir05,crew_babble,5.0,3.815554480255996,1.1447728872299194,0.8262290587040566,0.5725444816065269,5.146864088601946,5.248110485096533,3.3416237093862304,1.711699604988098,1.4325560048405372
dnn:v3hq,0024_crew_babble_tir05,crew_babble,5.0,3.779686115691894,1.199196457862854,0.7621175213140206,0.6349638212191223,6.085039052956813,6.441025343228421,5.153661599491982,1.635908842086792,2.6613392275365264
dnn:v3hq,0025_crew_babble_tir05,crew_babble,5.0,3.8404131183750407,1.1468329429626465,0.7783107244715994,0.5788444908453463,5.662941536028727,5.701845587450666,4.82490999716626,1.5833463668823242,1.8614324690756257
dnn:v3hq,0026_crew_babble_tir05,crew_babble,5.0,3.79557418485752,1.2446372509002686,0.7895712914450705,0.5910398825080907,6.037856632582461,6.458411615003711,4.261023456205286,2.030740737915039,2.6628374301461912
dnn:v3hq,0027_crew_babble_tir05,crew_babble,5.0,3.782982886030296,1.318345546722412,0.7828993317526896,0.4751190708024092,6.056328350523598,6.521932534989794,1.4069681167386945,1.8764063119888303,2.7389496489594984
dnn:v3hq,0028_crew_babble_tir05,crew_babble,5.0,3.7930313288106774,1.1010141372680664,0.6702490150311072,0.3817559189172704,5.478481671336053,5.689576240825719,3.4530939160534144,1.3957772254943848,1.8965449120150415
dnn:v3hq,0029_crew_babble_tir05,crew_babble,5.0,3.8363746733876543,1.1070713996887207,0.7702244694485566,0.5495217238695451,4.736546275477728,5.222976973403286,3.549091390847433,1.553050518035889,1.3866023000156311
dnn:v3hq,0030_crew_babble_tir05,crew_babble,5.0,3.833101095186428,1.3204874992370603,0.8170178483473755,0.637881887493931,6.431822574246882,6.870004481302329,5.380574203465718,2.1255929470062256,3.0369033861159016
dnn:v3hq,0031_crew_babble_tir05,crew_babble,5.0,3.7999473219248423,1.2473729848861694,0.8737562456017598,0.6314099899194413,5.7068757730596245,5.588003415866192,3.0124305471674537,1.8267691135406496,1.788056093941349
dnn:v3hq,0032_crew_babble_tir05,crew_babble,5.0,3.815087374388442,1.3115259408950806,0.8273568702407491,0.6694753468307246,5.466441329829436,5.518539749074227,5.964588135482756,1.9851970672607424,1.703452374685785
dnn:v3hq,0033_crew_babble_tir05,crew_babble,5.0,3.779949955660755,1.0701181888580322,0.7124217082201222,0.5332595969068192,4.739365108941568,5.497247140454842,4.5428660637760325,1.460468292236328,1.7172971847940874
dnn:v3hq,0034_crew_babble_tir05,crew_babble,5.0,3.768831181971844,1.2031943798065186,0.7627838835890963,0.5908017671675396,7.062854415220969,6.908879286723075,3.76424130851578,1.551782727241516,3.1400481047512314
dnn:v3hq,0035_crew_babble_tir05,crew_babble,5.0,3.838585402507532,1.1135627031326294,0.8705486089198323,0.7556597084310539,5.918850992837395,5.9468020094449825,7.452086340753843,1.5252925157546997,2.10821660693745
dnn:v3hq,0036_crew_babble_tir05,crew_babble,5.0,3.808431273409863,1.0934964418411257,0.708287166906511,0.5658162913649674,4.670269534473542,5.264927710447031,4.84435407380609,1.4440473318099976,1.4564964370371682
dnn:v3hq,0037_crew_babble_tir05,crew_babble,5.0,3.78258625172706,1.219963788986206,0.912046801285945,0.762533230481627,5.564790450590278,5.578744028009092,2.634656054679876,1.8694350719451904,1.7961577762820324
dnn:v3hq,0038_crew_babble_tir05,crew_babble,5.0,3.7746994432419294,1.280705213546753,0.7735786744941622,0.6221432739355824,4.868712961683713,5.337751141051179,4.1156676225814595,1.7940248250961304,1.5630516978092492
dnn:v3hq,0039_crew_babble_tir05,crew_babble,5.0,3.886900418560036,1.1975245475769043,0.8331300075932183,0.6678108012733798,6.288005219661578,6.17043125056505,4.39025694799052,2.0088095664978027,2.2835308320050145
dnn:v3hq,0040_crew_babble_tir10,crew_babble,10.0,6.991238067673243,1.5839413404464722,0.8894100629337033,0.7335756363213906,10.857659401997308,10.63426005654411,5.0849981078936555,2.449673652648926,3.643021988870866
dnn:v3hq,0041_crew_babble_tir10,crew_babble,10.0,6.998457343577994,1.262137770652771,0.7645593233225724,0.6534073074606892,11.90336084342878,11.460995881384616,7.8566605226893165,1.8168489933013916,4.462538537806624
dnn:v3hq,0042_crew_babble_tir10,crew_babble,10.0,7.009422432707888,1.6161904335021973,0.9224145473349556,0.7726743416268416,10.689530885517328,10.600562336930926,3.5512253746315894,2.482841730117798,3.591139904223038
dnn:v3hq,0043_crew_babble_tir10,crew_babble,10.0,6.982830548354643,1.7303088903427124,0.950022629616082,0.7673486225712026,10.090893626904588,10.07231037597915,6.060553014948243,2.6606085300445557,3.0894798276245066
dnn:v3hq,0044_crew_babble_tir10,crew_babble,10.0,6.989423602520535,1.5541954040527344,0.8692818616122415,0.7213081505682326,12.976925531809002,12.745806864975073,10.557735722734527,2.186777830123902,5.756383262454538
dnn:v3hq,0045_crew_babble_tir10,crew_babble,10.0,7.0220679253425775,1.626903772354126,0.8905951516134234,0.7712619379129538,12.456435327681923,12.072363001031066,7.6194667763867345,2.27636194229126,5.050295075688489
dnn:v3hq,0046_crew_babble_tir10,crew_babble,10.0,6.995201156684074,1.318217635154724,0.8734267275291581,0.645179721029308,10.294042608529006,10.250119384157152,5.7086575182889945,1.7980144023895264,3.2549182274730777
dnn:v3hq,0047_crew_babble_tir10,crew_babble,10.0,6.983119682322973,1.3864771127700806,0.7635038806082606,0.5890390058221733,9.861691846002977,10.113905159455658,6.649147880511003,1.9229109287261963,3.1307854771326857
dnn:v3hq,0048_crew_babble_tir10,crew_babble,10.0,6.989882390768647,1.3714485168457031,0.8598470488311486,0.8070650552817027,10.490573557337733,10.194203087766471,9.87713199856506,1.947551965713501,3.2043206969978257
dnn:v3hq,0049_crew_babble_tir10,crew_babble,10.0,6.976901700928977,1.3530006408691406,0.883286611157913,0.7427363100624973,10.307494637918166,10.079252881241828,6.494445414457127,1.8652541637420657,3.1023511803128514
dnn:v3hq,0050_crew_babble_tir10,crew_babble,10.0,6.967577758024291,1.3808320760726929,0.9414013717280982,0.8560592673989826,10.334108474821477,10.225515405040175,6.0394110565365215,2.1107444763183594,3.2579376470158845
dnn:v3hq,0051_crew_babble_tir10,crew_babble,10.0,6.990521902372865,1.4618680477142334,0.88158907125082,0.7296491090243798,10.85955465802184,10.679652593786502,4.843099241130433,2.10672378540039,3.689130691413637
dnn:v3hq,0052_crew_babble_tir10,crew_babble,10.0,6.979691654199824,1.6348185539245603,0.6564294821177298,0.5158573420301416,11.520943597435284,11.402902674305068,3.492203589005727,2.460313320159912,4.423211020105244
dnn:v3hq,0053_crew_babble_tir10,crew_babble,10.0,7.034076715826708,1.227110505104065,0.7869911556698143,0.6732105202287568,11.303621613518818,11.071513563121377,4.508399326791818,1.484600067138672,4.037436847294667
dnn:v3hq,0054_crew_babble_tir10,crew_babble,10.0,6.960948622143098,1.6644926071166992,0.8466419797713105,0.745140061650927,11.434100554656323,11.479957851659632,6.731265710126716,2.507540464401245,4.519009229516534
dnn:v3hq,0055_crew_babble_tir10,crew_babble,10.0,6.994009484177733,1.1786489486694336,0.7174926809497936,0.605579296854663,9.472643165372464,9.63837243402874,5.814635836414161,2.24605655670166,2.644362949851006
dnn:v3hq,0056_crew_babble_tir10,crew_babble,10.0,7.001144317773101,1.572711706161499,0.8825429051909471,0.7229542178610738,10.443057015082305,10.366549546424713,6.327484657238314,2.4185752868652344,3.3654052286516114
dnn:v3hq,0057_crew_babble_tir10,crew_babble,10.0,7.006952499527093,1.217069387435913,0.8661272599854442,0.6286326177105681,8.961563383042195,8.864162567687835,3.748931312389676,2.012935161590576,1.8572100681607424
dnn:v3hq,0058_crew_babble_tir10,crew_babble,10.0,6.975402094075345,1.7776720523834229,0.9356203991156506,0.8320292515568624,11.504812000826943,11.234248553173886,7.4635962245787955,2.482128620147705,4.2588464590985415
dnn:v3hq,0059_crew_babble_tir10,crew_babble,10.0,7.014671402199102,1.4640800952911377,0.8289342713328383,0.727655840860492,9.53658968508176,9.690555328315574,7.490431559580505,2.3530960083007812,2.6758839261164713
hybrid:v3hq,0000_crew_babble_tir00,crew_babble,0.0,-0.425789653376904,1.1729308366775513,0.7064703019708917,0.4298042049764842,1.9483550813078367,2.4929568923320047,2.043582418339556,1.5938637256622314,2.918746545708909
hybrid:v3hq,0001_crew_babble_tir00,crew_babble,0.0,-0.4199279428126132,1.139692783355713,0.6416463764430846,0.4060176444937042,4.1216313198703105,4.379830286719643,0.5128226153652373,1.6762981414794922,4.799758229532256
hybrid:v3hq,0002_crew_babble_tir00,crew_babble,0.0,-0.4214470164265093,1.3024181127548218,0.8685066385542158,0.7012342106408497,7.402128143459929,7.911858244096433,1.8397480138906208,1.9604816436767576,8.333305260522943
hybrid:v3hq,0003_crew_babble_tir00,crew_babble,0.0,-0.432017564426873,1.2227822542190552,0.7621206966258037,0.6013246365362721,6.362626220915715,6.743316387527739,5.4950719967260175,1.8512601852416992,7.175333951954612
hybrid:v3hq,0004_crew_babble_tir00,crew_babble,0.0,-0.3977605737786485,1.0875009298324585,0.6506489743945963,0.3954748211902938,2.1575200900191085,2.404468036626795,3.0820413549811283,1.2484155893325806,2.8022286104054435
hybrid:v3hq,0005_crew_babble_tir00,crew_babble,0.0,-0.4324836632949153,1.193510890007019,0.7949578905341541,0.6605529662770452,2.4390677403567356,2.444168363599308,-0.5677218021565569,1.7313179969787598,2.8766520268942233
hybrid:v3hq,0006_crew_babble_tir00,crew_babble,0.0,-0.4183316153777778,1.2724555730819702,0.7311496088595203,0.5557698401799399,1.4335185012852134,1.7630720486546854,3.6077182429663575,1.8428869247436523,2.181403664032463
hybrid:v3hq,0007_crew_babble_tir00,crew_babble,0.0,-0.3941233521354236,1.162459373474121,0.7653825699955082,0.5748229582997735,6.148248248635224,7.086682631342289,4.8389573257366525,1.7385210990905762,7.480805983477713
hybrid:v3hq,0008_crew_babble_tir00,crew_babble,0.0,-0.4258645627133211,1.1709647178649902,0.7716509676306355,0.5353859194472917,3.311934447534264,3.4902715284056427,3.77168120168816,1.5942280292510986,3.916136091118964
hybrid:v3hq,0009_crew_babble_tir00,crew_babble,0.0,-0.4346381004138508,1.1201435327529907,0.7934429862174868,0.5187616052738967,4.308131870033608,5.207582875347842,3.206176036001895,1.5741856098175049,5.642220975761693
hybrid:v3hq,0010_crew_babble_tir00,crew_babble,0.0,-0.4092178141275786,1.2062954902648926,0.801013250897601,0.6086929722787829,0.7947512948173263,1.115418152462102,1.494949397721124,1.7360868453979492,1.5246359665896805
hybrid:v3hq,0011_crew_babble_tir00,crew_babble,0.0,-0.4046335131888041,1.094931960105896,0.640807874836517,0.4045592291711405,1.7534508509395683,2.4654491315099984,-0.1216599657292339,1.4716097116470337,2.8700826446988024
hybrid:v3hq,0012_crew_babble_tir00,crew_babble,0.0,-0.3982769242270795,1.2002772092819214,0.7910624896481457,0.6601343796351775,2.945754898708914,4.074557357978087,1.2747733463580566,1.868713140487671,4.4728342822051665
hybrid:v3hq,0013_crew_babble_tir00,crew_babble,0.0,-0.407787825898992,1.2853407859802246,0.6139900817912668,0.4211939221766103,4.315260601359559,5.070059432540997,3.603488618508823,1.9211835861206057,5.477847258439989
hybrid:v3hq,0014_crew_babble_tir00,crew_babble,0.0,-0.4271272056293143,1.144269943237305,0.7638383855932538,0.4514367925423262,1.1960891469648498,1.858145817912038,0.0105144560947305,1.6159472465515137,2.285273023541352
hybrid:v3hq,0015_crew_babble_tir00,crew_babble,0.0,-0.39754431139992,1.1433688402175903,0.6887850841591262,0.46854387087502,3.574285345002455,4.482642861529466,0.0609294638589897,1.4717164039611816,4.880187172929386
hybrid:v3hq,0016_crew_babble_tir00,crew_babble,0.0,-0.4010021719144395,1.210996389389038,0.7928412631949118,0.5898578927811581,4.449072365744277,5.619439596921387,1.0502047895283702,1.7185475826263428,6.020441768835826
hybrid:v3hq,0017_crew_babble_tir00,crew_babble,0.0,-0.4117845133944491,1.164589762687683,0.7541236439391542,0.5506166138499136,0.4801340970199924,1.3138672149163353,3.1377880764025123,1.648219108581543,1.7256517283107844
hybrid:v3hq,0018_crew_babble_tir00,crew_babble,0.0,-0.3720878579974689,1.18146014213562,0.7650917992363114,0.6384185247952413,3.6295415543907152,4.122900897751804,3.4975899349242656,1.5270261764526367,4.494988755749273
hybrid:v3hq,0019_crew_babble_tir00,crew_babble,0.0,-0.4116865394445719,1.1544052362442017,0.68064153305529,0.5069447617372079,3.8553930013072386,4.525243772009458,2.042947039619459,1.7921264171600342,4.93693031145403
hybrid:v3hq,0020_crew_babble_tir05,crew_babble,5.0,3.8270418032191738,1.47093403339386,0.8896833795164868,0.7691916480023998,9.197133725761654,9.229371467607848,5.892527163554498,2.106969833374023,5.402329664388674
hybrid:v3hq,0021_crew_babble_tir05,crew_babble,5.0,3.7983654230757065,1.545821189880371,0.8931828752957739,0.7054536369858316,7.618349821096788,7.934960250593496,6.156596841614255,2.4484174251556396,4.136594827517789
hybrid:v3hq,0022_crew_babble_tir05,crew_babble,5.0,3.8421544558224063,1.3352854251861572,0.8727892021208195,0.7420030569061628,6.946931684354503,7.199434385465764,5.766475880425683,2.1742050647735596,3.3572799296433575
hybrid:v3hq,0023_crew_babble_tir05,crew_babble,5.0,3.815554480255996,1.193805694580078,0.8718288845762241,0.6567636167453552,7.799766382734097,8.350457346718699,6.023025590987379,1.9178593158721924,4.534902866462703
hybrid:v3hq,0024_crew_babble_tir05,crew_babble,5.0,3.779686115691894,1.361736536026001,0.8215809675331102,0.7274513722056122,7.934936542064239,8.40324068681202,7.4187408965333725,1.8370683193206787,4.623554571120127
hybrid:v3hq,0025_crew_babble_tir05,crew_babble,5.0,3.8404131183750407,1.3061139583587646,0.841496483671067,0.6990008433415199,9.508106627799204,9.641130007469616,5.93690406890416,1.8349223136901855,5.800716889094575
hybrid:v3hq,0026_crew_babble_tir05,crew_babble,5.0,3.79557418485752,1.4616310596466064,0.8572278696199458,0.6884228849069597,8.736604123711793,9.003638056941828,6.928274572739735,2.3203039169311523,5.208063872084308
hybrid:v3hq,0027_crew_babble_tir05,crew_babble,5.0,3.782982886030296,1.626607894897461,0.8547842279938834,0.5836136976580248,10.405312142060785,10.750556460546736,6.899483889664042,2.3957359790802,6.967573574516439
hybrid:v3hq,0028_crew_babble_tir05,crew_babble,5.0,3.7930313288106774,1.358954668045044,0.8767859775072855,0.6385900776820651,9.985719253772276,10.349720552883833,7.372344655999258,2.0166196823120117,6.556689224073155
hybrid:v3hq,0029_crew_babble_tir05,crew_babble,5.0,3.8363746733876543,1.1534897089004517,0.8281555892497716,0.6573249754075645,8.196931198127949,8.695741096874915,6.899666989426255,1.7075191736221311,4.859366423487261
hybrid:v3hq,0030_crew_babble_tir05,crew_babble,5.0,3.833101095186428,1.438919186592102,0.8622923959940662,0.7183266949893059,9.207964740579564,9.55792836440514,7.233004938686016,2.3426949977874756,5.724827269218713
hybrid:v3hq,0031_crew_babble_tir05,crew_babble,5.0,3.7999473219248423,1.3946181535720823,0.9226432849656994,0.7666040071913298,7.94334802689391,7.826591551129148,5.083069396492822,1.953404188156128,4.026644229204305
hybrid:v3hq,0032_crew_babble_tir05,crew_babble,5.0,3.815087374388442,1.4721535444259644,0.8792954998057884,0.7522443840309273,6.868458234221601,7.436401489018657,7.792554715907785,2.2825984954833984,3.6213141146302146
hybrid:v3hq,0033_crew_babble_tir05,crew_babble,5.0,3.779949955660755,1.0928056240081787,0.7955786686618465,0.6420218372887088,6.106267611512003,6.91643333402049,5.58782251249383,1.6471296548843384,3.1364833783597352
hybrid:v3hq,0034_crew_babble_tir05,crew_babble,5.0,3.768831181971844,1.237156867980957,0.801556952417331,0.6383861171714033,8.17497439041301,8.750954103482842,5.50510621643386,1.6029099225997925,4.982122921510998
hybrid:v3hq,0035_crew_babble_tir05,crew_babble,5.0,3.838585402507532,1.1247713565826416,0.8838345238349745,0.7945010463698656,6.25064490464537,7.088018887463162,6.491316545548642,1.633906364440918,3.24943348495563
hybrid:v3hq,0036_crew_babble_tir05,crew_babble,5.0,3.808431273409863,1.1051615476608276,0.7191746722131201,0.5706485614407186,4.358796438576523,5.425789255513383,5.1886668168003744,1.4561480283737185,1.61735798210352
hybrid:v3hq,0037_crew_babble_tir05,crew_babble,5.0,3.78258625172706,1.4214354753494265,0.9493653296207536,0.8544439889967042,8.743765385912742,8.993817385569923,4.75663166325728,2.171006441116333,5.211231133842863
hybrid:v3hq,0038_crew_babble_tir05,crew_babble,5.0,3.7746994432419294,1.3894436359405518,0.8294570256888305,0.6986869479169978,7.779664201094583,8.418049894240442,5.822032784506241,1.9048964977264404,4.643350450998512
hybrid:v3hq,0039_crew_babble_tir05,crew_babble,5.0,3.886900418560036,1.3645057678222656,0.8946121955453769,0.7665788303407725,9.326247678862906,9.6203750126564,6.794651593263055,2.2755579948425293,5.733474594096364
hybrid:v3hq,0040_crew_babble_tir10,crew_babble,10.0,6.991238067673243,1.6603355407714844,0.9013146128766866,0.7639086573338726,9.497978288762322,9.934805019775562,4.59281651931347,2.486013889312744,2.9435669521023184
hybrid:v3hq,0041_crew_babble_tir10,crew_babble,10.0,6.998457343577994,1.4682013988494873,0.8266305631777945,0.7179560355720567,16.40304186449712,16.485140964452622,11.916808962102198,2.123464822769165,9.48668362087463
hybrid:v3hq,0042_crew_babble_tir10,crew_babble,10.0,7.009422432707888,1.777559518814087,0.9457835631459351,0.8495798663444579,10.997761683749893,11.321581677347687,5.202184478915839,2.56473159790039,4.312159244639799
hybrid:v3hq,0043_crew_babble_tir10,crew_babble,10.0,6.982830548354643,1.963057518005371,0.9678865487881128,0.8205534977491435,13.323851319471418,13.41544818183966,9.365369220214566,2.846997022628784,6.432617633485018
hybrid:v3hq,0044_crew_babble_tir10,crew_babble,10.0,6.989423602520535,1.61942458152771,0.8737834700129609,0.735983002818885,9.813181274638223,9.59245848052562,8.081657498501988,2.3088676929473877,2.6030348780050847
hybrid:v3hq,0045_crew_babble_tir10,crew_babble,10.0,7.0220679253425775,1.6039748191833496,0.8758067658367131,0.7688939552692471,10.378046371478662,10.056490978074503,6.258707190649139,2.279447317123413,3.034423052731926
hybrid:v3hq,0046_crew_babble_tir10,crew_babble,10.0,6.995201156684074,1.4123388528823853,0.8926932302689476,0.6956617785166584,12.248965232915126,12.4164330652291,7.050989811967376,2.0202412605285645,5.421231908545026
hybrid:v3hq,0047_crew_babble_tir10,crew_babble,10.0,6.983119682322973,1.4607934951782229,0.7768843391419482,0.6107526887289347,10.857212704217403,11.167512711576745,7.592184779059189,1.979778528213501,4.184393029253772
hybrid:v3hq,0048_crew_babble_tir10,crew_babble,10.0,6.989882390768647,1.4384241104125977,0.8803110757255047,0.8442537135191389,10.932954763709066,11.220583461997425,9.95797231465272,2.007927656173706,4.230701071228777
hybrid:v3hq,0049_crew_babble_tir10,crew_babble,10.0,6.976901700928977,1.4607374668121338,0.9150488695665848,0.8095208196988224,10.716318731819776,10.944059039046984,6.735190593532525,1.983647108078003,3.967157338118009
hybrid:v3hq,0050_crew_babble_tir10,crew_babble,10.0,6.967577758024291,1.407073140144348,0.9485816878619596,0.8744548114550643,11.06757531923777,11.051275634199868,6.7856166199416394,2.142896890640259,4.083697876175577
hybrid:v3hq,0051_crew_babble_tir10,crew_babble,10.0,6.990521902372865,1.5117114782333374,0.9088222588401192,0.7888547228351495,13.163138490629713,13.348106709917367,7.116587671112134,2.2671549320220947,6.3575848075445025
hybrid:v3hq,0052_crew_babble_tir10,crew_babble,10.0,6.979691654199824,1.7124030590057373,0.6795382249260411,0.550471192830529,12.105960223595392,12.34673379138135,4.670799872947823,2.5297276973724365,5.367042137181526
hybrid:v3hq,0053_crew_babble_tir10,crew_babble,10.0,7.034076715826708,1.3002511262893677,0.8128585711621916,0.7105510026917283,11.67105356383756,11.926752925449716,5.782898720078492,1.5599143505096436,4.892676209623008
hybrid:v3hq,0054_crew_babble_tir10,crew_babble,10.0,6.960948622143098,1.7341678142547607,0.8582573557067594,0.7635689795873641,13.574235536696682,13.62350747242828,8.398897405217031,2.559943914413452,6.662558850285182
hybrid:v3hq,0055_crew_babble_tir10,crew_babble,10.0,6.994009484177733,1.2849111557006836,0.7891479283451697,0.674033002061156,11.702141237948316,11.887316120155496,7.985480570112086,2.423412561416626,4.893306635977764
hybrid:v3hq,0056_crew_babble_tir10,crew_babble,10.0,7.001144317773101,1.960632562637329,0.9379354330286468,0.8322973702479474,12.592019335795632,12.7017689980873,7.998835088424252,2.854538679122925,5.700624680314198
hybrid:v3hq,0057_crew_babble_tir10,crew_babble,10.0,7.006952499527093,1.2618515491485596,0.8886583997913761,0.6911662972104495,10.460100207664247,10.62326131339905,5.493068661083299,2.1385083198547363,3.6163088138719575
hybrid:v3hq,0058_crew_babble_tir10,crew_babble,10.0,6.975402094075345,2.000457763671875,0.9499982851117847,0.8696529806168108,14.519025574221606,14.569392569123252,9.56641938001315,2.74452805519104,7.5939904750479075
hybrid:v3hq,0059_crew_babble_tir10,crew_babble,10.0,7.014671402199102,1.495773434638977,0.8365884458113181,0.7387472463919891,9.568176869055591,9.93640290913985,7.223433437636197,2.4186549186706543,2.9217315069407483
dnn2:v3_2mic,0000_crew_babble_tir00,crew_babble,0.0,-0.425789653376904,1.5999128818511963,0.8648143112832163,0.63268959847965,8.897622550362566,8.890603076926274,6.191706174466119,2.137636423110962,9.316392730303178
dnn2:v3_2mic,0001_crew_babble_tir00,crew_babble,0.0,-0.4199279428126132,1.3267158269882202,0.7209012357209107,0.4976243437600248,7.089110919146552,6.756496173089869,2.33312874057605,1.928757905960083,7.176424115902482
dnn2:v3_2mic,0002_crew_babble_tir00,crew_babble,0.0,-0.4214470164265093,1.6874611377716064,0.912379246266438,0.800109129105123,11.190850787821002,11.045392488130064,4.400987813426693,2.647086381912231,11.466839504556573
dnn2:v3_2mic,0003_crew_babble_tir00,crew_babble,0.0,-0.432017564426873,1.4504977464675903,0.8135048589270681,0.6435831537915823,7.869547227450524,7.999958798132552,5.376358924597887,2.196983814239502,8.431976362559425
dnn2:v3_2mic,0004_crew_babble_tir00,crew_babble,0.0,-0.3977605737786485,1.559455633163452,0.8589090207329504,0.6439857689992442,10.749691646434616,10.699784663525444,7.43149972674644,2.1522796154022217,11.097545237304097
dnn2:v3_2mic,0005_crew_babble_tir00,crew_babble,0.0,-0.4324836632949153,1.5893677473068235,0.9105595973557312,0.8662428152096427,11.191779062764567,10.949450140867771,4.971591510708258,2.130466938018799,11.381933804162689
dnn2:v3_2mic,0006_crew_babble_tir00,crew_babble,0.0,-0.4183316153777778,1.527470350265503,0.8019937090036036,0.6458121009378046,7.167396374434055,7.05186810938451,5.76979457224944,2.249924659729004,7.470199724762288
dnn2:v3_2mic,0007_crew_babble_tir00,crew_babble,0.0,-0.3941233521354236,1.2560383081436155,0.7923188671934583,0.6255847647761035,8.174859954652106,8.596761550019178,5.728870895325978,2.1048223972320557,8.990884902154601
dnn2:v3_2mic,0008_crew_babble_tir00,crew_babble,0.0,-0.4258645627133211,1.5034511089324951,0.8797075779303402,0.724088455322476,9.379955915817252,9.39653546610006,6.061513676425481,1.927995681762695,9.822400028813382
dnn2:v3_2mic,0009_crew_babble_tir00,crew_babble,0.0,-0.4346381004138508,1.375496506690979,0.8833568673284216,0.7135503219880143,8.57626657808284,8.833383117044235,5.783472245343383,2.309446334838867,9.268021217458086
dnn2:v3_2mic,0010_crew_babble_tir00,crew_babble,0.0,-0.4092178141275786,1.673049807548523,0.936568457166798,0.8215705012252267,10.348007413993354,10.265683617010213,5.801620642952096,2.6404173374176025,10.67490143113779
dnn2:v3_2mic,0011_crew_babble_tir00,crew_babble,0.0,-0.4046335131888041,1.5699697732925415,0.8649672841058265,0.7515624137137819,10.080892324438024,10.064062304588475,6.514512498892758,2.6016719341278076,10.46869581777728
dnn2:v3_2mic,0012_crew_babble_tir00,crew_babble,0.0,-0.3982769242270795,1.382594347000122,0.8592155187044604,0.7346387337902873,7.552790358960638,7.82424578446394,4.6544466655387335,2.058072328567505,8.22252270869102
dnn2:v3_2mic,0013_crew_babble_tir00,crew_babble,0.0,-0.407787825898992,1.6015398502349854,0.7277750400613067,0.5084324282468935,9.713479633582674,9.916347683938598,5.94388732080836,2.5299859046936035,10.32413550983759
dnn2:v3_2mic,0014_crew_babble_tir00,crew_babble,0.0,-0.4271272056293143,1.4886927604675293,0.869249958928718,0.6549237082319167,5.92257139487547,6.260196100207558,4.118188056407988,2.262305736541748,6.687323305836872
dnn2:v3_2mic,0015_crew_babble_tir00,crew_babble,0.0,-0.39754431139992,1.2790173292160034,0.7959839934458159,0.5988476865409913,8.157702913606462,8.408666024013224,2.307321302998125,2.055807590484619,8.806210335413144
dnn2:v3_2mic,0016_crew_babble_tir00,crew_babble,0.0,-0.4010021719144395,1.5765162706375122,0.8725099383872975,0.7340418987767947,8.486485943103744,8.76165415277259,3.272017163549138,2.2974984645843506,9.16265632468703
dnn2:v3_2mic,0017_crew_babble_tir00,crew_babble,0.0,-0.4117845133944491,1.5911059379577637,0.8424049218085901,0.696481196820962,4.751042109194198,4.298559164960658,6.05737684099964,2.2699925899505615,4.710343678355107
dnn2:v3_2mic,0018_crew_babble_tir00,crew_babble,0.0,-0.3720878579974689,1.8496057987213137,0.8863795273878599,0.7937197645176753,10.093138986997191,10.07500578158091,6.5298150359359255,2.4777958393096924,10.447093639578378
dnn2:v3_2mic,0019_crew_babble_tir00,crew_babble,0.0,-0.4116865394445719,1.5406872034072876,0.8437487157648229,0.655155736623787,9.0148617928296,9.032775401293163,5.904840957690971,2.610098361968994,9.444461940737735
dnn2:v3_2mic,0020_crew_babble_tir05,crew_babble,5.0,3.8270418032191738,1.8103022575378416,0.9222300088887664,0.8195238974707512,12.538614936525878,12.160324266968832,6.778449001891108,2.603529930114746,8.333282463749658
dnn2:v3_2mic,0021_crew_babble_tir05,crew_babble,5.0,3.7983654230757065,2.3116581439971924,0.9202365336077458,0.8144919678330212,9.679585017265412,9.846201869367516,7.823203803191061,3.0651931762695312,6.047836446291811
dnn2:v3_2mic,0022_crew_babble_tir05,crew_babble,5.0,3.8421544558224063,2.080411911010742,0.9357750504134644,0.8518593670041055,10.837871711673351,10.6690206618422,8.010955947881543,2.905728578567505,6.826866206019792
dnn2:v3_2mic,0023_crew_babble_tir05,crew_babble,5.0,3.815554480255996,1.3480472564697266,0.9129816857021292,0.7465812116918688,9.387203891078949,8.929020579892375,6.477929149125814,2.565366506576538,5.11346609963638
dnn2:v3_2mic,0024_crew_babble_tir05,crew_babble,5.0,3.779686115691894,2.215921401977539,0.8973003928428852,0.8157550311700166,12.499495732284142,11.802432352476137,8.66336257163771,2.831261396408081,8.02274623678424
dnn2:v3_2mic,0025_crew_babble_tir05,crew_babble,5.0,3.8404131183750407,1.8208953142166135,0.9099415626137176,0.797772126861118,13.721784874253654,13.148182202925229,9.683896527599304,2.556469202041626,9.307769084550186
dnn2:v3_2mic,0026_crew_babble_tir05,crew_babble,5.0,3.79557418485752,1.9949538707733152,0.90548148931294,0.7742971054878323,10.74553485021234,10.723795438472658,7.607359170060696,2.9849746227264404,6.928221253615138
dnn2:v3_2mic,0027_crew_babble_tir05,crew_babble,5.0,3.782982886030296,2.035099983215332,0.9053729900658122,0.6819697217744819,13.410970600459658,13.068100557920332,6.006278236594058,2.9640519618988037,9.285117671890037
dnn2:v3_2mic,0028_crew_babble_tir05,crew_babble,5.0,3.7930313288106774,1.676910400390625,0.8835267829028386,0.7450673500929365,12.190052819147294,12.217046122496754,8.343577850734556,2.3799383640289307,8.424014793686077
dnn2:v3_2mic,0029_crew_babble_tir05,crew_babble,5.0,3.8363746733876543,1.3073091506958008,0.8727398608127843,0.7393681061500121,10.63031654706917,10.295014083359357,6.6737251905243795,2.0062341690063477,6.458639409971703
dnn2:v3_2mic,0030_crew_babble_tir05,crew_babble,5.0,3.833101095186428,2.5186257362365723,0.9335048295521472,0.8410419846593329,11.571075341033591,11.579091934447058,9.32490927693993,3.254176139831543,7.745990839260631
dnn2:v3_2mic,0031_crew_babble_tir05,crew_babble,5.0,3.7999473219248423,2.2500479221343994,0.955193751991197,0.886604837938166,12.796582206721949,12.470558143313792,7.857677806711547,2.9171841144561768,8.670610821388948
dnn2:v3_2mic,0032_crew_babble_tir05,crew_babble,5.0,3.815087374388442,2.5656352043151855,0.928161717469951,0.8545037461570862,11.673861853178831,11.699081217703364,9.87899614045308,3.230573892593384,7.88399384331492
dnn2:v3_2mic,0033_crew_babble_tir05,crew_babble,5.0,3.779949955660755,1.5466411113739014,0.9167910184147428,0.8041764111592212,12.165900975681073,11.93410696901248,9.220028232178985,2.5336434841156006,8.154157013351725
dnn2:v3_2mic,0034_crew_babble_tir05,crew_babble,5.0,3.768831181971844,1.7959768772125244,0.9067822132664076,0.7958237378199627,13.265233535760537,12.874109069562977,7.761952440718913,2.514497756958008,9.105277887591132
dnn2:v3_2mic,0035_crew_babble_tir05,crew_babble,5.0,3.838585402507532,1.6917855739593506,0.9241598197313972,0.873181592398796,12.694167951532531,11.962966786114803,9.917862733730392,2.143662214279175,8.124381383607272
dnn2:v3_2mic,0036_crew_babble_tir05,crew_babble,5.0,3.808431273409863,1.6154749393463137,0.8366772667210876,0.7353399484210447,12.63933258086385,12.168289994356169,10.043772167436885,2.2737886905670166,8.359858720946304
dnn2:v3_2mic,0037_crew_babble_tir05,crew_babble,5.0,3.78258625172706,1.9134275913238523,0.9683041121383196,0.915755638187232,12.063962053874231,11.864484972090787,7.196070274988683,2.8353495597839355,8.081898720363728
dnn2:v3_2mic,0038_crew_babble_tir05,crew_babble,5.0,3.7746994432419294,1.7587733268737793,0.8776036869493841,0.7609931793048048,11.198795884555183,10.993504702395436,6.935760208202223,2.33801794052124,7.218805259153506
dnn2:v3_2mic,0039_crew_babble_tir05,crew_babble,5.0,3.886900418560036,2.0053601264953613,0.916483634272182,0.8287239701726553,13.137175701281125,12.51175050814892,8.437157062703385,2.904721260070801,8.624850089588886
dnn2:v3_2mic,0040_crew_babble_tir10,crew_babble,10.0,6.991238067673243,2.4503769874572754,0.9385896876740464,0.8754308985500252,14.577932048639113,14.223984612103829,8.72317749238669,3.196396589279175,7.232746544430584
dnn2:v3_2mic,0041_crew_babble_tir10,crew_babble,10.0,6.998457343577994,1.9482122659683228,0.886158521558683,0.7892694868995143,18.314785026262115,16.451082368215,11.451169880487871,2.7056519985198975,9.452625024637008
dnn2:v3_2mic,0042_crew_babble_tir10,crew_babble,10.0,7.009422432707888,2.4362406730651855,0.9563356650679972,0.8828130629071649,13.657458988293214,13.30385090518504,7.029175739196253,3.387377977371216,6.294428472477152
dnn2:v3_2mic,0043_crew_babble_tir10,crew_babble,10.0,6.982830548354643,2.4497339725494385,0.9766086900776848,0.8617801232750865,13.240322207915266,13.059105827288093,8.458216751976385,3.220752239227295,6.0762752789334495
dnn2:v3_2mic,0044_crew_babble_tir10,crew_babble,10.0,6.989423602520535,2.100459575653076,0.8909065540223106,0.7809147214952474,15.103993833716933,14.673362075736158,12.426377947682376,2.639404296875,7.683938473215623
dnn2:v3_2mic,0045_crew_babble_tir10,crew_babble,10.0,7.0220679253425775,2.3182873725891113,0.9165130026860452,0.8491061760679176,14.929452598596322,14.238803160050097,10.031733076723798,2.920249938964844,7.216735234707517
dnn2:v3_2mic,0046_crew_babble_tir10,crew_babble,10.0,6.995201156684074,1.557219386100769,0.9109442872413878,0.69800855574722,14.932472498513686,14.47428501514528,8.168759642088123,2.16751480102539,7.479083858461206
dnn2:v3_2mic,0047_crew_babble_tir10,crew_babble,10.0,6.983119682322973,2.1630778312683105,0.8342737282211021,0.70731720942665,14.685583855578004,14.145386312229302,10.05526290431594,2.9392106533050537,7.16226662990633
dnn2:v3_2mic,0048_crew_babble_tir10,crew_babble,10.0,6.989882390768647,1.7679181098937988,0.9115169047282636,0.8800470756731518,14.496627060700105,13.568158766112637,10.936985762600484,2.525604248046875,6.5782763753439895
dnn2:v3_2mic,0049_crew_babble_tir10,crew_babble,10.0,6.976901700928977,2.2432444095611572,0.9484045620398184,0.8791202429464839,14.811485713289766,14.373039959165162,9.710416353922309,3.00700306892395,7.396138258236185
dnn2:v3_2mic,0050_crew_babble_tir10,crew_babble,10.0,6.967577758024291,2.038158655166626,0.9773312799105608,0.9413591045777392,14.290609442925904,13.714564051273012,8.32884504273822,2.868349313735962,6.746986293248721
dnn2:v3_2mic,0051_crew_babble_tir10,crew_babble,10.0,6.990521902372865,2.053293466567993,0.9315659963789382,0.8300062222319717,14.500170989088074,13.901961021150328,7.694260307465767,2.836948871612549,6.911439118777463
dnn2:v3_2mic,0052_crew_babble_tir10,crew_babble,10.0,6.979691654199824,1.9474999904632568,0.7541020192189294,0.6265640490162878,16.021741755278466,15.022007091019344,7.717879888112497,2.9956164360046387,8.04231543681952
dnn2:v3_2mic,0053_crew_babble_tir10,crew_babble,10.0,7.034076715826708,1.8686833381652832,0.9027423026375808,0.8288991915868074,16.707334470959236,15.265865168940572,7.078303419916653,2.4403445720672607,8.231788453113865
dnn2:v3_2mic,0054_crew_babble_tir10,crew_babble,10.0,6.960948622143098,1.9149491786956787,0.8807808677155416,0.7832772323628333,13.987870657861375,13.602224293164664,8.32381475505951,2.6964223384857178,6.641275671021566
dnn2:v3_2mic,0055_crew_babble_tir10,crew_babble,10.0,6.994009484177733,2.1477646827697754,0.8331419771646352,0.7192166592140454,14.065905078808388,13.691872110580285,10.467800640810443,3.051992416381836,6.69786262640255
dnn2:v3_2mic,0056_crew_babble_tir10,crew_babble,10.0,7.001144317773101,2.5877115726470947,0.9519947196704296,0.8673817248347914,13.352142238344246,13.167466449770057,8.52508280127307,3.2905523777008057,6.166322131996954
dnn2:v3_2mic,0057_crew_babble_tir10,crew_babble,10.0,7.006952499527093,2.160419464111328,0.9373272724895296,0.8356293516876313,15.275718195413717,14.845186264457809,8.419552363835061,2.986216306686402,7.838233764930716
dnn2:v3_2mic,0058_crew_babble_tir10,crew_babble,10.0,6.975402094075345,2.7100675106048584,0.9697981928800395,0.9198519110576788,16.139581911252787,15.147831840248456,9.449979765092245,3.2546579837799072,8.172429746173112
dnn2:v3_2mic,0059_crew_babble_tir10,crew_babble,10.0,7.014671402199102,1.945857048034668,0.895804608110157,0.7916782932201665,13.287685254944446,13.163932577194169,9.528094594763472,2.873685359954834,6.1492611749950665
hybrid2:v3_2mic,0000_crew_babble_tir00,crew_babble,0.0,-0.425789653376904,1.4565565586090088,0.8578897636032936,0.6325503612553273,8.244949214166809,8.407263838024106,6.809048090074541,1.9435789585113523,8.83305349140101
hybrid2:v3_2mic,0001_crew_babble_tir00,crew_babble,0.0,-0.4199279428126132,1.587797999382019,0.7942522477458059,0.6090886262453882,11.226489838330323,10.760301542214744,5.468044973207937,2.5981194972991943,11.180229485027358
hybrid2:v3_2mic,0002_crew_babble_tir00,crew_babble,0.0,-0.4214470164265093,2.189103841781616,0.9378904475080996,0.8618372430462679,13.77033958540941,13.803293920388482,5.91144574442132,3.1352689266204834,14.22474093681499
hybrid2:v3_2mic,0003_crew_babble_tir00,crew_babble,0.0,-0.432017564426873,2.4472568035125732,0.9006866748325084,0.7710894553166107,14.497772285568477,14.646164763345071,10.680405504742769,3.0487024784088135,15.078182327771945
hybrid2:v3_2mic,0004_crew_babble_tir00,crew_babble,0.0,-0.3977605737786485,2.226191282272339,0.9161067386104412,0.7751669810025698,12.872601272082838,13.008820565886836,9.495250908454356,2.7705299854278564,13.406581139665484
hybrid2:v3_2mic,0005_crew_babble_tir00,crew_babble,0.0,-0.4324836632949153,2.161873579025269,0.939284955465044,0.911195303947316,12.942393477068109,12.774697591604362,7.436769586237942,2.8687026500701904,13.207181254899275
hybrid2:v3_2mic,0006_crew_babble_tir00,crew_babble,0.0,-0.4183316153777778,1.6412832736968994,0.818105426586907,0.6726749944271084,8.667417549504217,8.62975296310475,6.960595916165728,2.4134459495544434,9.048084578482529
hybrid2:v3_2mic,0007_crew_babble_tir00,crew_babble,0.0,-0.3941233521354236,1.6006762981414795,0.8511336398918697,0.6973988151666822,11.047064865227757,10.829955956247336,7.507352060981792,2.6441092491149902,11.22407930838276
hybrid2:v3_2mic,0008_crew_babble_tir00,crew_babble,0.0,-0.4258645627133211,2.1998751163482666,0.9339912990308004,0.8057175381630819,14.49406678324502,14.594303261087166,9.101646996152413,2.9554154872894287,15.020167823800488
hybrid2:v3_2mic,0009_crew_babble_tir00,crew_babble,0.0,-0.4346381004138508,1.4806398153305054,0.8835648498806578,0.7037727304423408,8.881514600175795,9.404600855267775,6.567573223855782,2.301529884338379,9.839238955681628
hybrid2:v3_2mic,0010_crew_babble_tir00,crew_babble,0.0,-0.4092178141275786,1.8941187858581543,0.964106771236302,0.880942379694088,12.887716911683365,12.94424359022636,7.596883544141203,3.0791828632354736,13.35346140435394
hybrid2:v3_2mic,0011_crew_babble_tir00,crew_babble,0.0,-0.4046335131888041,2.061800956726074,0.8972238262332665,0.8207371426612953,10.180587780872049,10.511340558302098,6.6322764104811815,2.8421790599823,10.915974071490902
hybrid2:v3_2mic,0012_crew_babble_tir00,crew_babble,0.0,-0.3982769242270795,1.4965555667877195,0.8699675407869447,0.760529378886114,8.833049378731626,9.112496811733358,4.529667146435551,2.1693172454833984,9.510773735960438
hybrid2:v3_2mic,0013_crew_babble_tir00,crew_babble,0.0,-0.407787825898992,1.7288854122161863,0.7257960721220794,0.5545020406668992,11.729967683383167,11.75970818937044,7.392898125849344,2.4763705730438232,12.167496015269432
hybrid2:v3_2mic,0014_crew_babble_tir00,crew_babble,0.0,-0.4271272056293143,1.5553476810455322,0.8914779358354339,0.7028836319657856,6.762105475125724,7.145673203358105,5.190724481371009,2.2443392276763916,7.572800408987419
hybrid2:v3_2mic,0015_crew_babble_tir00,crew_babble,0.0,-0.39754431139992,1.3654290437698364,0.8135485956782602,0.6332299727174443,9.04311063829934,9.539091087795663,3.972965060897924,2.1219594478607178,9.936635399195584
hybrid2:v3_2mic,0016_crew_babble_tir00,crew_babble,0.0,-0.4010021719144395,1.5965219736099243,0.8724432241422498,0.7477612222470778,10.335709252688412,10.654222462690203,4.85020992655806,2.2842459678649902,11.055224634604643
hybrid2:v3_2mic,0017_crew_babble_tir00,crew_babble,0.0,-0.4117845133944491,1.852488994598389,0.8666029018451256,0.7396850156910787,6.183923452007929,6.352509168306105,7.619230174237082,2.6199116706848145,6.764293681700554
hybrid2:v3_2mic,0018_crew_babble_tir00,crew_babble,0.0,-0.3720878579974689,1.9896413087844849,0.9047651914172214,0.8184062374319427,11.138837130873084,11.276133648283157,7.400945268334059,2.570923089981079,11.648221506280626
hybrid2:v3_2mic,0019_crew_babble_tir00,crew_babble,0.0,-0.4116865394445719,1.918607234954834,0.8785531922506791,0.7303598554504802,11.247253287910766,11.560379829359029,7.600671440992637,2.902853012084961,11.9720663688036
hybrid2:v3_2mic,0020_crew_babble_tir05,crew_babble,5.0,3.8270418032191738,1.876769542694092,0.9348922877170662,0.8518039812832069,14.070049623199091,13.9351179948678,7.851810537647077,2.7082324028015137,10.108076191648625
hybrid2:v3_2mic,0021_crew_babble_tir05,crew_babble,5.0,3.7983654230757065,2.5255658626556396,0.940712666683728,0.8468279541021393,11.711368341777863,11.994019921260824,9.126656430634196,3.2674968242645264,8.195654498185117
hybrid2:v3_2mic,0022_crew_babble_tir05,crew_babble,5.0,3.8421544558224063,2.1511340141296387,0.9378434039033892,0.8653325780594635,11.611644623086814,11.851289255795567,9.008046360881789,2.839644432067871,8.009134799973161
hybrid2:v3_2mic,0023_crew_babble_tir05,crew_babble,5.0,3.815554480255996,1.5158005952835083,0.9347298833436898,0.8036930857903787,12.515194301688288,12.70911004852164,8.430978094619007,2.946197032928467,8.893555568265645
hybrid2:v3_2mic,0024_crew_babble_tir05,crew_babble,5.0,3.779686115691894,2.539098024368286,0.9192609965085156,0.8527685924601063,13.796181167821038,13.808968663256284,10.42778696819206,3.0852479934692383,10.029282547564389
hybrid2:v3_2mic,0025_crew_babble_tir05,crew_babble,5.0,3.8404131183750407,2.150845527648926,0.922331357438355,0.8125820031694772,12.158628715769328,11.187850551356956,7.94080845527894,2.7749099731445312,7.347437432981916
hybrid2:v3_2mic,0026_crew_babble_tir05,crew_babble,5.0,3.79557418485752,2.393723487854004,0.9177346075268324,0.8087390044275313,12.453647060948176,12.595770508505558,9.611282767192924,3.118870258331299,8.800196323648038
hybrid2:v3_2mic,0027_crew_babble_tir05,crew_babble,5.0,3.782982886030296,2.4928500652313232,0.9075991323428582,0.7011846293688857,15.772243212025634,15.835097436844965,8.790326433396237,3.235325574874878,12.052114550814668
hybrid2:v3_2mic,0028_crew_babble_tir05,crew_babble,5.0,3.7930313288106774,1.725931167602539,0.909266376133052,0.7523294508510925,13.628577726402153,13.69351545233802,8.907008589871053,2.5154290199279785,9.900484123527342
hybrid2:v3_2mic,0029_crew_babble_tir05,crew_babble,5.0,3.8363746733876543,1.6245813369750977,0.910977498472818,0.8061919633449479,14.260597043463674,14.384950442666394,9.617842104226732,2.4615933895111084,10.54857576927874
hybrid2:v3_2mic,0030_crew_babble_tir05,crew_babble,5.0,3.833101095186428,2.680258512496948,0.9497911660122482,0.8659743138822729,13.13925546758248,13.297292623250597,10.677778024282036,3.375034809112549,9.46419152806417
hybrid2:v3_2mic,0031_crew_babble_tir05,crew_babble,5.0,3.7999473219248423,2.3643805980682373,0.966135084807736,0.914227095412174,11.847652123655784,11.682918952576406,8.534178795040939,2.8937299251556396,7.882971630651563
hybrid2:v3_2mic,0032_crew_babble_tir05,crew_babble,5.0,3.815087374388442,2.747204303741455,0.9353224269739506,0.8654140231633625,11.730860688242524,11.851320565242514,9.798130610661458,3.4290876388549805,8.036233190854071
hybrid2:v3_2mic,0033_crew_babble_tir05,crew_babble,5.0,3.779949955660755,1.5936803817749023,0.9232006696408684,0.8130225703502112,10.057903463656675,10.38570742024632,7.778842572633406,2.5677058696746826,6.605757464585567
hybrid2:v3_2mic,0034_crew_babble_tir05,crew_babble,5.0,3.768831181971844,1.956165790557861,0.8973631403235401,0.7827694452322422,12.651147069117291,12.596521359634131,7.747428425697278,2.486379623413086,8.827690177662287
hybrid2:v3_2mic,0035_crew_babble_tir05,crew_babble,5.0,3.838585402507532,2.1376147270202637,0.9359159204615414,0.8874766859475556,12.755868640063737,12.944385376362169,9.290957861401482,2.4838855266571045,9.105799973854635
hybrid2:v3_2mic,0036_crew_babble_tir05,crew_babble,5.0,3.808431273409863,1.8614835739135744,0.8406558126541662,0.7432143282361267,12.976238807505036,13.187634000005367,11.155062677611316,2.3482701778411865,9.379202726595503
hybrid2:v3_2mic,0037_crew_babble_tir05,crew_babble,5.0,3.78258625172706,1.8338701725006104,0.964755799897744,0.8997051168326932,11.04495232145558,11.370946567194766,6.6615837883712485,2.94993257522583,7.588360315467706
hybrid2:v3_2mic,0038_crew_babble_tir05,crew_babble,5.0,3.7746994432419294,1.7619105577468872,0.8872141889106818,0.768735737576113,11.033306237243767,11.26110252629455,7.068467241533337,2.2575137615203857,7.486403083052621
hybrid2:v3_2mic,0039_crew_babble_tir05,crew_babble,5.0,3.886900418560036,1.9773991107940672,0.9280060229246142,0.8499513087646785,13.088080425810496,13.289635057922204,9.004126649020462,2.9076457023620605,9.40273463936217
hybrid2:v3_2mic,0040_crew_babble_tir10,crew_babble,10.0,6.991238067673243,2.5274782180786133,0.9382556194860268,0.8724694973929835,11.6741741630036,11.730772119937312,7.632132169357662,3.2026383876800537,4.73953405226407
hybrid2:v3_2mic,0041_crew_babble_tir10,crew_babble,10.0,6.998457343577994,1.9431982040405271,0.8933634925769733,0.7957235085735519,19.0680305891282,19.078752349642972,13.569960933314164,2.796360492706299,12.08029500606498
hybrid2:v3_2mic,0042_crew_babble_tir10,crew_babble,10.0,7.009422432707888,2.534088611602783,0.96522040300482,0.898304965454339,13.63502537592562,13.815068255979437,7.650603426366885,3.275371551513672,6.805645823271547
hybrid2:v3_2mic,0043_crew_babble_tir10,crew_babble,10.0,6.982830548354643,2.724246025085449,0.983500165083378,0.8881383926858996,15.142092233077314,15.25006090526176,10.376472428854106,3.353212594985962,8.267230356907117
hybrid2:v3_2mic,0044_crew_babble_tir10,crew_babble,10.0,6.989423602520535,1.7997421026229858,0.8719813454221661,0.7376173883981841,9.43855624071986,9.32749252003603,7.976911121789303,2.5057997703552246,2.3380689175154945
hybrid2:v3_2mic,0045_crew_babble_tir10,crew_babble,10.0,7.0220679253425775,2.0391290187835693,0.8846118638742663,0.7978256480056857,10.584515093307765,10.028309884234911,7.149340541153717,2.7446680068969727,3.0062419588923337
hybrid2:v3_2mic,0046_crew_babble_tir10,crew_babble,10.0,6.995201156684074,1.7053966522216797,0.9100132587722912,0.7134937144333018,13.10794600135819,13.030396344060623,6.918261650726621,2.315940618515014,6.035195187376549
hybrid2:v3_2mic,0047_crew_babble_tir10,crew_babble,10.0,6.983119682322973,2.2730679512023926,0.8358980401372386,0.6979749387906904,13.665853318883984,13.840712498249772,10.109984245813507,2.9335596561431885,6.857592815926799
hybrid2:v3_2mic,0048_crew_babble_tir10,crew_babble,10.0,6.989882390768647,2.2873849868774414,0.9366220434644712,0.9094738604379252,15.166735568221926,14.771919825728334,11.486178611101437,2.805102825164795,7.782037434959687
hybrid2:v3_2mic,0049_crew_babble_tir10,crew_babble,10.0,6.976901700928977,2.233278512954712,0.9478836663168264,0.8802084377322762,10.79423558435073,10.449153477591688,7.340801354448065,2.9238572120666504,3.472251776662711
hybrid2:v3_2mic,0050_crew_babble_tir10,crew_babble,10.0,6.967577758024291,2.6902852058410645,0.9852387763931448,0.9620404345728912,17.4649421238435,17.517019060276045,9.901396654585003,3.493515968322754,10.549441302251754
hybrid2:v3_2mic,0051_crew_babble_tir10,crew_babble,10.0,6.990521902372865,2.202524423599243,0.9359189382800498,0.843358723247242,15.347624515704355,15.421403863060238,8.679245161815112,2.9362540245056152,8.430881960687373
hybrid2:v3_2mic,0052_crew_babble_tir10,crew_babble,10.0,6.979691654199824,2.1121621131896973,0.7623347846135213,0.6380855733719362,16.049215832125643,16.005552660474876,8.650774696564733,3.0631070137023926,9.025861006275052
hybrid2:v3_2mic,0053_crew_babble_tir10,crew_babble,10.0,7.034076715826708,1.958458662033081,0.9052349991514376,0.8387439184698957,15.480706334737402,15.586459405514194,7.592003597465446,2.4126272201538086,8.552382689687487
hybrid2:v3_2mic,0054_crew_babble_tir10,crew_babble,10.0,6.960948622143098,2.066685199737549,0.8923895960320942,0.8001762011515244,15.613131805342338,15.708196561753429,10.11719964870182,2.84049654006958,8.74724793961033
hybrid2:v3_2mic,0055_crew_babble_tir10,crew_babble,10.0,6.994009484177733,2.343454360961914,0.8573617933084361,0.7504690552775972,15.375576851825183,15.4553130888429,12.289708342040957,2.919205665588379,8.461303604665167
hybrid2:v3_2mic,0056_crew_babble_tir10,crew_babble,10.0,7.001144317773101,2.779205560684204,0.9658207858165976,0.8991066838790095,13.99288944043679,14.083336843008045,9.299700927731232,3.4428036212921143,7.082192525234942
hybrid2:v3_2mic,0057_crew_babble_tir10,crew_babble,10.0,7.006952499527093,2.094712734222412,0.9364663234810888,0.8298547402828675,14.210794686449708,14.214879325467177,8.117216131654173,2.956559181213379,7.207926825940084
hybrid2:v3_2mic,0058_crew_babble_tir10,crew_babble,10.0,6.975402094075345,2.818155527114868,0.9727544861682756,0.9254029389851018,16.025888030347517,16.119659953920017,10.300879037748915,3.415458917617798,9.144257859844672
hybrid2:v3_2mic,0059_crew_babble_tir10,crew_babble,10.0,7.014671402199102,2.081583023071289,0.8913647494038284,0.7906612842200182,11.58667195891564,11.636329416975911,8.803722625125959,2.942136526107788,4.621658014776809
dnn:v3hq_cont,0000_crew_babble_tir00,crew_babble,0.0,-0.42578965337690405,1.131420373916626,0.6436070943520806,0.37144843342794365,0.3463831255854002,0.8553990571517311,0.3012203039646931,1.5572532415390015,1.2811887105286353
dnn:v3hq_cont,0001_crew_babble_tir00,crew_babble,0.0,-0.41992794281261325,1.0896891355514526,0.547378836424518,0.3010438118720022,0.8616324194301467,1.355120010358359,-1.6998233478389995,1.5231561660766602,1.7750479531709722
dnn:v3hq_cont,0002_crew_babble_tir00,crew_babble,0.0,-0.42144701642650934,1.1102535724639893,0.7085510300641769,0.4209122748148736,0.13384847241645303,0.3349142797870816,-2.4713787931845856,1.6091361045837402,0.7563612962135909
dnn:v3hq_cont,0003_crew_babble_tir00,crew_babble,0.0,-0.432017564426873,1.1270116567611694,0.668713488583749,0.4663468613473706,0.2907965835228609,0.9428531304913544,1.423128046548921,1.3517242670059204,1.3748706949182274
dnn:v3hq_cont,0004_crew_babble_tir00,crew_babble,0.0,-0.39776057377864854,1.102198600769043,0.6086195536307614,0.3543952044951223,-0.05815994971102977,0.20485894640266883,1.524452410518634,1.2297711372375488,0.6026195201813174
dnn:v3hq_cont,0005_crew_babble_tir00,crew_babble,0.0,-0.43248366329491533,1.1730622053146362,0.7544556826988174,0.5853125713416841,0.43742607655550414,0.5225594194959531,-1.3552001597858727,1.698061227798462,0.9550430827908685
dnn:v3hq_cont,0006_crew_babble_tir00,crew_babble,0.0,-0.4183316153777778,1.1745119094848633,0.657454810331113,0.46545098790692735,0.13151770502071478,0.5392216951012668,1.9106301955901055,1.6424188613891602,0.9575533104790446
dnn:v3hq_cont,0007_crew_babble_tir00,crew_babble,0.0,-0.3941233521354236,1.0936815738677979,0.673299633302656,0.4523590101505924,-0.09845114545763234,1.365824215991149,1.3300530096591885,1.5714123249053955,1.7599475681265724
dnn:v3hq_cont,0008_crew_babble_tir00,crew_babble,0.0,-0.4258645627133211,1.0853965282440186,0.6905856284128213,0.4137370929768602,-0.06826470484550672,0.15397995574194556,0.7962759931122098,1.4368631839752197,0.5798445184552667
dnn:v3hq_cont,0009_crew_babble_tir00,crew_babble,0.0,-0.43463810041385087,1.0631237030029297,0.688039219012863,0.35244237281289126,-0.01444361315461128,1.1578604481193442,-0.20621089746767485,1.410190224647522,1.592498548533195
dnn:v3hq_cont,0010_crew_babble_tir00,crew_babble,0.0,-0.4092178141275786,1.17667818069458,0.7683166440095685,0.5760797672815342,0.3296367189541548,0.5622944216537386,0.8012650649637354,1.6543948650360107,0.9715122357813172
dnn:v3hq_cont,0011_crew_babble_tir00,crew_babble,0.0,-0.4046335131888041,1.0715055465698242,0.5731106438919682,0.33041148654546126,-0.3405873047424217,0.4194294293043145,-1.6095465396636084,1.3779572248458862,0.8240629424931185
dnn:v3hq_cont,0012_crew_babble_tir00,crew_babble,0.0,-0.3982769242270795,1.1724791526794434,0.725395112424376,0.5817006282304549,0.20379995886981433,0.1916068909574586,0.43299245259787683,1.7891901731491089,0.589883815184538
dnn:v3hq_cont,0013_crew_babble_tir00,crew_babble,0.0,-0.407787825898992,1.0893959999084473,0.4994732254072063,0.28877910571055765,0.9358374790166719,1.6389440255156917,-0.44692645045168167,1.5643571615219116,2.046731851414684
dnn:v3hq_cont,0014_crew_babble_tir00,crew_babble,0.0,-0.4271272056293143,1.1190288066864014,0.7260106290192556,0.381747548955669,0.15588605586908214,0.8407515675051793,-1.4306949345640816,1.5996098518371582,1.2678787731344936
dnn:v3hq_cont,0015_crew_babble_tir00,crew_babble,0.0,-0.39754431139992,1.1304045915603638,0.6191165757257502,0.3720451295161276,0.8261161291362842,1.5193844986274376,-2.2386605243689797,1.4820173978805542,1.9169288100273576
dnn:v3hq_cont,0016_crew_babble_tir00,crew_babble,0.0,-0.40100217191443954,1.1385096311569214,0.6972184891268787,0.47325514239256294,-0.21877688724584965,1.1073240410273535,-0.7349686962981938,1.5443081855773926,1.508326212941793
dnn:v3hq_cont,0017_crew_babble_tir00,crew_babble,0.0,-0.4117845133944491,1.1425259113311768,0.7251746109586256,0.5064515453173905,-0.7853258205622669,-0.20879108201150987,1.971517773577829,1.5926114320755005,0.20299343138293924
dnn:v3hq_cont,0018_crew_babble_tir00,crew_babble,0.0,-0.3720878579974689,1.1104178428649902,0.7123127048303067,0.5692213840620386,1.6889990211852846,2.226946971234401,1.9320688504898138,1.405611515045166,2.5990348292318703
dnn:v3hq_cont,0019_crew_babble_tir00,crew_babble,0.0,-0.4116865394445719,1.0826964378356934,0.5779959389104828,0.391358400633578,0.8373516135710664,1.371920762694826,0.01095007857832504,1.604055404663086,1.7836073021393979
dnn:v3hq_cont,0020_crew_babble_tir05,crew_babble,5.0,3.8270418032191738,1.2200496196746826,0.8004869350617645,0.5846802620071321,5.319561267175014,5.326728598169205,2.7784275267642573,1.7801591157913208,1.4996867949500312
dnn:v3hq_cont,0021_crew_babble_tir05,crew_babble,5.0,3.7983654230757065,1.4730381965637207,0.8772138171868415,0.6721032436292225,6.1528008833400385,6.433854044217526,5.0574047864937075,2.3610875606536865,2.6354886211418194
dnn:v3hq_cont,0022_crew_babble_tir05,crew_babble,5.0,3.8421544558224068,1.2699391841888428,0.8443444097225169,0.6953557141801039,5.775017473176422,5.843074487547531,3.9019223436981187,2.070889949798584,2.000920031725124
dnn:v3hq_cont,0023_crew_babble_tir05,crew_babble,5.0,3.815554480255996,1.1493905782699585,0.8207257861861915,0.5718289989482644,5.146481699121228,5.23446553098913,3.4019456149108955,1.7018715143203735,1.4189110507331342
dnn:v3hq_cont,0024_crew_babble_tir05,crew_babble,5.0,3.779686115691894,1.2179090976715088,0.7683593194119025,0.6420444269831467,6.225025475940333,6.523739269038015,5.461682104751636,1.6626615524291992,2.7440531533461208
dnn:v3hq_cont,0025_crew_babble_tir05,crew_babble,5.0,3.8404131183750407,1.1409356594085693,0.7804693176858014,0.5780485645291124,5.622306889178505,5.695700491976393,4.855103986189409,1.5962557792663574,1.8552873736013527
dnn:v3hq_cont,0026_crew_babble_tir05,crew_babble,5.0,3.7955741848575197,1.2679495811462402,0.7972402656597741,0.5998165994841617,6.205383279948134,6.616125669553041,4.421752363681706,2.0457324981689453,2.820551484695521
dnn:v3hq_cont,0027_crew_babble_tir05,crew_babble,5.0,3.782982886030296,1.2947642803192139,0.7858570906700475,0.4772905742331867,6.177803774025229,6.571763985324268,1.6116669049017645,1.9168580770492554,2.7887810992939723
dnn:v3hq_cont,0028_crew_babble_tir05,crew_babble,5.0,3.7930313288106774,1.0994106531143188,0.6677999955864121,0.38109837662120805,5.445780964317941,5.6279539963272835,3.45081734909763,1.3852808475494385,1.8349226675166062
dnn:v3hq_cont,0029_crew_babble_tir05,crew_babble,5.0,3.8363746733876547,1.1045527458190918,0.7683867308696501,0.5420901325967623,4.6504859061408785,5.197666087639613,3.641166659472092,1.5512185096740723,1.361291414251958
dnn:v3hq_cont,0030_crew_babble_tir05,crew_babble,5.0,3.8331010951864277,1.325714111328125,0.8231027842166284,0.6486418103681132,6.471979359634359,6.929180700925828,5.493446107748147,2.1758458614349365,3.0960796057394004
dnn:v3hq_cont,0031_crew_babble_tir05,crew_babble,5.0,3.7999473219248427,1.2443623542785645,0.8695779824832327,0.621686366140118,5.686181594983935,5.601340029827262,3.0044704241241713,1.8300912380218506,1.8013927079024192
dnn:v3hq_cont,0032_crew_babble_tir05,crew_babble,5.0,3.815087374388442,1.3176074028015137,0.828666119277167,0.6720933450022987,5.631866266391558,5.735595766940752,6.185940701411712,1.9978630542755127,1.9205083925523097
dnn:v3hq_cont,0033_crew_babble_tir05,crew_babble,5.0,3.7799499556607548,1.0721862316131592,0.7240959657301508,0.5424795279647293,5.008122985603526,5.681122438933997,4.784853027796195,1.473878026008606,1.9011724832732422
dnn:v3hq_cont,0034_crew_babble_tir05,crew_babble,5.0,3.768831181971844,1.2088370323181152,0.7632525634312172,0.59109415005765,7.033572815651031,6.929699898362075,3.802686076877434,1.5640478134155273,3.160868716390231
dnn:v3hq_cont,0035_crew_babble_tir05,crew_babble,5.0,3.8385854025075323,1.115269660949707,0.8748003906353993,0.7630754249801569,6.056524171616953,6.045039459223539,7.609117486308932,1.5349947214126587,2.206454056716007
dnn:v3hq_cont,0036_crew_babble_tir05,crew_babble,5.0,3.808431273409863,1.094157099723816,0.7100525065696645,0.5674518433071344,4.7240126108487175,5.274715952076113,4.9153577884919,1.447394609451294,1.4662846786662498
dnn:v3hq_cont,0037_crew_babble_tir05,crew_babble,5.0,3.78258625172706,1.212826132774353,0.9127760825632554,0.7627392505111791,5.551868480597902,5.582284161396364,2.6564262985959677,1.8730639219284058,1.7996979096693044
dnn:v3hq_cont,0038_crew_babble_tir05,crew_babble,5.0,3.7746994432419294,1.2842601537704468,0.7755710369649342,0.6244960671233833,4.628034931682637,5.2488944313516415,4.170226403351533,1.7914164066314697,1.474194988109712
dnn:v3hq_cont,0039_crew_babble_tir05,crew_babble,5.0,3.8869004185600358,1.1970903873443604,0.8353977712006924,0.6703240220140717,6.285760000659182,6.179542671768693,4.437430970744783,2.037320375442505,2.292642253208657
dnn:v3hq_cont,0040_crew_babble_tir10,crew_babble,10.0,6.991238067673243,1.5716344118118286,0.8872264366038922,0.7302727834023102,10.800058784318507,10.595001000702467,5.057198490304843,2.4365127086639404,3.6037629330292242
dnn:v3hq_cont,0041_crew_babble_tir10,crew_babble,10.0,6.998457343577994,1.2414408922195435,0.7681858276287223,0.6580661610978896,11.888032213293176,11.439442736684404,7.871654505454454,1.7968878746032715,4.44098539310641
dnn:v3hq_cont,0042_crew_babble_tir10,crew_babble,10.0,7.009422432707888,1.595201015472412,0.9230363850358421,0.773437275506688,10.731116486594596,10.640878570142462,3.5080157967085004,2.4683122634887695,3.631456137434574
dnn:v3hq_cont,0043_crew_babble_tir10,crew_babble,10.0,6.982830548354643,1.7204740047454834,0.9491981808902763,0.7634434532371672,9.996769981793541,10.012161082319048,6.025570213058331,2.6452534198760986,3.029330533964405
dnn:v3hq_cont,0044_crew_babble_tir10,crew_babble,10.0,6.989423602520535,1.5963677167892456,0.8749382358389347,0.7271740018727569,13.209058365670563,12.990179067465036,10.746125674346295,2.248479127883911,6.0007554649445005
dnn:v3hq_cont,0045_crew_babble_tir10,crew_babble,10.0,7.0220679253425775,1.6864252090454102,0.8959876551699268,0.7806947819778509,12.684816820738444,12.320250042743709,7.8028662237522655,2.3573670387268066,5.298182117401131
dnn:v3hq_cont,0046_crew_babble_tir10,crew_babble,10.0,6.995201156684074,1.3429784774780273,0.8747862572982995,0.6468889134613222,10.34918588727711,10.320148441276316,5.773757909628158,1.839430570602417,3.324947284592242
dnn:v3hq_cont,0047_crew_babble_tir10,crew_babble,10.0,6.983119682322973,1.391626238822937,0.7631875678260327,0.591813202127349,10.447349592762256,10.642091739274433,6.671731830908739,1.925048589706421,3.65897205695146
dnn:v3hq_cont,0048_crew_babble_tir10,crew_babble,10.0,6.989882390768647,1.3680318593978882,0.859302198605388,0.8060493602892543,10.471609248192857,10.179917675161786,9.84899178321607,1.9514293670654297,3.1900352843931383
dnn:v3hq_cont,0049_crew_babble_tir10,crew_babble,10.0,6.976901700928977,1.3547391891479492,0.8851107935282659,0.7476432615382883,10.28815133656315,10.07682169601921,6.535285260895435,1.866557002067566,3.0999199950902323
dnn:v3hq_cont,0050_crew_babble_tir10,crew_babble,10.0,6.967577758024291,1.3840428590774536,0.9414227831678031,0.8556573270426512,10.240337683120872,10.16293436223468,6.099841319590135,2.103471517562866,3.1953566042103887
dnn:v3hq_cont,0051_crew_babble_tir10,crew_babble,10.0,6.990521902372865,1.449395775794983,0.8858004369965125,0.7414206085346905,11.013184090443257,10.810606583853115,4.876641290102898,2.1135270595550537,3.8200846814802505
dnn:v3hq_cont,0052_crew_babble_tir10,crew_babble,10.0,6.979691654199824,1.615387201309204,0.6605545664892674,0.5211231883235805,11.582038474727181,11.476242214016397,3.542628749925009,2.4704504013061523,4.496550559816573
dnn:v3hq_cont,0053_crew_babble_tir10,crew_babble,10.0,7.034076715826708,1.2322406768798828,0.7890051873416822,0.6762415747972058,11.366522452101602,11.065527173098692,4.5214261611001545,1.5122066736221313,4.031450457271984
dnn:v3hq_cont,0054_crew_babble_tir10,crew_babble,10.0,6.960948622143098,1.6489179134368896,0.8489682949938443,0.7472149582485031,11.527524977470804,11.56112318426146,6.8394702539220615,2.5478641986846924,4.600174562118362
dnn:v3hq_cont,0055_crew_babble_tir10,crew_babble,10.0,6.994009484177733,1.1824917793273926,0.7274601629626005,0.6130099713204566,9.646463505104037,9.845708764272485,6.1950138758109805,2.2480063438415527,2.8516992800947527
dnn:v3hq_cont,0056_crew_babble_tir10,crew_babble,10.0,7.001144317773101,1.5803134441375732,0.8861672213040508,0.7288084622540463,10.502430652248545,10.432436053049665,6.3795921111301315,2.4189560413360596,3.431291735276564
dnn:v3hq_cont,0057_crew_babble_tir10,crew_babble,10.0,7.006952499527093,1.2180689573287964,0.8700825167951098,0.6358294933102372,9.3243582130207,9.263128470383977,4.194946583930219,2.0374104976654053,2.2561759708568845
dnn:v3hq_cont,0058_crew_babble_tir10,crew_babble,10.0,6.975402094075345,1.7723565101623535,0.937163610178961,0.8352889338996123,11.506443487463478,11.245436046605409,7.485272026964325,2.459134101867676,4.270033952530064
dnn:v3hq_cont,0059_crew_babble_tir10,crew_babble,10.0,7.014671402199102,1.472301959991455,0.8305290946070161,0.7306843567932644,9.592400597079667,9.745703223591835,7.55788621150207,2.3546290397644043,2.731031821392733
hybrid:v3hq_cont,0000_crew_babble_tir00,crew_babble,0.0,-0.42578965337690405,1.16511070728302,0.7074994875833294,0.43280687492797293,2.0929783527171257,2.6217563611758434,2.072678185331124,1.5871620178222656,3.0475460145527475
hybrid:v3hq_cont,0001_crew_babble_tir00,crew_babble,0.0,-0.41992794281261325,1.1413649320602417,0.6400104193133513,0.40431583231646406,4.119286397749839,4.371960218052654,0.47234740807769016,1.679255485534668,4.791888160865267
hybrid:v3hq_cont,0002_crew_babble_tir00,crew_babble,0.0,-0.42144701642650934,1.3048678636550903,0.8734514511780582,0.7155876447312547,7.34867511566116,7.874966403363853,1.854997385725687,2.016986608505249,8.296413419790362
hybrid:v3hq_cont,0003_crew_babble_tir00,crew_babble,0.0,-0.432017564426873,1.2223325967788696,0.7651843841289341,0.607038406729297,6.4724629499315185,6.901338311374307,5.606649184743413,1.8625905513763428,7.33335587580118
hybrid:v3hq_cont,0004_crew_babble_tir00,crew_babble,0.0,-0.39776057377864854,1.0882513523101807,0.6472909684028134,0.3937181782318311,2.061628890596954,2.32692505367201,3.1463626480345237,1.2383368015289307,2.7246856274506586
hybrid:v3hq_cont,0005_crew_babble_tir00,crew_babble,0.0,-0.43248366329491533,1.2112678289413452,0.8001412344551789,0.6613071300596216,2.522464456977217,2.5917353669094116,-0.32714258776639193,1.7600213289260864,3.024219030204327
hybrid:v3hq_cont,0006_crew_babble_tir00,crew_babble,0.0,-0.4183316153777778,1.252650260925293,0.7231307695022394,0.5477193437192694,1.2916929140540203,1.6455426124389192,3.565597528284936,1.830394983291626,2.063874227816697
hybrid:v3hq_cont,0007_crew_babble_tir00,crew_babble,0.0,-0.3941233521354236,1.1592904329299927,0.7631411686982242,0.5732801441059765,6.206547590337497,7.135147333080761,4.82284789701072,1.746891736984253,7.529270685216185
hybrid:v3hq_cont,0008_crew_babble_tir00,crew_babble,0.0,-0.4258645627133211,1.1744886636734009,0.7745140703077017,0.5424649589063951,3.177325906790967,3.3767341035734533,3.7510551531394416,1.5997239351272583,3.8025986662867743
hybrid:v3hq_cont,0009_crew_babble_tir00,crew_babble,0.0,-0.43463810041385087,1.1286762952804565,0.7949350353894198,0.5282963571814764,4.546923937266791,5.409126836107886,3.473387058068976,1.5757830142974854,5.843764936521737
hybrid:v3hq_cont,0010_crew_babble_tir00,crew_babble,0.0,-0.4092178141275786,1.2033861875534058,0.7951737867111212,0.6062803308512293,0.9738699699450699,1.3347585951092966,1.5590958589152828,1.7306599617004395,1.7439764092368752
hybrid:v3hq_cont,0011_crew_babble_tir00,crew_babble,0.0,-0.4046335131888041,1.0910112857818604,0.6338096050364662,0.39843588503900035,1.437850939554943,2.2426985303564972,-0.2178528415156412,1.4603573083877563,2.647332043545301
hybrid:v3hq_cont,0012_crew_babble_tir00,crew_babble,0.0,-0.3982769242270795,1.2001174688339233,0.7904315749855507,0.6588377877923832,2.866170318656567,4.0219290548408795,1.2078097945471264,1.8704829216003418,4.420205979067959
hybrid:v3hq_cont,0013_crew_babble_tir00,crew_babble,0.0,-0.407787825898992,1.2879235744476318,0.6120809722011016,0.4222632486374138,4.306467741445202,5.0867556581519855,3.419381141684063,1.9471931457519531,5.494543484050977
hybrid:v3hq_cont,0014_crew_babble_tir00,crew_babble,0.0,-0.4271272056293143,1.1518689393997192,0.77181324766266,0.4606895270856977,1.2307324331003584,1.8847278245733423,0.08806805260145566,1.6392570734024048,2.311855030202657
hybrid:v3hq_cont,0015_crew_babble_tir00,crew_babble,0.0,-0.39754431139992,1.148816704750061,0.6832039647301603,0.4600655238734705,3.5172807502344017,4.479889837495739,-0.007450432225787059,1.6229687929153442,4.877434148895659
hybrid:v3hq_cont,0016_crew_babble_tir00,crew_babble,0.0,-0.40100217191443954,1.1971834897994995,0.7873277070716548,0.5908882501208317,4.537818879566639,5.663771515774184,1.1366571430000618,1.6596989631652832,6.064773687688623
hybrid:v3hq_cont,0017_crew_babble_tir00,crew_babble,0.0,-0.4117845133944491,1.1677882671356201,0.7616594670579596,0.5610235455881611,0.6976344906377263,1.402345890849488,3.3178668396248305,1.6788508892059326,1.814130404243937
hybrid:v3hq_cont,0018_crew_babble_tir00,crew_babble,0.0,-0.3720878579974689,1.1837642192840576,0.7695400291762182,0.641856714604739,3.6971745007446293,4.180262374198753,3.5158639755835823,1.544480323791504,4.552350232196222
hybrid:v3hq_cont,0019_crew_babble_tir00,crew_babble,0.0,-0.4116865394445719,1.1620309352874756,0.6917094113843958,0.514316386688863,4.0097091706566115,4.6835373536886,2.326528511604357,1.813321590423584,5.095223893133172
hybrid:v3hq_cont,0020_crew_babble_tir05,crew_babble,5.0,3.8270418032191738,1.4327149391174316,0.8854445315414834,0.7632211080178382,9.08323733471205,9.15320182414725,5.856564476180847,2.0258564949035645,5.326160020928075
hybrid:v3hq_cont,0021_crew_babble_tir05,crew_babble,5.0,3.7983654230757065,1.5615992546081543,0.8968471449393262,0.7152116157561066,7.794257245538153,8.101237446745822,6.392211892664656,2.4738454818725586,4.3028720236701155
hybrid:v3hq_cont,0022_crew_babble_tir05,crew_babble,5.0,3.8421544558224068,1.3387882709503174,0.8712339310273308,0.7418491317956334,6.916791219000275,7.186010760325685,5.732959734504362,2.189079523086548,3.343856304503278
hybrid:v3hq_cont,0023_crew_babble_tir05,crew_babble,5.0,3.815554480255996,1.1984971761703491,0.8745868423949027,0.6634822444594364,7.997799488025185,8.527238395792411,6.253656298209455,1.8899067640304565,4.711683915536415
hybrid:v3hq_cont,0024_crew_babble_tir05,crew_babble,5.0,3.779686115691894,1.3844690322875977,0.8296296901851233,0.7356559665312231,8.224386007461634,8.65188485011053,7.853690028829327,1.8774142265319824,4.872198734418636
hybrid:v3hq_cont,0025_crew_babble_tir05,crew_babble,5.0,3.8404131183750407,1.3027150630950928,0.8475744869312745,0.7093902570292697,10.15251975015971,10.150960483515274,6.263178127165752,1.867327332496643,6.310547365140232
hybrid:v3hq_cont,0026_crew_babble_tir05,crew_babble,5.0,3.7955741848575197,1.4694536924362183,0.8581873018836255,0.6926190912093522,8.79685706725344,9.075600996348664,6.931938222130959,2.334444522857666,5.280026811491144
hybrid:v3hq_cont,0027_crew_babble_tir05,crew_babble,5.0,3.782982886030296,1.587958574295044,0.8543292126702756,0.585001723435054,10.303266893761872,10.664328368619673,6.828855230212239,2.412738800048828,6.881345482589377
hybrid:v3hq_cont,0028_crew_babble_tir05,crew_babble,5.0,3.7930313288106774,1.3265891075134277,0.873647922882993,0.6361363146465202,9.88345460212642,10.253170333114195,7.403483938456318,1.9739404916763306,6.460139004303517
hybrid:v3hq_cont,0029_crew_babble_tir05,crew_babble,5.0,3.8363746733876547,1.1498548984527588,0.8283936246986874,0.6597679978980324,8.28116847615679,8.785722696444594,7.02848069191904,1.7006194591522217,4.94934802305694
hybrid:v3hq_cont,0030_crew_babble_tir05,crew_babble,5.0,3.8331010951864277,1.4702115058898926,0.8686087500859438,0.7276841202684662,9.322478228063725,9.686026156715366,7.352026194521963,2.4137701988220215,5.852925061528938
hybrid:v3hq_cont,0031_crew_babble_tir05,crew_babble,5.0,3.7999473219248427,1.3865201473236084,0.9225885727410092,0.7637150728126011,7.906724937328966,7.819215067721878,5.134775541748934,1.9640917778015137,4.019267745797035
hybrid:v3hq_cont,0032_crew_babble_tir05,crew_babble,5.0,3.815087374388442,1.4703580141067505,0.8789064783047915,0.7520672470886274,6.974382719597623,7.56783594838807,7.867034802296197,2.3014891147613525,3.752748573999628
hybrid:v3hq_cont,0033_crew_babble_tir05,crew_babble,5.0,3.7799499556607548,1.1000326871871948,0.8054063438406257,0.6627407150833271,6.590638974860727,7.308382134683546,6.041457509071725,1.6673130989074707,3.5284321790227913
hybrid:v3hq_cont,0034_crew_babble_tir05,crew_babble,5.0,3.768831181971844,1.2344492673873901,0.8033197524050929,0.6395076905389828,8.247255857731625,8.812944289466776,5.536377619879024,1.6178498268127441,5.0441131074949315
hybrid:v3hq_cont,0035_crew_babble_tir05,crew_babble,5.0,3.8385854025075323,1.1316176652908325,0.890448053409668,0.802097753381725,6.512547306322897,7.285591015777073,6.894368822307188,1.6430065631866455,3.447005613269541
hybrid:v3hq_cont,0036_crew_babble_tir05,crew_babble,5.0,3.808431273409863,1.1062757968902588,0.7205840145005005,0.5725410761066089,4.531822766828955,5.545500633791832,5.31329167009467,1.4673490524291992,1.7370693603819691
hybrid:v3hq_cont,0037_crew_babble_tir05,crew_babble,5.0,3.78258625172706,1.4029302597045898,0.9486499181568075,0.8525407528301756,8.639535460479847,8.910877810965951,4.723841923012897,2.1803667545318604,5.128291559238892
hybrid:v3hq_cont,0038_crew_babble_tir05,crew_babble,5.0,3.7746994432419294,1.3689976930618286,0.8279706536951401,0.6958444614356155,7.749606670555994,8.397059970593569,5.791306333009426,1.8966865539550781,4.622360527351639
hybrid:v3hq_cont,0039_crew_babble_tir05,crew_babble,5.0,3.8869004185600358,1.360504150390625,0.8963300822413103,0.7701504772142372,9.506634280710639,9.797661455563937,6.819795030831647,2.3191635608673096,5.910761037003901
hybrid:v3hq_cont,0040_crew_babble_tir10,crew_babble,10.0,6.991238067673243,1.6503839492797852,0.8994305451009648,0.7627493050058156,9.479970695649754,9.916537947053865,4.5145962538171815,2.5050771236419678,2.9252998793806215
hybrid:v3hq_cont,0041_crew_babble_tir10,crew_babble,10.0,6.998457343577994,1.4764785766601562,0.8324434673797171,0.7239699434469912,16.40988404955069,16.493053693192785,12.004579314198548,2.1412439346313477,9.494596349614792
hybrid:v3hq_cont,0042_crew_babble_tir10,crew_babble,10.0,7.009422432707888,1.781473994255066,0.9474708224891796,0.8553592789097821,11.258163856165082,11.558367687229499,5.372388263086747,2.5763142108917236,4.548945254521611
hybrid:v3hq_cont,0043_crew_babble_tir10,crew_babble,10.0,6.982830548354643,2.013310670852661,0.9689613406480667,0.820154797106407,13.271006595358951,13.384515136818402,9.378956737272635,2.928363800048828,6.401684588463759
hybrid:v3hq_cont,0044_crew_babble_tir10,crew_babble,10.0,6.989423602520535,1.6573073863983154,0.8772990575909774,0.742633254963708,9.896344234276972,9.630483817981759,8.109859059611049,2.3468077182769775,2.6410602154612235
hybrid:v3hq_cont,0045_crew_babble_tir10,crew_babble,10.0,7.0220679253425775,1.6515223979949951,0.8798375768256811,0.7787045677416586,10.633335253835078,10.261983706901916,6.405062599124785,2.316788673400879,3.239915781559338
hybrid:v3hq_cont,0046_crew_babble_tir10,crew_babble,10.0,6.995201156684074,1.4090075492858887,0.8952735702928801,0.6976618539318382,12.30513799363436,12.467705276205027,7.161526124254458,2.0178308486938477,5.472504119520953
hybrid:v3hq_cont,0047_crew_babble_tir10,crew_babble,10.0,6.983119682322973,1.4665236473083496,0.7780179559043265,0.6124534160402254,11.190168617961394,11.487230573495118,7.637153046772004,1.9927067756652832,4.504110891172146
hybrid:v3hq_cont,0048_crew_babble_tir10,crew_babble,10.0,6.989882390768647,1.4317232370376587,0.8781909397885943,0.8409783378631519,10.845972709014148,11.133431049341059,9.799770537695261,1.9898865222930908,4.143548658572412
hybrid:v3hq_cont,0049_crew_babble_tir10,crew_babble,10.0,6.976901700928977,1.459511637687683,0.9132055757641384,0.8102477744003473,10.762814153363426,10.97590634264402,6.7417802442000205,1.977402687072754,3.999004641715043
hybrid:v3hq_cont,0050_crew_babble_tir10,crew_babble,10.0,6.967577758024291,1.4084515571594238,0.9480354595972031,0.8731480407706367,10.93652882220216,10.927361566705674,6.795497155079842,2.1376373767852783,3.959783808681383
hybrid:v3hq_cont,0051_crew_babble_tir10,crew_babble,10.0,6.990521902372865,1.4913324117660522,0.9087462281577426,0.7878394223304575,12.979963056371327,13.167112040014146,6.936859267447156,2.2604126930236816,6.1765901376412815
hybrid:v3hq_cont,0052_crew_babble_tir10,crew_babble,10.0,6.979691654199824,1.7721524238586426,0.6868684409476848,0.5620256826948423,12.680446164592247,12.882140524929413,5.001708451656586,2.5589041709899902,5.9024488707295895
hybrid:v3hq_cont,0053_crew_babble_tir10,crew_babble,10.0,7.034076715826708,1.3049206733703613,0.8159476429528405,0.7168061402278794,11.765930442130223,12.011903402015642,5.943196259108147,1.5680673122406006,4.977826686188934
hybrid:v3hq_cont,0054_crew_babble_tir10,crew_babble,10.0,6.960948622143098,1.7636586427688599,0.8600458593969451,0.7664558882256496,13.567043881664123,13.602173636894983,8.434261269814327,2.601485252380371,6.641225014751885
hybrid:v3hq_cont,0055_crew_babble_tir10,crew_babble,10.0,6.994009484177733,1.2956089973449707,0.7957426942662303,0.6807725368814647,11.69086111480713,11.886389454290372,8.056637720251784,2.389758586883545,4.892379970112639
hybrid:v3hq_cont,0056_crew_babble_tir10,crew_babble,10.0,7.001144317773101,1.9697210788726807,0.9385173281854011,0.8354860210924192,12.634130659263539,12.753794200382258,8.110319557056073,2.8747353553771973,5.752649882609156
hybrid:v3hq_cont,0057_crew_babble_tir10,crew_babble,10.0,7.006952499527093,1.2613738775253296,0.8915027565393211,0.6971169040289684,10.59886506004265,10.776293382591358,5.594586926837865,2.1598119735717773,3.769340883064266
hybrid:v3hq_cont,0058_crew_babble_tir10,crew_babble,10.0,6.975402094075345,2.0195205211639404,0.9518433478569722,0.873522778740074,14.563207667324367,14.622145080883854,9.69822985337756,2.7559807300567627,7.646742986808509
hybrid:v3hq_cont,0059_crew_babble_tir10,crew_babble,10.0,7.014671402199102,1.5000431537628174,0.8380279460955741,0.7392663275639831,9.714627013147982,10.058016326529806,7.315807347627448,2.4443252086639404,3.043344924330704
