system,id,case,snr_db,pesq_wb,stoi,estoi,sisdr,snr,segsnr,pesq_nb,attenuation_db,recovery_stoi,recovery_pesq_wb
noisy,0000_clip_heavy,clip_heavy,0.0,1.0795578956604004,0.750632086733954,0.6060370169460427,-2.3358398230404545,-0.1039120581881379,-2.7367326738463005,1.4348143339157104,,,
noisy,0001_clip_heavy,clip_heavy,5.0,1.061010718345642,0.717823692454996,0.5027688614922622,1.8033538678987004,3.991953759148704,0.0642794201952512,1.3993148803710938,,,
noisy,0002_clip_heavy,clip_heavy,0.0,1.2953041791915894,0.8755900748727935,0.8090855958394956,4.015230301404095,4.05891551762122,6.4098030100672965,1.7205548286437988,,,
noisy,0003_clip_heavy,clip_heavy,5.0,1.1099244356155396,0.7448769974273388,0.5267796546764757,4.843168016663605,5.357881221836692,1.9845390614465748,1.656785488128662,,,
noisy,0004_clip_heavy,clip_heavy,0.0,3.4915146827697754,0.9231285158595092,0.9269665767096724,0.1213940288293239,0.120123877174613,32.61515327067712,3.35550594329834,,,
noisy,0005_clip_heavy,clip_heavy,5.0,1.0960028171539309,0.7822928089051928,0.5573041149595651,0.2724188329725449,2.5998048486849306,-0.5656454887224593,1.5595238208770752,,,
noisy,0006_clip_heavy,clip_heavy,0.0,1.3163450956344604,0.8965960679475365,0.8902205214789911,0.0524274012374696,0.0554560060122274,17.72538510027433,1.8592774868011477,,,
noisy,0007_clip_heavy,clip_heavy,5.0,1.0792659521102903,0.7445296611227961,0.5976043639320138,0.6432217421682384,3.012532900240723,-1.4014097776913417,1.551210641860962,,,
noisy,0008_clip_heavy,clip_heavy,0.0,1.2517526149749756,0.9308106972393017,0.892773416101954,-0.201670487372367,-0.1867704646575049,14.338096245876743,2.119690418243408,,,
noisy,0009_clip_heavy,clip_heavy,5.0,1.0842511653900146,0.7373102608719937,0.5808851229900257,5.0575782934403914,5.128805594141271,2.4580172028686533,1.2715948820114136,,,
noisy,0010_clip_heavy,clip_heavy,0.0,1.1333717107772827,0.7391572824651012,0.5403433778567543,1.8283082344672952,3.641666885984745,4.327698774795754,1.4841692447662354,,,
noisy,0011_clip_heavy,clip_heavy,5.0,1.066011905670166,0.8253344701466442,0.5823899567135659,1.9565238435122287,3.755626265754032,-0.175208078302001,1.5267665386199951,,,
noisy,0012_clip_heavy,clip_heavy,0.0,1.2213830947875977,0.9439109100339912,0.8585093251234198,0.0485790840662787,0.2637781733746762,1.73483871429311,2.071805238723755,,,
noisy,0013_clip_heavy,clip_heavy,5.0,1.0877114534378052,0.7752677148162652,0.6388022036630958,-1.571408697806122,0.4864640505187351,-2.577596361150647,1.7368594408035278,,,
noisy,0014_clip_heavy,clip_heavy,0.0,1.096909523010254,0.8565427738443401,0.6481614607166377,-1.6256397542800871,-0.8030602926897668,3.909916471228027,1.5693237781524658,,,
noisy,0015_clip_heavy,clip_heavy,5.0,1.128795146942139,0.8395962745720227,0.6417971540718226,2.015571551386321,3.700593533567233,-0.6745997329083697,1.7413086891174316,,,
noisy,0016_clip_heavy,clip_heavy,0.0,1.5503156185150146,0.882403945779798,0.8211864570049774,0.9280468929830804,1.0605569937577255,6.447928999302501,2.4445478916168213,,,
noisy,0017_clip_heavy,clip_heavy,5.0,1.145781636238098,0.8284864304477383,0.6276129608825287,-0.7548246132141173,1.1033517810819946,-0.7895879680346084,1.8118927478790283,,,
noisy,0018_clip_heavy,clip_heavy,0.0,1.1226650476455688,0.7865526259952295,0.6835424851060337,0.1604793421423148,0.4742703923694281,3.407565005053379,1.4584932327270508,,,
noisy,0019_clip_heavy,clip_heavy,5.0,1.1988624334335327,0.9206465144398676,0.8634163413127898,5.144956891483826,5.2819535087432055,5.428338470142499,1.7452943325042725,,,
noisy,0020_clip_heavy,clip_heavy,0.0,1.1296764612197876,0.8057164644485901,0.6968983090864118,0.1974041995228046,2.357156396651268,5.651133096840378,1.962153673171997,,,
noisy,0021_clip_heavy,clip_heavy,5.0,1.1449530124664309,0.8830246899083197,0.7361282008421954,4.466700997740408,4.290488384630632,0.8062072059334483,1.6387102603912354,,,
noisy,0022_clip_heavy,clip_heavy,0.0,3.658958911895752,0.952190901431104,0.9612269954038142,5.694613286527394,5.729122583940981,33.64346877963881,3.454134225845337,,,
noisy,0023_clip_heavy,clip_heavy,5.0,1.150803804397583,0.7142296326795874,0.50042696105957,2.098664639783758,3.999003096472935,0.8765593605390277,1.7473797798156738,,,
noisy,0024_clip_heavy,clip_heavy,0.0,1.1215226650238037,0.720976528510317,0.5781299460824988,0.0139949872913354,0.2559467075318092,5.622932362985219,1.3980872631072998,,,
noisy,0025_clip_heavy,clip_heavy,5.0,1.2966639995574951,0.8672125112061507,0.692553250304096,4.966486606908104,5.227588170379555,6.285257437675969,2.031898021697998,,,
noisy,0026_clip_heavy,clip_heavy,0.0,1.0894438028335571,0.64461620488416,0.4787328966638816,-1.5106251036218628,-1.1327041121947043,9.136153378713203,1.3340061902999878,,,
noisy,0027_clip_heavy,clip_heavy,5.0,1.0614557266235352,0.7819612553130961,0.5583130481014688,2.7536123001480317,4.498331781225549,0.8544557123662886,1.4190565347671509,,,
noisy,0028_clip_heavy,clip_heavy,0.0,1.0633898973464966,0.7921167607847147,0.7338453856262643,-1.9532405839702969,-1.9599450584055147,0.3524203144775524,1.3619680404663086,,,
noisy,0029_clip_heavy,clip_heavy,5.0,1.0488462448120115,0.789401049632671,0.6681815134335932,5.552351132443825,5.72410329871131,2.290773291733891,1.3090758323669434,,,
noisy,0030_level_low,level_low,0.0,1.0329371690750122,0.7224967068504228,0.4637187440288678,-2.9758223501126335,-3.010046966794349,-5.047736012089503,1.3717005252838137,,,
noisy,0031_level_low,level_low,5.0,1.1233510971069336,0.7445141042375865,0.5353449802143899,4.967394801050752,5.000114206623937,1.168709406687207,1.6285195350646973,,,
noisy,0032_level_low,level_low,10.0,2.0639398097991943,0.975262559426937,0.9290441841266012,9.876784158764613,9.882682234972068,17.530175792654653,3.1097829341888428,,,
noisy,0033_level_low,level_low,0.0,1.1359869241714478,0.7840187526143025,0.6771865009746669,-0.4131791497703767,-0.2995027240832393,0.8154587069078506,1.7212471961975098,,,
noisy,0034_level_low,level_low,5.0,1.1440367698669434,0.8341181074515202,0.4788519850250786,4.7524069032589225,4.700316716556449,-1.4444666405291806,1.7538683414459229,,,
noisy,0035_level_low,level_low,10.0,1.5824673175811768,0.9115914237143644,0.821952880561306,9.077034369019676,9.048972643365444,3.7535679490797658,2.8376498222351074,,,
noisy,0036_level_low,level_low,0.0,1.0695046186447144,0.7298288447130397,0.5677727427461606,0.0006515288042007,-0.0436317993439588,1.8096943633267613,1.4141368865966797,,,
noisy,0037_level_low,level_low,5.0,1.2209640741348269,0.8550504789694422,0.7638479477650858,4.897821563789143,4.807579638814749,5.005085460314363,1.8982501029968264,,,
noisy,0038_level_low,level_low,10.0,1.093639850616455,0.8692182186832853,0.5962304242487944,9.592812773826555,9.605909078688118,3.3881394635742654,1.6422944068908691,,,
noisy,0039_level_low,level_low,0.0,1.396532416343689,0.92694898701869,0.8540183344342658,-1.4144953483061151,-1.3274116341973972,5.255226056498683,3.134596824645996,,,
noisy,0040_level_low,level_low,5.0,1.190959095954895,0.7912326584071085,0.6877559995978391,4.589344795990378,4.622303651545376,2.8330006506828767,1.5519077777862549,,,
noisy,0041_level_low,level_low,10.0,1.3968384265899658,0.8652403164936697,0.7028665478902396,10.014872706970468,10.000080507304432,5.422136348346841,2.119227409362793,,,
noisy,0042_level_low,level_low,0.0,1.1072754859924316,0.7110574288432088,0.4377097176233587,-2.386192650425793,-2.4915696071174476,-5.374417105994589,1.4650554656982422,,,
noisy,0043_level_low,level_low,5.0,1.095380783081055,0.7527365203975613,0.5807200194268503,4.24411587224712,4.225722884429857,-0.4193301903241844,1.3264899253845217,,,
noisy,0044_level_low,level_low,10.0,1.319765567779541,0.8939610597050973,0.7843039041708355,9.996408801712327,9.94192851799712,10.56400442611979,2.108362913131714,,,
noisy,0045_level_low,level_low,0.0,1.0580207109451294,0.5624844561727876,0.3764603199208857,-2.230173497311651,-2.218539986645753,-3.7663082514784136,1.4160419702529907,,,
noisy,0046_level_low,level_low,5.0,1.3288663625717163,0.8823999085130921,0.6225647303454371,4.730328224877688,4.746650343464937,0.6143671774841594,2.1631548404693604,,,
noisy,0047_level_low,level_low,10.0,2.408897876739502,0.8941194708589525,0.8336252786578968,9.90824156639685,9.89746125630132,7.013537812962763,3.9503772258758545,,,
noisy,0048_level_low,level_low,0.0,1.307969093322754,0.8842750713375701,0.8450909081039987,-1.6198316387020242,-1.6536836383445197,15.19330165569289,1.8780076503753664,,,
noisy,0049_level_low,level_low,5.0,1.0803581476211548,0.7132333086093561,0.5297449892831143,4.076512754628115,4.049049336051739,0.636281042766304,1.4595637321472168,,,
noisy,0050_level_low,level_low,10.0,1.1488759517669678,0.8140035767307395,0.6619509178582683,9.525926021739116,9.526251993120006,3.5015612078624434,1.5473344326019287,,,
noisy,0051_level_low,level_low,0.0,1.4632177352905271,0.9535890764490158,0.7490066572263879,-0.2154868895931563,-0.2227567081202791,-1.1093116120783304,2.224328994750977,,,
noisy,0052_level_low,level_low,5.0,1.1947344541549685,0.9404290177408126,0.7239054328100762,-0.5253014053125361,-0.4767393459158965,1.3111406153872776,1.9121840000152588,,,
noisy,0053_level_low,level_low,10.0,1.0899937152862549,0.797766309063457,0.6945700962827832,9.918894364696108,9.911896799046644,13.340262384535,1.5116732120513916,,,
noisy,0054_level_low,level_low,0.0,1.0566450357437134,0.5584263492151182,0.3056983969019157,-0.2943308213491919,-0.3305214619250043,-4.166893444464194,1.3209491968154907,,,
noisy,0055_level_low,level_low,5.0,1.053970217704773,0.7968384407475457,0.6395924040146104,4.199448140327669,4.208242423355075,0.4021475762594695,1.394537329673767,,,
noisy,0056_level_low,level_low,10.0,2.427931547164917,0.9537668949219928,0.957379720750024,9.577958351590368,9.574426142201215,26.41288777944241,3.4707682132720947,,,
noisy,0057_level_low,level_low,0.0,1.065678596496582,0.6934553543524834,0.4170125559699271,0.013879551575411,-0.1173964116846539,-3.483040651216132,1.4129245281219482,,,
noisy,0058_level_low,level_low,5.0,1.1415433883666992,0.7201893564748381,0.5117629342102938,5.0438692262063025,5.000098843833655,-0.3788184076974918,2.362964630126953,,,
noisy,0059_level_low,level_low,10.0,1.3620270490646362,0.905070553531518,0.7866759219138549,9.965056950735336,9.97075606852219,6.07309180158901,2.103170871734619,,,
noisy,0060_level_high,level_high,5.0,1.1513092517852783,0.8184878058813622,0.5703412809660083,3.564680682029244,3.5733145381151337,-0.6565510552847814,1.721136450767517,,,
noisy,0061_level_high,level_high,10.0,1.2631111145019531,0.7900770437533529,0.5757925192479512,9.37314709674394,9.395197933776627,4.27201602298236,1.893136978149414,,,
noisy,0062_level_high,level_high,5.0,1.3980554342269895,0.8918634219120735,0.7716935342902016,4.783844103074381,4.746755520694856,9.453005017271655,2.394108533859253,,,
noisy,0063_level_high,level_high,10.0,1.196853518486023,0.8804772818206481,0.7163470054309256,9.988574735582972,9.970959733690115,6.705535420345178,1.8425312042236328,,,
noisy,0064_level_high,level_high,5.0,1.500037431716919,0.8778858398573534,0.6318844289006429,3.790316144782682,3.751041239272115,-1.9086695963181683,2.510265588760376,,,
noisy,0065_level_high,level_high,10.0,1.393883466720581,0.890842160908444,0.7370850921141043,9.983426982651768,9.999933399947343,3.0613847584256138,2.594871997833252,,,
noisy,0066_level_high,level_high,5.0,1.155173897743225,0.7908529122426464,0.6356898830976403,4.723776813338409,4.731257860922224,4.757689858178232,1.5132460594177246,,,
noisy,0067_level_high,level_high,10.0,1.3937911987304688,0.9111941128319964,0.8110588644830827,7.976924191634649,8.01642458195427,1.1967861242597222,2.438986301422119,,,
noisy,0068_level_high,level_high,5.0,1.0571627616882324,0.6998202487156059,0.5050141321889671,5.01823816786451,5.000001582953515,-0.8582488569002235,1.519914150238037,,,
noisy,0069_level_high,level_high,10.0,1.640850305557251,0.9404712246461496,0.7648819441207215,9.95084176130751,9.985548406805677,3.7968369471787,2.5321929454803467,,,
noisy,0070_level_high,level_high,5.0,1.1252193450927734,0.813088092697722,0.6639968540715989,3.3054758067560233,3.3038634326247123,4.522999727023437,1.4640332460403442,,,
noisy,0071_level_high,level_high,10.0,1.3691428899765017,0.9235825077471048,0.7800893468759035,6.941392482658402,6.902492241038222,4.92572395143077,2.28421401977539,,,
noisy,0072_level_high,level_high,5.0,1.166304111480713,0.8188713384953374,0.631880786955096,2.3637707025038535,2.2971642696517924,-1.742131960091343,1.472890019416809,,,
noisy,0073_level_high,level_high,10.0,1.1605041027069092,0.8745571101474604,0.6884151594040052,9.253871262756412,9.26029546269098,4.746258090499387,1.791995882987976,,,
noisy,0074_level_high,level_high,5.0,1.266209602355957,0.8934976874598407,0.7615532362160984,4.041261652146229,4.085023585624011,5.972377725537799,1.7876009941101074,,,
noisy,0075_level_high,level_high,10.0,1.4229527711868286,0.928924155883661,0.8643357382795833,9.255904377186058,9.260094759649585,5.52917665793442,2.3313164710998535,,,
noisy,0076_level_high,level_high,5.0,1.0592955350875854,0.7791383324426713,0.5199873935277383,3.912886408852824,3.90401354475743,-2.6082060784345913,1.318328857421875,,,
noisy,0077_level_high,level_high,10.0,1.2728271484375,0.891758268578732,0.6568929038270639,9.990917776615394,10.000017399655263,3.75118440347595,1.7206181287765503,,,
noisy,0078_level_high,level_high,5.0,1.3167935609817505,0.8324748476754965,0.7266877360729722,4.987280808902392,4.985482257564076,11.845202090327223,1.7764793634414673,,,
noisy,0079_level_high,level_high,10.0,1.0631699562072754,0.9075556883256336,0.7311640474429039,6.925013779561154,6.931445022757483,3.6585147257608104,1.3754249811172483,,,
noisy,0080_level_high,level_high,5.0,1.0669090747833252,0.8438759664150731,0.6088729447362975,4.342750492758814,4.345151209675499,-0.5020916928321053,1.552265167236328,,,
noisy,0081_level_high,level_high,10.0,1.1859418153762815,0.908263246438498,0.7504875002113314,9.461816781829803,9.477972302675672,1.9419742845301655,1.862633228302002,,,
noisy,0082_level_high,level_high,5.0,1.312814474105835,0.8607138234034865,0.7832081954695098,3.685423207862064,3.69279832147223,6.6739316384458816,2.394477367401123,,,
noisy,0083_level_high,level_high,10.0,1.113459229469299,0.9121555355162502,0.769415815988067,9.635097431667353,9.494021200502322,3.4879947073176982,1.733473300933838,,,
noisy,0084_level_high,level_high,5.0,1.123776912689209,0.7243148028449636,0.48872678051024,4.779964025706215,4.716014299322792,-0.6857573700886911,1.668605089187622,,,
noisy,0085_level_high,level_high,10.0,1.1804447174072266,0.9348830280718444,0.8678829232423092,7.255460701297357,7.269995955011304,7.451364799068833,1.893954515457153,,,
noisy,0086_level_high,level_high,5.0,1.4096020460128784,0.915984104483343,0.8128356568147227,4.65102412367599,4.777247477954552,8.811353293005329,2.2843611240386963,,,
noisy,0087_level_high,level_high,10.0,1.529672384262085,0.9551293778945872,0.8452053046224918,9.938542969695336,9.927012520258526,6.265016550563406,2.3430819511413574,,,
noisy,0088_level_high,level_high,5.0,1.2482362985610962,0.8465788956585196,0.6669899234092919,4.003980579916573,4.030892563386272,1.4900855444378052,1.8365025520324707,,,
noisy,0089_level_high,level_high,10.0,1.314853310585022,0.8780022745624922,0.6859743410676384,9.24236877771767,9.24293321147482,1.7512154552495844,2.2015631198883057,,,
noisy,0090_reverb_cabin,reverb_cabin,5.0,1.6295151710510254,0.986389490107036,0.9587511933792968,3.2550629684951953,3.2393390020557304,-1.2403232831926307,3.2320380210876465,,,
noisy,0091_reverb_cabin,reverb_cabin,10.0,1.5622320175170898,0.9667379580650056,0.8679995047786295,5.991464251747331,5.855416462648546,1.5329268287421385,2.633997917175293,,,
noisy,0092_reverb_cabin,reverb_cabin,5.0,1.1966017484664917,0.8657025044679172,0.69095109158459,0.5665673399573155,0.467215985908349,-2.435543081020369,1.8359267711639404,,,
noisy,0093_reverb_cabin,reverb_cabin,10.0,1.222191572189331,0.7999230814770261,0.6080259647342457,9.986814481371317,9.995991208981827,4.437707570506183,1.9679641723632812,,,
noisy,0094_reverb_cabin,reverb_cabin,5.0,1.088813066482544,0.7101627099098023,0.4927532314634635,0.0096675984070223,-0.0211215436702571,-2.8184157011258884,1.5227519273757937,,,
noisy,0095_reverb_cabin,reverb_cabin,10.0,1.173216700553894,0.8034349014542885,0.5345368702319195,2.700443660061975,2.63835038695992,-1.590612769765893,1.8979201316833496,,,
noisy,0096_reverb_cabin,reverb_cabin,5.0,1.1562235355377195,0.7004573397852819,0.4258605625796879,1.980371094547875,2.034060193666934,-2.782745365368907,1.8058290481567385,,,
noisy,0097_reverb_cabin,reverb_cabin,10.0,1.1699998378753662,0.7804417768172298,0.5875410254831335,-0.0671306487613932,-0.1155787977354396,-2.560281851159663,1.512874722480774,,,
noisy,0098_reverb_cabin,reverb_cabin,5.0,1.1945765018463137,0.8501140985504689,0.6706016115925029,4.637966708672388,4.6239223763048605,1.4259440390414493,2.1353776454925537,,,
noisy,0099_reverb_cabin,reverb_cabin,10.0,1.4421272277832031,0.8755058011165852,0.6658559955806653,8.144535748812437,8.141440417111104,2.146081588417234,1.953780174255371,,,
noisy,0100_reverb_cabin,reverb_cabin,5.0,1.0787370204925537,0.7796080512152094,0.4765915930806757,-1.013035663132574,-0.959456585605713,-5.632993780620857,1.4931080341339111,,,
noisy,0101_reverb_cabin,reverb_cabin,10.0,1.5690193176269531,0.9155387842834208,0.7045657744783211,9.423771359191043,9.402245427248678,2.165798309766787,2.3782200813293457,,,
noisy,0102_reverb_cabin,reverb_cabin,5.0,1.0632175207138062,0.7454280324209008,0.5283643729837644,1.5527056971651314,1.5328328663327735,-1.1408431796280822,1.5438132286071775,,,
noisy,0103_reverb_cabin,reverb_cabin,10.0,1.2047886848449707,0.6614401139386891,0.4456974542200382,0.1852992034986225,-0.1296204723034671,-3.623820189188184,1.762082576751709,,,
noisy,0104_reverb_cabin,reverb_cabin,5.0,1.14307701587677,0.585425200843845,0.3579110642671,3.638667341117026,3.7813891330606246,-0.7058074245770701,1.740108609199524,,,
noisy,0105_reverb_cabin,reverb_cabin,10.0,1.245686411857605,0.8605228945309263,0.710067483945085,7.30889817476799,7.337206008560092,0.5305139289428611,2.078775405883789,,,
noisy,0106_reverb_cabin,reverb_cabin,5.0,1.11565363407135,0.7362433552655513,0.4789558803712468,1.4145039108544266,1.3823117353667125,-3.5780621365200145,1.9896817207336424,,,
noisy,0107_reverb_cabin,reverb_cabin,10.0,1.3130065202713013,0.943734227502465,0.7996467165459332,9.152355776942368,9.150195694639228,3.8539745094540634,2.18471360206604,,,
noisy,0108_reverb_cabin,reverb_cabin,5.0,1.070765256881714,0.7681483636267898,0.5545588425964996,1.5181138707526969,1.46128748440435,-3.017577823257918,1.8867576122283936,,,
noisy,0109_reverb_cabin,reverb_cabin,10.0,1.4211596250534058,0.8454441910018116,0.6606459078606236,4.921680195747749,4.898800077669541,-0.6034667471635645,1.862926006317139,,,
noisy,0110_reverb_cabin,reverb_cabin,5.0,1.0779907703399658,0.8893576967458893,0.6632063956374522,3.971431137487151,3.893338007592817,-0.5818041318370462,1.3919036388397217,,,
noisy,0111_reverb_cabin,reverb_cabin,10.0,1.1778564453125,0.8349965003235198,0.6859199602799464,6.950266919522294,6.946114613878327,2.492398926043075,1.63189435005188,,,
noisy,0112_reverb_cabin,reverb_cabin,5.0,1.235565423965454,0.7813492060031532,0.5362397351442467,4.307786816066462,3.755247905959008,-2.5213194878092935,1.7675552368164062,,,
noisy,0113_reverb_cabin,reverb_cabin,10.0,1.5078331232070925,0.9276781538011948,0.8382086297621356,5.685788062120544,5.639241096958175,0.7782743837379787,2.4572699069976807,,,
noisy,0114_reverb_cabin,reverb_cabin,5.0,1.043612360954285,0.6013953994572706,0.3405694247548181,1.843257002035952,0.9382752609920076,-3.2566853203042494,1.4655542373657229,,,
noisy,0115_reverb_cabin,reverb_cabin,10.0,1.3739627599716189,0.9187972167073168,0.779938882972468,8.957386507516615,8.965715358664598,2.456003495019667,2.16825008392334,,,
noisy,0116_reverb_cabin,reverb_cabin,5.0,1.0800548791885376,0.7640482752655771,0.4479042262490493,2.6395409938189935,2.6589741768540733,-4.1720830404537415,1.4578174352645874,,,
noisy,0117_reverb_cabin,reverb_cabin,10.0,1.206344485282898,0.9132208572188028,0.7574272748293446,8.94533338486464,8.941858371092103,3.0136389456534323,1.6446301937103271,,,
noisy,0118_reverb_cabin,reverb_cabin,5.0,1.086323618888855,0.82407943228928,0.6048762134368294,4.858801379868298,4.907253323923511,0.5632498283010894,1.5973931550979614,,,
noisy,0119_reverb_cabin,reverb_cabin,10.0,1.1394476890563965,0.6530827442760577,0.4972123583957133,2.065937198597192,1.5639477772430532,-0.7413914430872538,1.6165878772735596,,,
noisy,0120_radio_band,radio_band,5.0,1.2283216714859009,0.8872396737530237,0.7360881411648329,6.0280292314418755,6.042822684737628,-0.0016318039966937,1.5192608833312988,,,
noisy,0121_radio_band,radio_band,10.0,1.4132285118103027,0.8629358583795368,0.7525209810277206,7.773227541131218,7.832294584506232,0.6784566727979038,1.73746657371521,,,
noisy,0122_radio_band,radio_band,5.0,2.5067944526672363,0.9580022459962348,0.880087277771304,2.4012531227978897,2.4260427702651537,12.543288284020324,3.031381845474243,,,
noisy,0123_radio_band,radio_band,10.0,2.090562343597412,0.93060481087411,0.8472207910381488,12.177953370726426,12.170706734070675,7.656114519370768,2.402193784713745,,,
noisy,0124_radio_band,radio_band,5.0,1.408451795578003,0.8634371332850274,0.6478823649293278,1.4091309888978232,1.3917140478253605,-4.647728409763566,1.5885725021362305,,,
noisy,0125_radio_band,radio_band,10.0,1.9603385925292969,0.9204731117277792,0.8271054736903605,16.402647428085118,16.41028688814895,9.4002877081874,2.349391460418701,,,
noisy,0126_radio_band,radio_band,5.0,1.291460037231445,0.7733870236090438,0.6898718509903218,2.623861914981518,2.620603883707294,0.556449522714804,1.388797640800476,,,
noisy,0127_radio_band,radio_band,10.0,1.7401652336120603,0.9106281725431262,0.8169572573040931,10.254606672152942,10.257023942974117,6.338590704851841,2.1061177253723145,,,
noisy,0128_radio_band,radio_band,5.0,1.5785484313964844,0.7537544176848205,0.5159321589521669,7.072917271968615,7.107528928463055,-0.8517239856366517,1.8040094375610352,,,
noisy,0129_radio_band,radio_band,10.0,1.4552974700927734,0.9325431007264788,0.8215326075093129,10.507354415368846,10.483644755147044,4.330676986448231,1.7827186584472656,,,
noisy,0130_radio_band,radio_band,5.0,3.5004894733428955,0.9389078414513622,0.960908630836956,4.590305887324603,4.591864529932187,31.09745344796409,3.422806978225708,,,
noisy,0131_radio_band,radio_band,10.0,2.4183359146118164,0.9558188402993884,0.892228889750196,10.782160405638326,10.801779151024878,4.73433242494541,2.8591387271881104,,,
noisy,0132_radio_band,radio_band,5.0,3.709696531295776,0.99801822772456,0.98714971416676,25.119062505280077,25.108728739768296,16.449265563774254,3.955188512802124,,,
noisy,0133_radio_band,radio_band,10.0,1.933734893798828,0.8940898536229887,0.7361154124109694,10.169217780606232,10.182037024562993,0.6615076537384007,2.228544235229492,,,
noisy,0134_radio_band,radio_band,5.0,2.389780282974243,0.963679090216436,0.8760118355515635,6.034034177764786,6.0351135875305655,11.591851266650604,2.461276054382324,,,
noisy,0135_radio_band,radio_band,10.0,1.7461342811584473,0.9079133422655395,0.736095370626442,12.323854869792882,12.276400133460886,3.6956043617982446,2.0728492736816406,,,
noisy,0136_radio_band,radio_band,5.0,1.396787166595459,0.8073194754814765,0.6243170233843245,4.422119690795056,4.424159437032971,-2.016071117494062,1.746545672416687,,,
noisy,0137_radio_band,radio_band,10.0,1.7759997844696045,0.929657585697826,0.7825960838523428,12.219206109768123,12.2375038218137,1.050703241340448,2.173257112503052,,,
noisy,0138_radio_band,radio_band,5.0,4.295146942138672,0.9968374916937608,0.9903731793365678,27.957062922341574,27.954537707647184,31.325642868998532,4.322190761566162,,,
noisy,0139_radio_band,radio_band,10.0,1.9791104793548584,0.9445222259778931,0.8285793795994921,14.096964058332624,14.087266139999496,8.064498984309068,2.257057428359986,,,
noisy,0140_radio_band,radio_band,5.0,1.3178633451461792,0.7848046308898698,0.5559553624140147,5.309078949551253,5.357875124457334,-0.803330576331229,1.562574863433838,,,
noisy,0141_radio_band,radio_band,10.0,2.21475887298584,0.9677555722829808,0.9195618761489492,18.39182543752328,18.396290066627547,14.451226537266969,2.612734794616699,,,
noisy,0142_radio_band,radio_band,5.0,1.9841618537902832,0.8588181588212429,0.835615825388909,1.148115938702324,1.160568455071013,19.912807046894972,2.282122850418091,,,
noisy,0143_radio_band,radio_band,10.0,1.9242496490478516,0.935957234375812,0.8542004440645187,13.073272043932452,13.090914095671229,7.930927461911389,2.348201036453247,,,
noisy,0144_radio_band,radio_band,5.0,1.2676923274993896,0.8180682494753119,0.721153450007821,6.852639825764579,6.856984222323744,2.8812277019008867,1.4993221759796145,,,
noisy,0145_radio_band,radio_band,10.0,1.9641460180282593,0.9428308658928366,0.8535283481206741,12.478726150256062,12.480795910532478,5.934003906749695,2.252786159515381,,,
noisy,0146_radio_band,radio_band,5.0,1.5452252626419067,0.8843533151853186,0.823788560438668,5.007728384236854,4.975833854939044,8.244015201638755,1.9559471607208252,,,
noisy,0147_radio_band,radio_band,10.0,1.4133002758026123,0.8251650827307565,0.6773798130536319,9.05109219119259,9.040466879066807,1.9352516393026624,1.7144911289215088,,,
noisy,0148_radio_band,radio_band,5.0,1.24645733833313,0.752179376173342,0.6232717097950107,6.208515281118983,6.265918023812222,-0.337930865623088,1.5007569789886477,,,
noisy,0149_radio_band,radio_band,10.0,2.976470947265625,0.962052687407709,0.8770347250312888,14.959147448539854,14.958066285829323,15.229298542389891,3.1572635173797607,,,
noisy,0150_noise_only,noise_only,,,,,,,,,0.0,,
noisy,0151_noise_only,noise_only,,,,,,,,,0.0,,
noisy,0152_noise_only,noise_only,,,,,,,,,0.0,,
noisy,0153_noise_only,noise_only,,,,,,,,,0.0,,
noisy,0154_noise_only,noise_only,,,,,,,,,0.0,,
noisy,0155_noise_only,noise_only,,,,,,,,,0.0,,
noisy,0156_noise_only,noise_only,,,,,,,,,0.0,,
noisy,0157_noise_only,noise_only,,,,,,,,,0.0,,
noisy,0158_noise_only,noise_only,,,,,,,,,0.0,,
noisy,0159_noise_only,noise_only,,,,,,,,,0.0,,
noisy,0160_noise_only,noise_only,,,,,,,,,0.0,,
noisy,0161_noise_only,noise_only,,,,,,,,,0.0,,
noisy,0162_noise_only,noise_only,,,,,,,,,0.0,,
noisy,0163_noise_only,noise_only,,,,,,,,,0.0,,
noisy,0164_noise_only,noise_only,,,,,,,,,0.0,,
noisy,0165_noise_only,noise_only,,,,,,,,,0.0,,
noisy,0166_noise_only,noise_only,,,,,,,,,0.0,,
noisy,0167_noise_only,noise_only,,,,,,,,,0.0,,
noisy,0168_noise_only,noise_only,,,,,,,,,0.0,,
noisy,0169_noise_only,noise_only,,,,,,,,,0.0,,
noisy,0170_noise_only,noise_only,,,,,,,,,0.0,,
noisy,0171_noise_only,noise_only,,,,,,,,,0.0,,
noisy,0172_noise_only,noise_only,,,,,,,,,0.0,,
noisy,0173_noise_only,noise_only,,,,,,,,,0.0,,
noisy,0174_noise_only,noise_only,,,,,,,,,0.0,,
noisy,0175_noise_only,noise_only,,,,,,,,,0.0,,
noisy,0176_noise_only,noise_only,,,,,,,,,0.0,,
noisy,0177_noise_only,noise_only,,,,,,,,,0.0,,
noisy,0178_noise_only,noise_only,,,,,,,,,0.0,,
noisy,0179_noise_only,noise_only,,,,,,,,,0.0,,
noisy,0180_post_blast,post_blast,15.0,1.068865418434143,0.8296973471067937,0.7595805317145091,-5.4845582636927475,-5.510214561417853,3.4782966805449544,1.4938523769378662,,0.5840171073499649,1.0417132377624512
noisy,0181_post_blast,post_blast,15.0,1.2073185443878174,0.9148405267214784,0.8366310213030426,-7.460480368385829,-7.483037828503022,4.153474708026996,1.9334700107574463,,0.8388225953787718,1.096156358718872
noisy,0182_post_blast,post_blast,15.0,1.0566630363464355,0.6515193815667042,0.4172903532744121,-6.283372606332415,-6.32038897708455,-5.7095515555758665,1.2084530591964722,,0.8946826261342703,1.133256196975708
noisy,0183_post_blast,post_blast,15.0,1.0591716766357422,0.7861155467984239,0.6389524929724556,-5.791981841445649,-5.761113319708155,-0.8899442749642731,1.317872166633606,,0.5797483216796465,1.0399233102798462
noisy,0184_post_blast,post_blast,15.0,1.1579169034957886,0.9115821778322128,0.6842701800686051,-8.362384014021755,-8.303657395313138,2.2234549454929,2.125450849533081,,0.9374602142900912,1.1538431644439695
noisy,0185_post_blast,post_blast,15.0,1.149399757385254,0.816871695913193,0.6668113319845319,-13.638893843689456,-13.580203517361408,5.28983662224833,2.339215040206909,,0.216376515603808,1.0378094911575315
noisy,0186_post_blast,post_blast,15.0,1.049161076545715,0.6594909856168004,0.5042663235626706,-14.878240437782752,-14.993982739916447,-3.7241961797741663,1.2439700365066528,,0.7436114802207983,1.0767778158187866
noisy,0187_post_blast,post_blast,15.0,1.2194924354553225,0.8411933450804948,0.7673811633851377,-7.713453999831753,-7.606090786491335,1.386125724025885,1.671893835067749,,0.5649167053161095,1.024055242538452
noisy,0188_post_blast,post_blast,15.0,1.1202170848846436,0.7438883450925126,0.5594334339078048,-4.866284514460908,-4.673181634999089,-0.0675479685731715,1.4192883968353271,,0.8964048513924261,1.2376368045806885
noisy,0189_post_blast,post_blast,15.0,1.035483717918396,0.63838033173991,0.4389198888478381,-12.2195674495498,-12.281803414120391,-0.0608404705903547,1.2834285497665403,,0.8337958830326735,1.0391438007354736
noisy,0190_post_blast,post_blast,15.0,1.1814305782318115,0.803356570778385,0.6851422650444267,-10.843766543803198,-10.805812806711891,1.4136144759933045,1.7906606197357178,,0.5796256958065522,1.045621037483215
noisy,0191_post_blast,post_blast,15.0,1.177115797996521,0.798959446380216,0.5403717565981564,-5.82282080377802,-5.573537285858389,-2.6932593440422217,1.8555428981781008,,0.5852257848950616,1.0695886611938477
noisy,0192_post_blast,post_blast,15.0,1.0882885456085205,0.6462326596202814,0.5664615136138198,-8.804367059953925,-8.871104980677153,0.2700141237045071,1.3860822916030884,,0.8850890035954307,1.1105421781539917
noisy,0193_post_blast,post_blast,15.0,1.056094765663147,0.804780457793505,0.6002034587391765,-4.509024859775485,-4.455104257810718,1.3635828772244505,1.5641770362854004,,0.5854152072326815,1.0483113527297974
noisy,0194_post_blast,post_blast,15.0,1.0639947652816772,0.7396776490411291,0.5527567423896099,-4.855278869074569,-4.892501539557211,-3.4306404677634568,1.5360156297683716,,0.9104908987499356,1.304280400276184
noisy,0195_post_blast,post_blast,15.0,1.181864619255066,0.8128705851277594,0.6279357123031974,-2.9330195658084373,-2.991511229832082,0.488072611872123,1.6234843730926514,,0.8641060321707543,1.25586199760437
noisy,0196_post_blast,post_blast,15.0,1.0719013214111328,0.7032704593234719,0.5845457854391002,-7.031794616667088,-7.019408940886658,4.765293649915955,1.3149151802062988,,0.8008807339457091,1.0783650875091553
noisy,0197_post_blast,post_blast,15.0,1.134426474571228,0.7027539740956653,0.5815601764551099,-3.5124192831527767,-3.766659303346685,3.575948602674631,1.8830931186676023,,0.2794031632391991,1.0784835815429688
noisy,0198_post_blast,post_blast,15.0,1.0605250597000122,0.5672541250761294,0.5303895278153589,-12.818109533503598,-12.848164101604585,-2.9099428181587705,1.2718830108642578,,0.650096992120948,1.1115607023239136
noisy,0199_post_blast,post_blast,15.0,1.0440984964370728,0.7886193960404837,0.6378260387147809,-5.117768595889789,-5.112425646652191,-1.454772265122252,1.3461923599243164,,1e-05,
noisy,0200_post_blast,post_blast,15.0,1.137745976448059,0.6859357914557968,0.5997731461444207,-12.65888627096043,-12.523638799699263,5.233800718871256,1.7019922733306885,,0.8968558924316226,1.2767972946166992
noisy,0201_post_blast,post_blast,15.0,1.1030616760253906,0.650982732095593,0.4459960345267801,-8.04486888866652,-8.019173207021208,-1.740256004358162,1.6874313354492188,,0.6997014827572954,1.1258941888809204
noisy,0202_post_blast,post_blast,15.0,1.0370818376541138,0.742402856610796,0.6030036696009834,-3.507779884444629,-3.45694816864756,0.15139780239278,1.4162925481796265,,0.6748704114783375,1.0251034498214722
noisy,0203_post_blast,post_blast,15.0,1.1665594577789309,0.8781565024269726,0.7639915793646208,-6.288569332903493,-6.37211084459371,5.5867033647913615,1.8557339906692505,,0.6599699170490332,1.073047399520874
noisy,0204_post_blast,post_blast,15.0,1.043309211730957,0.7069235988602994,0.5649079709419224,-2.6565099945324127,-2.6882918762992163,1.197381952727646,1.542471408843994,,0.7089838896645833,1.0436811447143557
noisy,0205_post_blast,post_blast,15.0,1.0518473386764526,0.7109704928140645,0.5812841608319151,-6.834027918081286,-6.786697649916729,1.7649665363511398,1.729041337966919,,0.472919006599896,1.0746889114379885
noisy,0206_post_blast,post_blast,15.0,1.0722167491912842,0.8569934855192365,0.7447162723443025,-9.2611012684318,-9.30950064740675,-1.2204608651330888,1.687901735305786,,0.658666098708132,1.0323541164398191
noisy,0207_post_blast,post_blast,15.0,1.0968894958496094,0.7584946044886938,0.5350593384634815,-6.026068971674539,-6.0272815221838725,0.2830967230409626,1.532796025276184,,0.8178854214750996,1.1409293413162231
noisy,0208_post_blast,post_blast,15.0,1.0742114782333374,0.7797625725710786,0.681866354580202,-6.975051356918983,-6.933447229600338,4.197425280933175,1.3825091123580933,,0.5618550102005699,1.0251364707946775
noisy,0209_post_blast,post_blast,15.0,1.0748732089996338,0.8328941709574648,0.7156037975580651,-7.980601108509884,-8.09328436639098,0.7740448176008692,1.3432241678237915,,0.682858642518384,1.0373692512512207
noisy,0210_noise_switch,noise_switch,0.0,1.0804085731506348,0.7100726465100955,0.4308830184447257,-0.5194699763799175,-0.6045550420748255,-2.947985073586878,1.676374912261963,,,
noisy,0211_noise_switch,noise_switch,5.0,1.084936022758484,0.7970629749725383,0.5914992084493518,3.7584085856657863,3.827262531735632,0.7430012078184082,1.404958963394165,,,
noisy,0212_noise_switch,noise_switch,0.0,1.1443827152252195,0.7330820340823891,0.574834847331415,-1.7726669356978562,-1.8037956726820497,-1.0428707253483238,1.389883279800415,,,
noisy,0213_noise_switch,noise_switch,5.0,1.274894952774048,0.8522694710423528,0.6221091926658235,4.67880427587872,4.684924518195347,-0.6215904326217752,1.9577405452728271,,,
noisy,0214_noise_switch,noise_switch,0.0,1.0727499723434448,0.7145108242869278,0.595247217742702,-4.456367208980085,-4.60082106824415,-3.0655195307463816,1.412511706352234,,,
noisy,0215_noise_switch,noise_switch,5.0,1.165982007980347,0.9060076147652892,0.7233305959807371,4.5991016821635435,4.590524323318678,1.0476996605068372,1.834545016288757,,,
noisy,0216_noise_switch,noise_switch,0.0,1.0494037866592407,0.5654103707355947,0.4109933227116175,-0.1560548528146726,-0.1922331109800706,-2.5381889497515324,1.5580213069915771,,,
noisy,0217_noise_switch,noise_switch,5.0,1.0904526710510254,0.7847598690860007,0.630593619787978,4.731021753199008,4.7312740049471556,2.001225686237346,1.456981182098389,,,
noisy,0218_noise_switch,noise_switch,0.0,1.0786609649658203,0.6453400518231831,0.4298894044487225,-0.4622338012374202,-0.522011128555165,-2.8053213976765337,1.3076581954956057,,,
noisy,0219_noise_switch,noise_switch,5.0,1.2070084810256958,0.8933805808711339,0.677090123400596,4.185664286553912,4.173569508199597,2.5444170344770103,1.8287705183029177,,,
noisy,0220_noise_switch,noise_switch,0.0,1.055938482284546,0.7729616041616846,0.5865253379178018,-1.1447551684266697,-1.1350820606907672,-1.9402185389940223,1.6408085823059082,,,
noisy,0221_noise_switch,noise_switch,5.0,1.131430745124817,0.789465270781392,0.5599882058289418,4.991802015580075,4.956414119024427,1.4272758450576668,1.9843354225158691,,,
noisy,0222_noise_switch,noise_switch,0.0,1.1592742204666138,0.8268731315907076,0.7118086098070232,-1.131802581981998,-1.078810897300982,6.030864853780062,1.542255401611328,,,
noisy,0223_noise_switch,noise_switch,5.0,1.1139968633651731,0.8462091070273293,0.7093247550990083,4.33663892133957,4.294302637285769,1.4194409393806502,1.645369529724121,,,
noisy,0224_noise_switch,noise_switch,0.0,1.1658450365066528,0.9022259553219396,0.8052235426409525,-2.902380564569202,-2.8122044697547386,9.407034320724144,2.8735756874084473,,,
noisy,0225_noise_switch,noise_switch,5.0,1.1778810024261477,0.7824755864327932,0.619924996318986,3.0475885192244823,3.0620351056482726,4.07763593567659,1.614745855331421,,,
noisy,0226_noise_switch,noise_switch,0.0,1.0613186359405518,0.6628620641945647,0.4756494408963824,0.0488312206715624,-0.058279084548856,0.0482852710213935,1.372140884399414,,,
noisy,0227_noise_switch,noise_switch,5.0,1.1609617471694946,0.8809638187480947,0.6298167605591941,4.6488538652096425,4.6536779653526334,1.3562131124848824,1.7053643465042114,,,
noisy,0228_noise_switch,noise_switch,0.0,1.0729434490203855,0.7122195278793335,0.5066354153643235,-0.0073882844783324,4.826730910034076e-06,0.1329859935685741,1.40468430519104,,,
noisy,0229_noise_switch,noise_switch,5.0,1.175709247589111,0.8553896116815538,0.6907913167204821,3.347867195731738,3.3681658192961903,3.2274400955905196,1.7442800998687744,,,
noisy,0230_noise_switch,noise_switch,0.0,1.065486192703247,0.7688381036027175,0.4780529093931086,-1.0909039134875866,-1.115610793835924,-1.6985792160427409,1.5683813095092771,,,
noisy,0231_noise_switch,noise_switch,5.0,1.2378813028335571,0.8839978061611747,0.7356170506403009,5.011116184344432,5.000008502283223,5.572420794283745,2.115392684936523,,,
noisy,0232_noise_switch,noise_switch,0.0,1.0475096702575684,0.6947322689388546,0.4826760443940431,-0.4352686639367223,-0.4735237004417003,-1.623179086556519,1.2078578472137451,,,
noisy,0233_noise_switch,noise_switch,5.0,1.097963571548462,0.8397694763165787,0.6680487449411683,4.7836501529247775,4.7313744876351835,4.859781012408551,1.6209259033203125,,,
noisy,0234_noise_switch,noise_switch,0.0,1.1051098108291626,0.7339836788358649,0.493156564840278,-0.3861758975376456,-0.4408442055344135,-2.2869760396712215,1.6695427894592283,,,
noisy,0235_noise_switch,noise_switch,5.0,1.0350981950759888,0.6897586403043036,0.5347053200810801,3.046473205654991,3.0391181846547366,1.5722700844804625,1.161198616027832,,,
noisy,0236_noise_switch,noise_switch,0.0,1.0659735202789309,0.7209477931980752,0.4945794288672195,-0.4011497027931209,-0.4895450615159403,-1.6589812573098397,1.3933048248291016,,,
noisy,0237_noise_switch,noise_switch,5.0,1.114699363708496,0.7864025604969834,0.6092301278941502,2.040690938530164,2.0195913075136027,-4.0605502442746095,1.7326908111572266,,,
noisy,0238_noise_switch,noise_switch,0.0,1.0533382892608645,0.7809888381666007,0.5322401335303623,-0.4720206306428103,-0.4894798822006736,-3.4455285136452525,1.5183881521224976,,,
noisy,0239_noise_switch,noise_switch,5.0,1.1707861423492432,0.7795170351169642,0.5457742998925219,4.915095238066764,4.912296984067177,1.8656733704813253,1.8302452564239504,,,
noisy,0240_hum400,hum400,0.0,1.1283891201019287,0.6689432521529062,0.5147033510414875,-0.0874401842942328,6.072102809060048e-06,-3.792653076259582,1.667733669281006,,,
noisy,0241_hum400,hum400,5.0,1.3192870616912842,0.8883071444342188,0.7558266441170896,4.301971769625677,4.294294039280986,-1.089190322518214,1.7310304641723633,,,
noisy,0242_hum400,hum400,0.0,1.1523722410202026,0.7883164327371149,0.553467586906887,-0.3127484002814449,-0.2840081580701284,-3.882929450592583,1.6123428344726562,,,
noisy,0243_hum400,hum400,5.0,1.3819293975830078,0.925820267715072,0.7313870468812164,4.826248945554869,4.8528407129688,-0.341686943635375,2.0543770790100098,,,
noisy,0244_hum400,hum400,0.0,1.3241420984268188,0.8316241065518764,0.5229665572848279,-0.1641828867507039,-0.1321979120299007,-4.2367864925199274,2.022329568862915,,,
noisy,0245_hum400,hum400,5.0,1.417684555053711,0.8812841443544628,0.6798830198154121,2.4970532728081745,2.404339369747216,-3.585173419029887,2.010200262069702,,,
noisy,0246_hum400,hum400,0.0,1.1501617431640625,0.6747107410975051,0.5617626058293426,-3.5448170473485185,-3.532648642567357,-4.214498709797134,1.3716888427734375,,,
noisy,0247_hum400,hum400,5.0,1.1975557804107666,0.8859077961257146,0.7806489077986457,4.21212489377017,4.31155921553742,-0.9773274413463834,1.565242052078247,,,
noisy,0248_hum400,hum400,0.0,1.2581448554992676,0.7339079696760114,0.5050777173341177,-0.144453422361487,-0.1319878227100875,-3.957463007848459,1.777838110923767,,,
noisy,0249_hum400,hum400,5.0,1.1647692918777466,0.8868516462255627,0.7013911638033572,4.301132723571738,4.311393976121113,-1.2860052094268928,1.6329905986785889,,,
noisy,0250_hum400,hum400,0.0,1.2475125789642334,0.8379446228535248,0.650918354918189,-0.4213934765033156,-0.4249024075065855,-4.178302111781189,1.764388084411621,,,
noisy,0251_hum400,hum400,5.0,1.1857590675354004,0.8597251106387943,0.6882438745757683,4.134831643298204,4.067250116247485,-2.476552607293509,1.636221408843994,,,
noisy,0252_hum400,hum400,0.0,1.2223576307296753,0.8368419527512395,0.5610184713151241,-0.1381721033493089,-0.1923416698656848,-3.606162230128441,1.6809180974960327,,,
noisy,0253_hum400,hum400,5.0,1.4327189922332764,0.7171883024630175,0.4740690631201171,4.369096757762056,4.395885140977541,-3.5467001594306855,2.1593916416168213,,,
noisy,0254_hum400,hum400,0.0,1.1347404718399048,0.7345764074194748,0.5088563231612395,0.0384700662378743,-9.31499207758639e-06,-2.901450445480809,1.4791557788848877,,,
noisy,0255_hum400,hum400,5.0,1.2412283420562744,0.9007007102734894,0.7752276656340966,1.8350931373281951,1.842740837315362,-2.4374724944236315,1.6345202922821045,,,
noisy,0256_hum400,hum400,0.0,1.0936187505722046,0.8091764119004949,0.6191074143303635,-0.2713500637154654,-0.1621221697216954,-2.7655676265729547,1.3607218265533447,,,
noisy,0257_hum400,hum400,5.0,1.326046347618103,0.9026267506823688,0.7375698994575232,2.8066397655293587,2.8534389236679987,-2.020938297345427,1.763242244720459,,,
noisy,0258_hum400,hum400,0.0,1.2341362237930298,0.8626744769687635,0.5428875853681426,-0.2483388396706156,-0.2074729303809059,-3.938750424723212,1.8180196285247805,,,
noisy,0259_hum400,hum400,5.0,1.132706642150879,0.8674472645555172,0.7202154420105085,1.7329886703524675,1.6903102472512102,-3.539923261999992,1.5342942476272583,,,
noisy,0260_hum400,hum400,0.0,1.2633519172668457,0.7459389799486111,0.5571299221834479,-0.9135906775653824,-0.9151310769811014,-3.4084595664530473,1.7767674922943115,,,
noisy,0261_hum400,hum400,5.0,1.3965762853622437,0.9050199139218458,0.6847176409165429,4.980962386458826,5.0000299162393045,-1.268599287240998,1.9986572265625,,,
noisy,0262_hum400,hum400,0.0,1.1466413736343384,0.8118480286901081,0.4995377657110565,-2.331491518247072,-2.34057061730696,-6.332959173419491,1.5302560329437256,,,
noisy,0263_hum400,hum400,5.0,1.184106707572937,0.8898244102732852,0.7272939161485567,3.197885465140537,3.1735412541780956,-3.016637050614114,1.631969928741455,,,
noisy,0264_hum400,hum400,0.0,1.1131298542022705,0.7868558656299268,0.6420942512501159,-3.5511754402082523,-3.598164868420204,-4.496356241826151,1.5432169437408447,,,
noisy,0265_hum400,hum400,5.0,1.2128344774246216,0.891896584242625,0.7751651252929603,4.260170163712594,4.24368586304127,-1.3161715060407764,1.7218992710113523,,,
noisy,0266_hum400,hum400,0.0,1.121177077293396,0.7521392317700706,0.5917276979587391,-0.1678817051800184,-0.1772185704754968,-3.4094434161169365,1.4778425693511963,,,
noisy,0267_hum400,hum400,5.0,1.2818963527679443,0.9089731599285844,0.7497762440765362,3.096807148464359,3.10719912550087,-4.141985504042505,1.7738046646118164,,,
noisy,0268_hum400,hum400,0.0,1.1605305671691897,0.7588205877103128,0.5074298372781961,-0.0485610633324192,-0.0582616971517026,-3.3586237133403696,1.574709177017212,,,
noisy,0269_hum400,hum400,5.0,1.130746364593506,0.8140943799619837,0.6315592799390686,3.591286286353263,3.5733529655465763,-0.9406002159925718,1.544970989227295,,,
noisy,0270_crew_babble,crew_babble,0.0,1.2063877582550049,0.6880242148106588,0.4210144547824987,-2.034417999913286,-2.0324669899850836,-3.7219003746002937,1.6865801811218262,,,
noisy,0271_crew_babble,crew_babble,5.0,1.1584854125976562,0.7972782644328716,0.5981113941643232,3.4716099840761725,3.400881005728225,-0.0474876780797899,1.5795682668685913,,,
noisy,0272_crew_babble,crew_babble,10.0,1.0990134477615356,0.8285361475833426,0.633349358091149,5.795315894501012,5.860146865091341,2.426381696065765,1.4438841342926023,,,
noisy,0273_crew_babble,crew_babble,0.0,1.1102412939071655,0.5706103486793609,0.3733632077829037,-0.5809266674800034,-0.5850301104343653,-2.3579085550293213,1.2964224815368652,,,
noisy,0274_crew_babble,crew_babble,5.0,1.042416214942932,0.7283196707678024,0.5638348530433006,0.832750451445263,0.7537141758232018,1.3354600675118762,1.1685682535171509,,,
noisy,0275_crew_babble,crew_babble,10.0,1.1425073146820068,0.8264108708066151,0.6043146668530474,6.208401943946602,6.218947466007014,-0.2211803002227793,1.5881524085998535,,,
noisy,0276_crew_babble,crew_babble,0.0,1.0805338621139526,0.6987859574645462,0.4554989933085017,-1.072392921220754,-1.2033730448314204,-3.383373263027889,1.4048569202423096,,,
noisy,0277_crew_babble,crew_babble,5.0,1.079939603805542,0.7788236942687937,0.5628592071203984,2.7221742501082407,2.700073286459151,1.225288510242334,1.6182658672332764,,,
noisy,0278_crew_babble,crew_babble,10.0,1.1750891208648682,0.7842628214116193,0.6002619138594452,6.954899672908824,7.015983069250822,3.9068098373740425,1.7993829250335691,,,
noisy,0279_crew_babble,crew_babble,0.0,1.053802490234375,0.494617790852944,0.3398773778913625,-0.4821717866698347,-0.4039392667538529,-1.1382008203365808,1.507113337516785,,,
noisy,0280_crew_babble,crew_babble,5.0,1.1347556114196775,0.7133868711345828,0.4909287590303602,2.3060555390208046,2.490825025316287,-2.124732477541323,1.6027908325195312,,,
noisy,0281_crew_babble,crew_babble,10.0,1.1657100915908811,0.8366054729203686,0.6204425437737054,3.505705995979363,3.5780545078014834,0.1302399853176961,1.811192512512207,,,
noisy,0282_crew_babble,crew_babble,0.0,1.0858800411224363,0.7280310403974267,0.5731711494964015,-1.3718211191996783,-1.3683050578703049,-2.3506549728855552,1.4735735654830933,,,
noisy,0283_crew_babble,crew_babble,5.0,1.0675044059753418,0.6836121919367556,0.4569741435019357,1.889431169149676,1.9072862331907523,-2.01011925082902,1.3893373012542725,,,
noisy,0284_crew_babble,crew_babble,10.0,1.149173617362976,0.7282844339590326,0.5111360967278255,4.9352579896997915,4.938318173532758,-1.3596437330755853,1.753066062927246,,,
noisy,0285_crew_babble,crew_babble,0.0,1.0616964101791382,0.6466013792034332,0.3890270454137269,-0.8881054566270562,-0.8017522095685223,-2.982803555559918,1.3489962816238403,,,
noisy,0286_crew_babble,crew_babble,5.0,1.0895068645477295,0.7786381164820043,0.5084550023503398,3.465913350083226,3.4673388464505543,-1.171927427374704,1.5206639766693115,,,
noisy,0287_crew_babble,crew_babble,10.0,1.092499613761902,0.6789519259181301,0.5715595226956738,7.028731880614313,6.9944285949760685,4.233329306133675,1.4290647506713867,,,
noisy,0288_crew_babble,crew_babble,0.0,1.0894944667816162,0.6288426975887367,0.3505070964894375,-1.0982359100232402,-1.131144857532416,-3.185519181582361,1.4247398376464844,,,
noisy,0289_crew_babble,crew_babble,5.0,1.0678998231887815,0.7998560610563621,0.5915386354695755,2.5763315622108363,2.5740341976299708,-0.1906407826461444,1.395532727241516,,,
noisy,0290_crew_babble,crew_babble,10.0,1.1761826276779177,0.8090351869133713,0.6080932391974194,5.943780551936514,5.908088399662975,0.3057227833779781,1.739069581031799,,,
noisy,0291_crew_babble,crew_babble,0.0,1.07293701171875,0.6438494459100429,0.414779185252594,-0.5451086277413799,-0.4764280108066454,-1.3657888460888163,1.3846278190612793,,,
noisy,0292_crew_babble,crew_babble,5.0,1.0949524641036987,0.6899794494610937,0.4942727244826132,3.089447393624015,3.106041870275164,-1.1035651991717672,1.5025198459625244,,,
noisy,0293_crew_babble,crew_babble,10.0,1.1213027238845823,0.8167499861299662,0.5921230280985254,5.055490571199316,5.028917616015258,1.0117439852201184,1.9521156549453735,,,
noisy,0294_crew_babble,crew_babble,0.0,1.0356775522232056,0.6512391722828639,0.4422149372595475,-1.2304090374011438,-1.2118729429128643,-2.6930808845468124,1.234593391418457,,,
noisy,0295_crew_babble,crew_babble,5.0,1.061261773109436,0.7925627363914636,0.5527811901369395,1.90651476830676,1.9477462723300143,-0.8114909699559486,1.3581351041793823,,,
noisy,0296_crew_babble,crew_babble,10.0,1.1173927783966064,0.8042879516087151,0.529597364457257,5.877998815207804,5.8768347366575435,-0.0857895115246177,1.9056146144866943,,,
noisy,0297_crew_babble,crew_babble,0.0,1.0341238975524902,0.690743134158472,0.4134815860719408,-0.9046280655490868,-0.9070361776220482,-3.421179305913962,1.2757679224014282,,,
noisy,0298_crew_babble,crew_babble,5.0,1.061172604560852,0.594690964855125,0.4117485730463017,2.0967583346856387,2.112606920925733,-0.048380195489363,1.5883182287216189,,,
noisy,0299_crew_babble,crew_babble,10.0,1.209789156913757,0.8294368940445096,0.6635915183594964,6.922259710477556,6.967026006922157,3.917776755741658,1.8148009777069092,,,
noisy,0300_long_stream,long_stream,5.0,1.1543937921524048,0.8387180683136559,0.6613521748676519,3.3675862636947445,3.3571204197249433,4.080619622598928,1.6409766674041748,,,
noisy,0301_long_stream,long_stream,5.0,1.213526725769043,0.8355150514404975,0.6607315430000231,2.974272779028912,2.9521810013450205,1.2640360178539405,1.7384791374206543,,,
noisy,0302_long_stream,long_stream,5.0,1.1393336057662964,0.8192804164337557,0.668851538674285,2.1601312789722167,2.1294513745370662,1.970162443513104,1.6460007429122925,,,
noisy,0303_long_stream,long_stream,5.0,1.1322678327560425,0.8505076054367595,0.7252001942437265,2.8189398775818426,2.741000613004857,3.8794194989116897,1.6387124061584473,,,
logmmse,0000_clip_heavy,clip_heavy,0.0,1.0993046760559082,0.7523117531431238,0.6007696158420376,-2.5332995830635245,0.9712947512493376,-1.115296241096792,1.3487436771392822,,,
logmmse,0001_clip_heavy,clip_heavy,5.0,1.168170690536499,0.7156904036977404,0.5381442602903573,3.846338755748124,4.645878287066653,2.979823237507985,1.7514970302581787,,,
logmmse,0002_clip_heavy,clip_heavy,0.0,1.3097323179244995,0.8456803187867451,0.7778932957842837,2.8446921036639945,4.004479225257566,4.386509512721262,1.8815200328826904,,,
logmmse,0003_clip_heavy,clip_heavy,5.0,1.2558339834213257,0.7455016612644195,0.560294909716183,6.054351119496513,6.9251077721464736,4.280306943593637,1.9213906526565552,,,
logmmse,0004_clip_heavy,clip_heavy,0.0,2.787778377532959,0.8979297566369487,0.8590318913784982,-0.7223630685925537,-0.1210567043930318,13.226039619273,3.1696465015411377,,,
logmmse,0005_clip_heavy,clip_heavy,5.0,1.087585687637329,0.7581960634584938,0.543267525743814,1.5918697431093545,3.873705070187306,1.1658945233192362,1.413627862930298,,,
logmmse,0006_clip_heavy,clip_heavy,0.0,1.2812886238098145,0.8686080448419821,0.852970675820557,-0.3751250424318598,0.178775385936108,11.862329252890689,1.7419025897979736,,,
logmmse,0007_clip_heavy,clip_heavy,5.0,1.153688907623291,0.7285276143021414,0.5957722502537938,3.92866063003988,5.114539105220053,0.8510680429312528,1.8347537517547607,,,
logmmse,0008_clip_heavy,clip_heavy,0.0,1.241291046142578,0.9176657777263708,0.8728237304553145,-0.259465119510095,-0.0257647767829778,10.44961758073058,1.9579569101333616,,,
logmmse,0009_clip_heavy,clip_heavy,5.0,1.1110843420028689,0.697162249337911,0.5813387774163115,4.419847008931036,5.731499921682519,3.668409072579375,1.302983283996582,,,
logmmse,0010_clip_heavy,clip_heavy,0.0,1.170658826828003,0.6975752256832154,0.5215258170118097,1.3018400309445164,3.7009155702450296,3.51591695626698,1.593319296836853,,,
logmmse,0011_clip_heavy,clip_heavy,5.0,1.1113039255142212,0.8075411416950311,0.5797418608652809,2.4608874273099883,4.01263914294989,1.2362188276690886,1.849799394607544,,,
logmmse,0012_clip_heavy,clip_heavy,0.0,1.3987808227539062,0.93052200581749,0.8546828641700653,-0.2526746332484199,0.4029760692889755,2.912183628084993,2.4860823154449463,,,
logmmse,0013_clip_heavy,clip_heavy,5.0,1.078205108642578,0.7699082784055509,0.6266011979916584,-1.4544490232188716,0.6575756808230843,-2.555836549074233,1.695682168006897,,,
logmmse,0014_clip_heavy,clip_heavy,0.0,1.0784682035446167,0.8094685944474108,0.6247298212874135,-2.507698706152151,-0.5503942949209485,2.5851014510838146,1.7287745475769043,,,
logmmse,0015_clip_heavy,clip_heavy,5.0,1.221608281135559,0.8152085972825764,0.6384666781315248,3.2829578630190577,4.948586109592164,2.0092290832869804,1.9833080768585205,,,
logmmse,0016_clip_heavy,clip_heavy,0.0,1.4297237396240234,0.8569323514240257,0.7810089268353028,0.7030984399092708,1.2759100864155246,8.032932552777767,2.372267484664917,,,
logmmse,0017_clip_heavy,clip_heavy,5.0,1.3465585708618164,0.8235622533053597,0.6730163758022396,4.694107391535842,5.71182583874158,1.4329169973027798,2.0736844539642334,,,
logmmse,0018_clip_heavy,clip_heavy,0.0,1.1985657215118408,0.7499401145731633,0.63267055196054,0.2501935068080091,1.5036439589058783,4.395267910681294,1.5155079364776611,,,
logmmse,0019_clip_heavy,clip_heavy,5.0,1.261289358139038,0.9088814393852928,0.85596484168995,5.217358515110183,6.13993092937161,7.663286943762883,1.8216911554336548,,,
logmmse,0020_clip_heavy,clip_heavy,0.0,1.0958973169326782,0.7815701563829975,0.6513912982935385,0.0606434242099125,2.524888363356884,3.846143839116949,1.7711434364318848,,,
logmmse,0021_clip_heavy,clip_heavy,5.0,1.2116419076919556,0.8653281912058093,0.7230586248012609,5.394492176593411,6.163505352514713,2.7525978839083085,1.8132243156433103,,,
logmmse,0022_clip_heavy,clip_heavy,0.0,2.838340759277344,0.9327235382978336,0.9093183809641898,5.037172412464622,5.578717397715645,12.495544090911922,3.1890182495117188,,,
logmmse,0023_clip_heavy,clip_heavy,5.0,1.1406619548797607,0.6707068026310842,0.4679837206394683,1.63817732123935,3.8771756379553297,0.8235692869659013,1.604863166809082,,,
logmmse,0024_clip_heavy,clip_heavy,0.0,1.1010448932647705,0.6811854626320848,0.5361393253556953,-0.4974000581630304,0.9487180774205138,1.3891820523799887,1.2793591022491455,,,
logmmse,0025_clip_heavy,clip_heavy,5.0,1.2941738367080688,0.8535589350197814,0.6763199220041851,5.187814423545679,5.92110347056932,5.706440413387747,1.9485549926757812,,,
logmmse,0026_clip_heavy,clip_heavy,0.0,1.089493989944458,0.6446039651847434,0.4786694212121117,-1.5086540219475384,-1.130587926805865,9.14024424228474,1.3325631618499756,,,
logmmse,0027_clip_heavy,clip_heavy,5.0,1.149789810180664,0.7645479989947819,0.5558857147514276,4.451181510108673,5.598431860472997,2.7537245822327225,1.6084873676300049,,,
logmmse,0028_clip_heavy,clip_heavy,0.0,1.06952166557312,0.7774828631861889,0.7098201639646906,-1.433817020396839,-0.9221574232988412,3.0787510297733767,1.310461163520813,,,
logmmse,0029_clip_heavy,clip_heavy,5.0,1.0947797298431396,0.7614293283437633,0.6622230548632335,7.403120661825286,8.069659318919673,4.3918093401177005,1.401612401008606,,,
logmmse,0030_level_low,level_low,0.0,1.143681287765503,0.7337782244528195,0.533666206615691,7.664912510977659,8.329812765543135,1.529099190362648,1.6680797338485718,,,
logmmse,0031_level_low,level_low,5.0,1.2750368118286133,0.7341614869873654,0.5661062150927376,6.587873103633525,7.431615854752426,4.4767885437048225,1.8054766654968264,,,
logmmse,0032_level_low,level_low,10.0,1.8459689617156985,0.9660212507544093,0.889338366901804,9.466416060257576,9.822119129067383,11.734628246894818,2.964489221572876,,,
logmmse,0033_level_low,level_low,0.0,1.0830155611038208,0.7685881503891894,0.6611063534445177,-0.9595399833998074,0.8707782592324682,2.7209726530090808,1.7478234767913818,,,
logmmse,0034_level_low,level_low,5.0,1.6216049194335938,0.8212561391886072,0.5081349841348638,9.15289035895746,9.580850499233083,3.1365681070237033,2.3200583457946777,,,
logmmse,0035_level_low,level_low,10.0,2.0045180320739746,0.9126392004867973,0.8429752640774517,13.095811320108874,13.289262803960645,8.301010861044377,3.253467798233032,,,
logmmse,0036_level_low,level_low,0.0,1.0475033521652222,0.7002520162849836,0.5644446679631695,-0.1505375505204381,0.9390591267720234,3.2302645900664992,1.4640734195709229,,,
logmmse,0037_level_low,level_low,5.0,1.227283954620361,0.8243151284856859,0.7231629761414207,5.22456603441046,5.934712338963735,5.538675590892633,2.1993966102600098,,,
logmmse,0038_level_low,level_low,10.0,1.4997835159301758,0.8523475288181539,0.628147883063561,9.35486294652795,9.653541352190436,6.191328424754519,2.1513843536376953,,,
logmmse,0039_level_low,level_low,0.0,1.3971067667007446,0.919894684809576,0.8433200549647959,-1.430153678420378,-1.1593787661469288,5.156195674740338,3.140716552734375,,,
logmmse,0040_level_low,level_low,5.0,1.1575042009353638,0.766934853602918,0.6299404707001398,4.554782491618161,5.1714764192359155,3.1941910484474687,1.4916670322418213,,,
logmmse,0041_level_low,level_low,10.0,1.6846895217895508,0.852949177240945,0.7148130017865005,10.799475593692971,11.01890729337171,7.030680953929124,2.562812089920044,,,
logmmse,0042_level_low,level_low,0.0,1.2867639064788818,0.7430168272149912,0.5033458796663182,5.583680075331644,6.617777774020257,-1.497507960841815,1.8795950412750244,,,
logmmse,0043_level_low,level_low,5.0,1.1433266401290894,0.7336750120151392,0.581318399411065,8.5073309219844,8.718919183901544,2.9987179615271113,1.3979572057724,,,
logmmse,0044_level_low,level_low,10.0,1.357543706893921,0.874773121966651,0.7581958779571364,9.450239345663991,9.854313616811408,8.456530622488375,2.1843676567077637,,,
logmmse,0045_level_low,level_low,0.0,1.0654411315917969,0.5401476875125243,0.3498284542643407,-1.176102855860622,-0.1825762266108507,-2.877913939204004,1.3598369359970093,,,
logmmse,0046_level_low,level_low,5.0,1.4724607467651367,0.8412448829489454,0.628422719867747,4.64311817776501,5.788164158681077,2.9167325662549266,2.3977391719818115,,,
logmmse,0047_level_low,level_low,10.0,2.234492778778076,0.8644298907914906,0.7944188786765636,8.67469427628029,9.21865088396817,7.735667511484641,3.704845428466797,,,
logmmse,0048_level_low,level_low,0.0,1.2537543773651123,0.8593458950660171,0.8040866166453364,-1.422375110820995,-1.1185163571661567,10.447273985024571,1.6739681959152222,,,
logmmse,0049_level_low,level_low,5.0,1.1233619451522827,0.6943181456780084,0.5386983769446191,7.669926399346396,8.264072752622361,4.899315270355512,1.608165264129639,,,
logmmse,0050_level_low,level_low,10.0,1.7810826301574707,0.8540165571444026,0.70948259832052,12.896339065595107,12.912009370884428,7.398405676531501,2.226318836212158,,,
logmmse,0051_level_low,level_low,0.0,1.4198960065841677,0.921497032685397,0.745676232902676,-0.8278773876144823,0.345256159796507,0.7672725771197141,2.363645553588867,,,
logmmse,0052_level_low,level_low,5.0,1.247618556022644,0.8989482429029249,0.7459109973694095,0.6961882662602968,1.095808502696298,3.2435722852963855,2.1035664081573486,,,
logmmse,0053_level_low,level_low,10.0,1.0806617736816406,0.759491847627689,0.6486628537985494,6.690456424652097,7.5107518188817615,9.565127279080633,1.434681057929993,,,
logmmse,0054_level_low,level_low,0.0,1.1065431833267212,0.589500811112753,0.3715427335189644,4.295090517069112,5.664363648975883,0.1133565730248012,1.3889358043670654,,,
logmmse,0055_level_low,level_low,5.0,1.1756904125213623,0.7860166717405837,0.6422881701981926,6.482675408562275,6.979416641317947,3.300044738830117,1.618974685668945,,,
logmmse,0056_level_low,level_low,10.0,2.2780487537384033,0.9296472005475696,0.9184170488196453,8.05074031568793,8.496242451487864,16.111456713167467,3.167532444000244,,,
logmmse,0057_level_low,level_low,0.0,1.216945767402649,0.7092153124970956,0.4599270753904523,4.105332343581528,5.526735507410466,0.8394338487616315,1.746819019317627,,,
logmmse,0058_level_low,level_low,5.0,1.472651720046997,0.714623827432452,0.5636439042749157,8.889308086671225,9.376714753783403,4.245864528769712,2.724703311920166,,,
logmmse,0059_level_low,level_low,10.0,1.2894022464752195,0.8785089286574546,0.764333293938543,8.73043001474291,9.274929484469158,6.639721815234875,2.0870583057403564,,,
logmmse,0060_level_high,level_high,5.0,1.2403873205184937,0.80104618878914,0.5797883939341627,9.712286710376103,9.975520574670345,5.678198349520471,2.054124593734741,,,
logmmse,0061_level_high,level_high,10.0,1.220884919166565,0.7699717733283661,0.5681281342921367,10.10336277442974,10.267167783120076,5.226128235964045,1.7653981447219849,,,
logmmse,0062_level_high,level_high,5.0,1.3695199489593506,0.8653862278956687,0.7178136003745568,5.01065157351683,5.383076881270947,7.310022386671914,2.1935927867889404,,,
logmmse,0063_level_high,level_high,10.0,1.4600749015808103,0.861585788002571,0.7240246707419639,10.572046027835585,10.905632408051504,8.372297356249408,2.4428040981292725,,,
logmmse,0064_level_high,level_high,5.0,1.7797017097473145,0.8618897391777142,0.6624323634325389,7.879222093428807,8.531762975940532,1.1128666392893287,3.038145065307617,,,
logmmse,0065_level_high,level_high,10.0,1.3894777297973633,0.8603589247927267,0.7051167389794202,11.7810214320791,11.880270897239186,5.9513158030955235,2.7001147270202637,,,
logmmse,0066_level_high,level_high,5.0,1.1583893299102783,0.7841680235053412,0.6340779709949899,4.90550086609439,5.405574180000762,5.741518385236415,1.52016019821167,,,
logmmse,0067_level_high,level_high,10.0,1.566756248474121,0.9068567870790808,0.8149526602354314,10.707716613910003,11.034185423612117,3.3737981287702197,2.7844667434692383,,,
logmmse,0068_level_high,level_high,5.0,1.4718856811523438,0.7266965006419613,0.5347697924322437,11.001611414709934,11.213761055497756,5.9029232021540095,1.9802838563919067,,,
logmmse,0069_level_high,level_high,10.0,1.8324239253997805,0.9205772273483984,0.7579357404745918,12.920333847323429,12.86198907763271,6.918630952907397,2.6105153560638428,,,
logmmse,0070_level_high,level_high,5.0,1.0751157999038696,0.793176328170397,0.6465317365184329,4.02634774380895,4.176730357783461,4.539675247437692,1.4322643280029297,,,
logmmse,0071_level_high,level_high,10.0,1.6299388408660889,0.922162874835218,0.8101868952704265,7.885909236379818,8.224600772077546,6.595812719019612,2.6751320362091064,,,
logmmse,0072_level_high,level_high,5.0,1.4468715190887451,0.8562825210805892,0.6936595443402059,8.523849804728908,9.089494594274786,4.2657223516371,1.8738712072372437,,,
logmmse,0073_level_high,level_high,10.0,1.2340400218963623,0.8371967660167394,0.6646396836576606,5.206318702221341,6.343254576539975,4.703670107894909,1.900163650512695,,,
logmmse,0074_level_high,level_high,5.0,1.3173518180847168,0.8531662582865054,0.722438523366646,1.968516739060957,3.749830419053497,4.751183462953787,1.7334529161453247,,,
logmmse,0075_level_high,level_high,10.0,1.59570574760437,0.9066573412722768,0.8388730582314707,10.457289918368042,10.820698628361145,6.9648193184590435,2.8835031986236572,,,
logmmse,0076_level_high,level_high,5.0,1.1301822662353516,0.7979728205342456,0.6059409550158982,11.56193508351836,11.846503815628832,3.784544275397664,1.4512859582901,,,
logmmse,0077_level_high,level_high,10.0,1.1332049369812012,0.8559694431329679,0.6018224415542122,7.889603292616293,8.34175200697818,3.088307319628828,1.4907582998275757,,,
logmmse,0078_level_high,level_high,5.0,1.3388543128967283,0.8029697578292765,0.7031448212625022,4.946671109374665,5.83479049467697,8.135269608507027,1.9089386463165283,,,
logmmse,0079_level_high,level_high,10.0,1.3034733533859253,0.9104788336738222,0.7674050039545494,9.771158250020546,10.04982329341069,7.444935860524975,1.98362135887146,,,
logmmse,0080_level_high,level_high,5.0,1.2831969261169434,0.8295990646924473,0.6448925486620387,5.511585311390497,6.507861020407621,2.790701314143512,1.9433414936065672,,,
logmmse,0081_level_high,level_high,10.0,1.4967697858810425,0.8811012736163933,0.7265203971885268,11.219758777974944,11.534391781864157,4.6775179155438735,2.25777816772461,,,
logmmse,0082_level_high,level_high,5.0,1.294904708862305,0.8344460445892206,0.7346471066715757,3.785682777865979,4.560387746712726,6.085186406195042,2.4108662605285645,,,
logmmse,0083_level_high,level_high,10.0,1.2802393436431885,0.8816178506235441,0.7403949007189091,9.743373515684512,10.108079612237306,4.35379596215505,2.227444648742676,,,
logmmse,0084_level_high,level_high,5.0,1.4311227798461914,0.7425212805553916,0.5503474006375688,6.049224885541059,6.9431283922587355,3.5791559833095357,2.097202777862549,,,
logmmse,0085_level_high,level_high,10.0,1.3091546297073364,0.9141770217218148,0.8518101296850757,8.949460618847189,9.31467230447758,9.175371695609131,2.147449493408203,,,
logmmse,0086_level_high,level_high,5.0,1.3833327293395996,0.8867909697041138,0.7755023225333415,4.527592569154334,5.26902204784675,6.965149046737749,2.3594136238098145,,,
logmmse,0087_level_high,level_high,10.0,1.7011690139770508,0.9285024118881694,0.7931879167787375,10.031824920919032,10.193179884702188,7.696982151403245,2.5130550861358643,,,
logmmse,0088_level_high,level_high,5.0,1.301965832710266,0.7846071307750698,0.630926094780205,3.792668173495187,5.303211631091042,3.5240743029478723,1.901002049446106,,,
logmmse,0089_level_high,level_high,10.0,2.0598297119140625,0.8823521933188793,0.7432702984812632,12.526377428212657,12.647819049200924,5.229576403922027,3.0120105743408203,,,
logmmse,0090_reverb_cabin,reverb_cabin,5.0,2.75166916847229,0.984030859496198,0.9622662872355314,15.236618618569905,15.337560300333472,6.106775129473402,3.7943003177642822,,,
logmmse,0091_reverb_cabin,reverb_cabin,10.0,1.74407160282135,0.9507698571909784,0.8648554137486502,10.108104414698024,10.481544454567636,3.762488702344958,3.0668838024139404,,,
logmmse,0092_reverb_cabin,reverb_cabin,5.0,1.2459444999694824,0.8406606650673785,0.6941217648021434,4.334764878886977,4.6280102228213265,0.3821685059675879,1.862182378768921,,,
logmmse,0093_reverb_cabin,reverb_cabin,10.0,1.252030611038208,0.7823882283074592,0.5820100735751136,8.101959737443828,8.725085566809511,5.708903421258521,1.913588047027588,,,
logmmse,0094_reverb_cabin,reverb_cabin,5.0,1.1316297054290771,0.673395113624376,0.4722491320480156,0.8041216061269941,2.715689930332565,0.3068815928455164,1.5298740863800049,,,
logmmse,0095_reverb_cabin,reverb_cabin,10.0,1.1964339017868042,0.7523438733557392,0.5075837133264626,2.7388477860157323,3.896087245289837,0.5898965333004651,1.9372519254684448,,,
logmmse,0096_reverb_cabin,reverb_cabin,5.0,1.237404227256775,0.6996060882132584,0.4464700874653322,4.528405317510319,5.657553104557611,1.41889517183939,2.0580453872680664,,,
logmmse,0097_reverb_cabin,reverb_cabin,10.0,1.1909667253494265,0.7560305822722861,0.5925783395672586,-0.0711356293429318,0.195815176142245,-2.078203229062029,1.5285072326660156,,,
logmmse,0098_reverb_cabin,reverb_cabin,5.0,1.3353782892227173,0.8311423721544595,0.6767646050674714,4.259208456038824,5.640353715803706,5.456152740994102,2.4606690406799316,,,
logmmse,0099_reverb_cabin,reverb_cabin,10.0,1.3477840423583984,0.8593626180223821,0.6448005679864492,8.350746708761044,8.474963141439467,2.2707335115881415,1.8419973850250244,,,
logmmse,0100_reverb_cabin,reverb_cabin,5.0,1.14863383769989,0.7390713597729002,0.4424742529361077,2.9814490235067153,4.179025890939477,-2.887362294711899,1.6938008069992063,,,
logmmse,0101_reverb_cabin,reverb_cabin,10.0,1.9254481792449951,0.9002530760129295,0.7405684849539286,14.17062472216424,14.290139132202611,6.888892129314649,2.9189858436584473,,,
logmmse,0102_reverb_cabin,reverb_cabin,5.0,1.3046690225601196,0.7138462783972258,0.52760631279712,2.7346389795294312,4.373364740293085,2.512542911084364,1.9616336822509768,,,
logmmse,0103_reverb_cabin,reverb_cabin,10.0,1.1219545602798462,0.6307519017692037,0.4206177342542053,-0.4539008553217627,0.5213278522592568,-2.8415505972455564,1.6108438968658447,,,
logmmse,0104_reverb_cabin,reverb_cabin,5.0,1.274080514907837,0.5877961866562017,0.3489058047357309,5.5951253467833,6.607031195250681,3.524600633127639,1.918512940406799,,,
logmmse,0105_reverb_cabin,reverb_cabin,10.0,1.2862091064453125,0.8506932019506223,0.7013293097850439,8.815545990578677,9.184333172942166,2.0308820530413794,2.20413589477539,,,
logmmse,0106_reverb_cabin,reverb_cabin,5.0,1.5360639095306396,0.7441969130606972,0.5180362658045772,7.895049357620927,8.518190316958382,1.19531816942789,2.3627774715423584,,,
logmmse,0107_reverb_cabin,reverb_cabin,10.0,1.5226142406463623,0.92508994009194,0.7967742826004972,10.414950506455671,10.783895600970029,6.05844049297859,2.447211503982544,,,
logmmse,0108_reverb_cabin,reverb_cabin,5.0,1.21524178981781,0.7561366534058468,0.5807998523248518,3.8199728570837457,5.021798117834687,0.6537750319696676,2.021583080291748,,,
logmmse,0109_reverb_cabin,reverb_cabin,10.0,1.3307082653045654,0.8314172745349195,0.6479650149875389,5.210538320208582,5.266251355969276,-0.3664421296641748,1.756282091140747,,,
logmmse,0110_reverb_cabin,reverb_cabin,5.0,1.4615460634231567,0.8813991670335856,0.7239887574464321,8.245155011281605,8.720041610995423,3.471986300547772,1.9157521724700928,,,
logmmse,0111_reverb_cabin,reverb_cabin,10.0,1.2858318090438845,0.8185813036042847,0.6915114228653401,9.695688721191605,9.94661498733858,3.8047118813845753,1.8599281311035156,,,
logmmse,0112_reverb_cabin,reverb_cabin,5.0,1.8052289485931396,0.7942549903807319,0.585246186424492,8.777006846112918,9.1774151276409,1.857540680738846,2.3882851600646973,,,
logmmse,0113_reverb_cabin,reverb_cabin,10.0,1.6428331136703491,0.8964162676676871,0.8056578037608835,8.709800409595314,9.035792737250008,2.590774866090152,2.5318586826324463,,,
logmmse,0114_reverb_cabin,reverb_cabin,5.0,1.1099739074707031,0.577019679157329,0.3384684695929897,3.361586819886433,4.447211406197624,0.2416382160164241,1.6170718669891355,,,
logmmse,0115_reverb_cabin,reverb_cabin,10.0,1.4645565748214722,0.911031917065234,0.7779241551529386,10.327488492825008,10.677636896074016,4.717791335001387,2.23016095161438,,,
logmmse,0116_reverb_cabin,reverb_cabin,5.0,1.4078396558761597,0.7797718167264858,0.5203483345448151,8.945272283888707,9.426953470438056,-0.5746424770170064,1.9460697174072263,,,
logmmse,0117_reverb_cabin,reverb_cabin,10.0,1.1753900051116943,0.906325358210886,0.7451071280760662,9.199807765953354,9.256689252787831,3.0101405543582125,1.5885674953460691,,,
logmmse,0118_reverb_cabin,reverb_cabin,5.0,1.4739336967468262,0.8127419498195426,0.6223075654916593,7.210262014191483,7.798233119346143,4.297088969886469,2.1279046535491943,,,
logmmse,0119_reverb_cabin,reverb_cabin,10.0,1.1820374727249146,0.6228859709421656,0.4905081339913143,1.9470676448514568,2.798834112544046,1.0985005369972871,1.6746820211410522,,,
logmmse,0120_radio_band,radio_band,5.0,1.69506573677063,0.8322586813182958,0.730453582665647,6.77213073436358,7.115490822121837,3.130089881896922,2.041127920150757,,,
logmmse,0121_radio_band,radio_band,10.0,1.7181446552276611,0.8129871257030963,0.7320961490101913,10.37128310853587,10.730274950581284,3.4520281902494996,2.111070156097412,,,
logmmse,0122_radio_band,radio_band,5.0,2.138869285583496,0.9275065148371004,0.8250140045940375,1.6790551217660137,2.209168069532009,7.46142709588263,2.746150255203247,,,
logmmse,0123_radio_band,radio_band,10.0,2.21980357170105,0.9235368145894146,0.830162492612503,13.201920664832269,13.353399941361308,7.075185395485649,2.5793893337249756,,,
logmmse,0124_radio_band,radio_band,5.0,1.5643246173858645,0.822360534589474,0.6173591569590415,5.196364277743063,6.053223981667454,-2.6560691346796466,1.7838176488876345,,,
logmmse,0125_radio_band,radio_band,10.0,2.05458664894104,0.8668534975272767,0.7447243939187236,13.355331676037176,13.483175690449578,8.416959283862889,2.5370473861694336,,,
logmmse,0126_radio_band,radio_band,5.0,1.2481727600097656,0.7317556548560437,0.6407830048789619,3.1535347204542497,3.578851098808122,1.440629187751259,1.3567931652069092,,,
logmmse,0127_radio_band,radio_band,10.0,2.0862936973571777,0.8757293667693713,0.7897114057006271,10.993677434841509,11.279898921378573,6.997459617420226,2.5680084228515625,,,
logmmse,0128_radio_band,radio_band,5.0,2.1149091720581055,0.7910972422366324,0.5767556531915587,10.487570165435148,10.561020480977064,2.6496834038923893,2.385820150375366,,,
logmmse,0129_radio_band,radio_band,10.0,1.6813669204711914,0.9001399357220325,0.782472328524821,11.137569170923044,11.415918819324006,5.587845228651424,2.0733964443206787,,,
logmmse,0130_radio_band,radio_band,5.0,3.15639591217041,0.9317408867973664,0.9432942749044488,4.573461816792616,4.610986971394554,18.920593712422473,3.2586610317230225,,,
logmmse,0131_radio_band,radio_band,10.0,2.486207962036133,0.9450279561474112,0.8696728760491946,11.964873960349507,12.219967656827253,6.637746260869773,3.020879030227661,,,
logmmse,0132_radio_band,radio_band,5.0,3.2491960525512695,0.972482922986356,0.9206579982514084,19.766173830941177,19.734033569077287,12.191951408713727,3.7464866638183594,,,
logmmse,0133_radio_band,radio_band,10.0,2.1205406188964844,0.8583414718649344,0.7181377911542491,12.556159723192923,12.789682719697009,2.3597813197848256,2.53973388671875,,,
logmmse,0134_radio_band,radio_band,5.0,2.2718546390533447,0.9383009637497404,0.8212119006081763,5.429572268673592,5.720114505902444,9.843143611319844,2.6261932849884033,,,
logmmse,0135_radio_band,radio_band,10.0,2.3290939331054688,0.88754117489954,0.7431023244395547,13.836799642117976,14.006789986762096,5.997740749077752,2.729949951171875,,,
logmmse,0136_radio_band,radio_band,5.0,1.876762866973877,0.8067877652328551,0.6301731637141846,9.191343677983658,9.5099062271062,1.5924656716783765,2.228940010070801,,,
logmmse,0137_radio_band,radio_band,10.0,1.9764461517333984,0.9031414056132056,0.7437957573613144,13.876984318092727,14.04754618308668,1.9720883420776871,2.3770480155944824,,,
logmmse,0138_radio_band,radio_band,5.0,3.89123010635376,0.9892521234847604,0.9672648613198456,25.02615092863147,25.025949537897304,19.61703870838626,4.070613384246826,,,
logmmse,0139_radio_band,radio_band,10.0,2.202946424484253,0.9185446941906724,0.7765987477388088,14.852031954964158,14.99184201798462,6.252483535872166,2.5272092819213867,,,
logmmse,0140_radio_band,radio_band,5.0,1.7127735614776611,0.7482056432040441,0.5471999297019289,11.102806469344523,11.33405663403299,2.0364176589907927,2.0018503665924072,,,
logmmse,0141_radio_band,radio_band,10.0,2.2983319759368896,0.9311059440953292,0.8648118299823588,13.261705821130064,13.423588735369725,10.782419877479596,2.7742648124694824,,,
logmmse,0142_radio_band,radio_band,5.0,1.8633540868759155,0.8577420857160656,0.8334881425569559,1.7407855639325551,1.7604470736200697,8.806154662588474,2.2289979457855225,,,
logmmse,0143_radio_band,radio_band,10.0,1.9798808097839355,0.8999238748109835,0.8065851080545973,11.6522079106506,11.908386520680455,7.221976087369538,2.3647871017456055,,,
logmmse,0144_radio_band,radio_band,5.0,1.7192156314849854,0.7814822442944472,0.6811784659969203,11.444369297818298,11.71011418777158,6.842039011106491,2.035616874694824,,,
logmmse,0145_radio_band,radio_band,10.0,2.073214054107666,0.9231586051356536,0.8370858453392205,7.303668342401766,8.036426906966266,6.872828591696188,2.5565946102142334,,,
logmmse,0146_radio_band,radio_band,5.0,1.7630624771118164,0.8690914741337177,0.7998848937636808,5.890515982754114,6.669536658457998,8.061866484250544,2.3798131942749023,,,
logmmse,0147_radio_band,radio_band,10.0,1.4424062967300415,0.7851999787134151,0.6376951644991139,8.900488955838881,9.42311413774898,2.8063150108577566,1.7877976894378662,,,
logmmse,0148_radio_band,radio_band,5.0,1.5005693435668943,0.7795147586295311,0.6323018292219409,7.793696673713933,8.390912089378594,1.6634213452703763,1.8734776973724363,,,
logmmse,0149_radio_band,radio_band,10.0,2.846606492996216,0.9265471666908678,0.8302685686767531,14.592035042596148,14.72101117570592,9.777443446824847,3.179901599884033,,,
logmmse,0150_noise_only,noise_only,,,,,,,,,4.281182289123535,,
logmmse,0151_noise_only,noise_only,,,,,,,,,4.832671165466309,,
logmmse,0152_noise_only,noise_only,,,,,,,,,0.0248646382242441,,
logmmse,0153_noise_only,noise_only,,,,,,,,,1.0287131071090698,,
logmmse,0154_noise_only,noise_only,,,,,,,,,1.960835576057434,,
logmmse,0155_noise_only,noise_only,,,,,,,,,7.442355155944824,,
logmmse,0156_noise_only,noise_only,,,,,,,,,0.802405595779419,,
logmmse,0157_noise_only,noise_only,,,,,,,,,3.1159451007843018,,
logmmse,0158_noise_only,noise_only,,,,,,,,,7.364004135131836,,
logmmse,0159_noise_only,noise_only,,,,,,,,,4.328340530395508,,
logmmse,0160_noise_only,noise_only,,,,,,,,,1.553157858324994e-06,,
logmmse,0161_noise_only,noise_only,,,,,,,,,0.9053030610084534,,
logmmse,0162_noise_only,noise_only,,,,,,,,,10.284807205200195,,
logmmse,0163_noise_only,noise_only,,,,,,,,,0.2397987395524978,,
logmmse,0164_noise_only,noise_only,,,,,,,,,0.7833495736122131,,
logmmse,0165_noise_only,noise_only,,,,,,,,,1.883883357048035,,
logmmse,0166_noise_only,noise_only,,,,,,,,,14.26114559173584,,
logmmse,0167_noise_only,noise_only,,,,,,,,,15.260772705078123,,
logmmse,0168_noise_only,noise_only,,,,,,,,,0.1958904862403869,,
logmmse,0169_noise_only,noise_only,,,,,,,,,3.4568843841552734,,
logmmse,0170_noise_only,noise_only,,,,,,,,,7.989999771118164,,
logmmse,0171_noise_only,noise_only,,,,,,,,,3.52778959274292,,
logmmse,0172_noise_only,noise_only,,,,,,,,,0.75220787525177,,
logmmse,0173_noise_only,noise_only,,,,,,,,,4.850620746612549,,
logmmse,0174_noise_only,noise_only,,,,,,,,,12.19168758392334,,
logmmse,0175_noise_only,noise_only,,,,,,,,,0.6738494634628296,,
logmmse,0176_noise_only,noise_only,,,,,,,,,0.5542528033256531,,
logmmse,0177_noise_only,noise_only,,,,,,,,,1.1524226665496826,,
logmmse,0178_noise_only,noise_only,,,,,,,,,10.856307983398438,,
logmmse,0179_noise_only,noise_only,,,,,,,,,3.934800386428833,,
logmmse,0180_post_blast,post_blast,15.0,1.124703884124756,0.8074577175437795,0.7325285200256954,-6.139924334324974,-5.391672720832953,4.486581752298946,1.6483237743377686,,0.560274745903603,1.0450671911239624
logmmse,0181_post_blast,post_blast,15.0,1.173684000968933,0.8998562810503861,0.8272307301106887,-7.762449797888,-7.329427538059486,7.191443193962208,2.412931442260742,,0.824985514951713,1.1203999519348145
logmmse,0182_post_blast,post_blast,15.0,1.0441997051239014,0.6258981930543535,0.4296292748755675,-6.393145584100964,-5.894590634195856,-1.3567722859153777,1.2356469631195068,,0.8950928838158124,1.1146780252456665
logmmse,0183_post_blast,post_blast,15.0,1.0506564378738403,0.7517972987135211,0.5950087227770706,-6.341666853242472,-5.65285696420208,1.29363399632626,1.3686624765396118,,0.5734219374199993,1.0426541566848757
logmmse,0184_post_blast,post_blast,15.0,1.303876519203186,0.9088425456966108,0.728130154198359,-8.658048185086994,-8.220573479714789,5.50523133336479,2.5628983974456787,,0.9336201805750844,1.2206653356552124
logmmse,0185_post_blast,post_blast,15.0,1.3442416191101074,0.7889692016441112,0.650120198390578,-14.323839007534003,-13.558111143979254,5.912715954503939,2.6586668491363525,,0.2378285060198605,1.02701735496521
logmmse,0186_post_blast,post_blast,15.0,1.0474252700805664,0.6475432066391853,0.4864297235270661,-15.201814635027908,-14.877978222101929,-2.366958943802513,1.2602877616882324,,0.7299006972678342,1.0708918571472168
logmmse,0187_post_blast,post_blast,15.0,1.2739676237106323,0.841432355763571,0.7750412882082213,-7.3466345269733955,-7.189746855183927,7.288861031458789,1.521826982498169,,0.5652491297357117,1.0241621732711792
logmmse,0188_post_blast,post_blast,15.0,1.085230827331543,0.7235251659308165,0.5696864396636152,-5.299762252106017,-4.067317904485571,1.7209775187659244,1.320082187652588,,0.8792300329206887,1.1679182052612305
logmmse,0189_post_blast,post_blast,15.0,1.0320723056793213,0.6284271314599625,0.4360387540030266,-12.869666301882493,-12.11181855134664,0.3705662841234723,1.293745994567871,,0.8053488797533129,1.0337402820587158
logmmse,0190_post_blast,post_blast,15.0,1.105676531791687,0.7764940447626318,0.6756177538406017,-11.110744684860348,-10.742171125007792,3.5850232901773147,1.9162876605987549,,0.5464842641977851,1.0277570486068726
logmmse,0191_post_blast,post_blast,15.0,1.147286891937256,0.7885747731910402,0.5595879410525576,-5.942584695389358,-4.93540344448753,1.1871112670029178,1.6603798866271973,,0.5778470208908506,1.0748956203460691
logmmse,0192_post_blast,post_blast,15.0,1.1709201335906982,0.6146522673640975,0.5395562507680756,-9.155355973975166,-8.658125443698479,1.824146629651594,1.5627330541610718,,0.8752344123583896,1.2845444679260254
logmmse,0193_post_blast,post_blast,15.0,1.0363856554031372,0.7952617282668537,0.5937368637255195,-4.545079676194109,-3.7760517594377054,1.5411054291326691,1.6778860092163086,,0.5844281241365034,1.048640489578247
logmmse,0194_post_blast,post_blast,15.0,1.089913249015808,0.7427062149253165,0.5687161340220139,-5.02815081511541,-4.728977559453746,-0.844331313031127,1.5640482902526855,,0.9252238429500296,1.5067527294158936
logmmse,0195_post_blast,post_blast,15.0,1.144217848777771,0.7916580102361375,0.6388277802715214,-2.9092704911487344,-1.5478948861842623,2.6166589604327513,1.7820515632629397,,0.8415997489737336,1.2547438144683838
logmmse,0196_post_blast,post_blast,15.0,1.0533843040466309,0.6970252279695701,0.5781907642385846,-7.342716128677299,-6.9641560553786475,6.620351997719815,1.2621028423309326,,0.7874214607201505,1.0680203437805176
logmmse,0197_post_blast,post_blast,15.0,1.151098370552063,0.675096746425225,0.573074220423815,-4.164523437844266,-3.725456196712962,2.870219567626187,1.9287461042404177,,0.2808646890504278,1.0703237056732178
logmmse,0198_post_blast,post_blast,15.0,1.0577175617218018,0.5529606406997963,0.5046101349635777,-13.318808292834234,-12.423057729825862,0.3827872891396224,1.2413678169250488,,0.6477333229325286,1.1260600090026855
logmmse,0199_post_blast,post_blast,15.0,1.0475881099700928,0.7874745822250572,0.6627256861986364,-4.947771978795371,-4.4117701558181635,1.3643328059303268,1.4155505895614624,,1e-05,
logmmse,0200_post_blast,post_blast,15.0,1.1141353845596311,0.6933971948262637,0.6096833007026682,-12.955085000212344,-12.48285044418689,6.962475329126985,1.848664402961731,,0.900083852930783,1.388596534729004
logmmse,0201_post_blast,post_blast,15.0,1.0892784595489502,0.6518887269680318,0.4335067916352932,-8.041666189409836,-7.361055415617278,0.0346665250830839,1.623962163925171,,0.7217305639994717,1.125054121017456
logmmse,0202_post_blast,post_blast,15.0,1.0399233102798462,0.7462781878285716,0.6244341394756208,-2.9259686452084828,-1.915329529912263,3.807363540115132,1.5261242389678955,,0.6765207839242317,1.0261157751083374
logmmse,0203_post_blast,post_blast,15.0,1.1435368061065674,0.8698792244359904,0.7712395838561525,-6.383666002141078,-6.1085624634383064,7.869179940312814,2.0322165489196777,,0.6489011138854878,1.0667071342468262
logmmse,0204_post_blast,post_blast,15.0,1.070093035697937,0.7137132153195659,0.5707328606397095,-2.8699589433008628,-2.642629949997999,2.318327694658631,1.6898850202560425,,0.7137930254193344,1.0505163669586182
logmmse,0205_post_blast,post_blast,15.0,1.0779589414596558,0.7146923132559391,0.5944463559813923,-7.208259610238791,-6.697808011257863,3.7764929803143144,2.110910177230835,,0.4902181084479097,1.0660202503204346
logmmse,0206_post_blast,post_blast,15.0,1.0847744941711426,0.8394045429095813,0.7314528406978521,-9.627374973018563,-9.067059556532216,0.3928334001680265,1.929128646850586,,0.6387419761526076,1.029802680015564
logmmse,0207_post_blast,post_blast,15.0,1.1177232265472412,0.7567141074527814,0.5414956755731043,-6.11764597028901,-5.619849868146559,2.6157002398524747,1.5869147777557373,,0.8073361238581783,1.163014531135559
logmmse,0208_post_blast,post_blast,15.0,1.0700366497039795,0.7536634552586249,0.6655976951722646,-7.549261856243968,-6.886801793778101,4.060031813414528,1.4023116827011108,,0.5403634547442494,1.022207498550415
logmmse,0209_post_blast,post_blast,15.0,1.0869364738464355,0.8213752175916935,0.7325135659436994,-8.270870423707432,-7.697852345290347,3.324923091153643,1.455631971359253,,0.6682104978015346,1.0507481098175049
logmmse,0210_noise_switch,noise_switch,0.0,1.1303105354309082,0.696032070925369,0.4322884641867088,2.1549393064829605,3.1710029397642447,0.6284637060049593,1.9394659996032717,,,
logmmse,0211_noise_switch,noise_switch,5.0,1.172993779182434,0.7949340181088695,0.6093212058387719,5.470825868066594,6.232603919787386,2.299745613940814,1.632821559906006,,,
logmmse,0212_noise_switch,noise_switch,0.0,1.1218020915985107,0.7140888442266334,0.5405861544996351,0.4039952492824785,0.8517824036850392,-0.2009285236564203,1.3603060245513916,,,
logmmse,0213_noise_switch,noise_switch,5.0,1.3211532831192017,0.825283926555684,0.61959662665769,5.575516584615436,6.438659791119151,0.7365214373221212,2.030916690826416,,,
logmmse,0214_noise_switch,noise_switch,0.0,1.0599523782730105,0.7029951314165461,0.5944366294478204,-2.689331943389459,-2.504474401476819,-2.7145562294731533,1.290142059326172,,,
logmmse,0215_noise_switch,noise_switch,5.0,1.192983627319336,0.8832230202828842,0.7183698188840498,5.946687530963236,6.548834772557452,3.1964725363671764,1.936861276626587,,,
logmmse,0216_noise_switch,noise_switch,0.0,1.079659342765808,0.5700955834473421,0.4078075986465927,2.660573111884013,3.517621709066161,0.7429850544439027,1.876649022102356,,,
logmmse,0217_noise_switch,noise_switch,5.0,1.2193399667739868,0.7808749681502265,0.6350674638292501,6.556651113977107,7.310101894695657,4.549126238365392,1.5439021587371826,,,
logmmse,0218_noise_switch,noise_switch,0.0,1.1185154914855957,0.6328213384041661,0.4436117062968827,0.5285608550741279,2.6277462038283295,-0.2014364679295863,1.3166249990463257,,,
logmmse,0219_noise_switch,noise_switch,5.0,1.2669463157653809,0.8786355505503148,0.6889069925717209,5.700409719519675,6.3690494288389585,3.5119799919688512,2.1167328357696533,,,
logmmse,0220_noise_switch,noise_switch,0.0,1.0434041023254397,0.7332291410612124,0.5741425867542267,0.9549670046464824,2.920065938639787,0.5614911287329262,1.7023303508758545,,,
logmmse,0221_noise_switch,noise_switch,5.0,1.171656608581543,0.7598394732864566,0.5475166384963928,5.668818186386049,6.327942691406739,2.0400270175850803,2.241748571395874,,,
logmmse,0222_noise_switch,noise_switch,0.0,1.1403876543045044,0.8080584806934417,0.6653542676454147,-0.9283237693719736,-0.528812012260264,1.595489103642156,1.518000841140747,,,
logmmse,0223_noise_switch,noise_switch,5.0,1.1905862092971802,0.827342035195731,0.7036770037634587,5.398460563267618,6.035143791304289,3.344881380059029,1.902359962463379,,,
logmmse,0224_noise_switch,noise_switch,0.0,1.1224889755249023,0.8882464666871014,0.7683344476863668,-1.7449274611669248,-1.0095142988577694,4.354824824741907,2.6540420055389404,,,
logmmse,0225_noise_switch,noise_switch,5.0,1.238248348236084,0.732294695437349,0.5714209709597882,4.052721581457883,4.925849315477658,2.8101316333287247,1.806110382080078,,,
logmmse,0226_noise_switch,noise_switch,0.0,1.0834708213806152,0.6405520623009721,0.4704390049702532,0.1390707634203799,1.9871061516764783,1.5120390105115802,1.4191844463348389,,,
logmmse,0227_noise_switch,noise_switch,5.0,1.2454044818878174,0.8576416773982374,0.6529902760199439,5.486382292941608,6.416020470254326,2.867946498168399,1.7988330125808716,,,
logmmse,0228_noise_switch,noise_switch,0.0,1.0663706064224243,0.664339447402669,0.4797004246725876,-0.2953312605763774,1.2876765696214822,0.6547604389802364,1.3951977491378784,,,
logmmse,0229_noise_switch,noise_switch,5.0,1.1387159824371338,0.8262778840648278,0.6539628785454401,3.9390637877167656,4.39759437173535,2.155252953464206,1.5649921894073486,,,
logmmse,0230_noise_switch,noise_switch,0.0,1.0902849435806274,0.7320439796211546,0.4436774187419353,0.2938173773063728,1.9384674318069837,-1.266211724821082,1.7357168197631836,,,
logmmse,0231_noise_switch,noise_switch,5.0,1.3637261390686035,0.8646939425937961,0.7217836556227484,6.142224239600871,7.000950246194135,4.361929167657801,2.164081573486328,,,
logmmse,0232_noise_switch,noise_switch,0.0,1.0657416582107544,0.6672637927241294,0.4779806744430862,-0.3501031626990977,1.7274650958936102,0.1310990876187919,1.2779591083526611,,,
logmmse,0233_noise_switch,noise_switch,5.0,1.110478162765503,0.8103715500410481,0.635132401708706,3.439417341602557,4.567464157678939,2.8374897179444325,1.730732798576355,,,
logmmse,0234_noise_switch,noise_switch,0.0,1.1035455465316772,0.7269086079154345,0.5098239640970925,0.2032576129830532,1.298004868126807,0.1509006016394992,1.670537352561951,,,
logmmse,0235_noise_switch,noise_switch,5.0,1.0540077686309814,0.688075152248319,0.5376756151302702,4.36297580817632,5.035845796799576,5.6261344916125235,1.2560874223709106,,,
logmmse,0236_noise_switch,noise_switch,0.0,1.0543795824050903,0.6798616585236863,0.4634317664382704,-0.8174773270311688,-0.1422499794711681,-1.0031622071276405,1.336194634437561,,,
logmmse,0237_noise_switch,noise_switch,5.0,1.237145185470581,0.7614592892246068,0.6231309568251385,3.042927295108353,3.8221935297344296,-0.8171562989061745,1.885692358016968,,,
logmmse,0238_noise_switch,noise_switch,0.0,1.0726178884506226,0.7558624668542562,0.509558807854165,0.818521653479938,1.6815032366856528,-0.5538701515506028,1.4678189754486084,,,
logmmse,0239_noise_switch,noise_switch,5.0,1.2519707679748535,0.7660566239462953,0.5483563480653063,6.547102795360221,7.105006273118092,3.870746658850616,1.987569808959961,,,
logmmse,0240_hum400,hum400,0.0,1.347186803817749,0.7101673447125274,0.5959089928459161,8.719765647762616,9.136363671494824,4.840351409810878,1.863875389099121,,,
logmmse,0241_hum400,hum400,5.0,1.8210203647613523,0.9141956081822662,0.8238631895838892,8.495570433237967,8.787462998279604,3.852512752000552,2.277613401412964,,,
logmmse,0242_hum400,hum400,0.0,1.2215545177459717,0.8353837476516112,0.6528755948087607,6.861133328844336,7.511097013154443,3.503703199985464,1.7687575817108154,,,
logmmse,0243_hum400,hum400,5.0,1.7432149648666382,0.91850036495189,0.7799896307942615,9.445345029362787,9.580264321555545,5.874727315730485,2.3968167304992676,,,
logmmse,0244_hum400,hum400,0.0,1.3942216634750366,0.8364855097469953,0.606386110238175,6.816394167885669,7.411319751700404,2.7884298791677407,2.0001606941223145,,,
logmmse,0245_hum400,hum400,5.0,1.633480668067932,0.9102256284780248,0.7806178163803542,11.074849802163056,11.161981495714995,1.585741049990123,2.2702383995056152,,,
logmmse,0246_hum400,hum400,0.0,1.295545220375061,0.7391674426079891,0.6221777613966626,4.567389969801919,5.7577119588235846,1.329387322437767,1.6491036415100098,,,
logmmse,0247_hum400,hum400,5.0,1.7544655799865725,0.8741817415583257,0.7996120799589173,8.65345975211962,9.063981080405291,4.381255121462095,2.284968137741089,,,
logmmse,0248_hum400,hum400,0.0,1.4854131937026978,0.7705503790328532,0.5918579593732396,5.900224473618443,6.674820499152997,2.2016522519983677,1.9556803703308103,,,
logmmse,0249_hum400,hum400,5.0,1.7095996141433716,0.8995098437713409,0.7831483141446789,9.708451965509084,9.983173616322947,4.4033569397092815,2.246572256088257,,,
logmmse,0250_hum400,hum400,0.0,1.3889713287353516,0.8589343546368056,0.7388873905156031,7.980504772545101,8.483494953025726,2.793295002392774,1.8860571384429932,,,
logmmse,0251_hum400,hum400,5.0,1.588049292564392,0.8815801363943553,0.7602425706137902,9.422502985377657,9.77773256214174,3.8116787249955224,2.0715479850769043,,,
logmmse,0252_hum400,hum400,0.0,1.2721596956253052,0.8639056037105188,0.6549682614240097,4.635458497393358,5.6544824961438,1.9149648431438655,1.7999467849731443,,,
logmmse,0253_hum400,hum400,5.0,1.5502606630325315,0.7535839354613526,0.5635113101421803,11.40728177962302,11.599414591999508,2.6548709784451874,2.522576093673706,,,
logmmse,0254_hum400,hum400,0.0,1.207472324371338,0.8095374049748261,0.648630523459827,5.498494584588409,6.393591815935855,4.406708243295321,1.5848894119262695,,,
logmmse,0255_hum400,hum400,5.0,1.5687406063079834,0.8951477109430886,0.7847437712061027,9.27960965487223,9.53547986243125,2.1430451423082424,2.0342230796813965,,,
logmmse,0256_hum400,hum400,0.0,1.198741436004639,0.8417422736499098,0.6952074527759182,6.3970536303316,7.068148662676601,4.493038095972398,1.5450905561447144,,,
logmmse,0257_hum400,hum400,5.0,1.619663953781128,0.91793899529778,0.7987874776330861,9.897921198069993,10.193260732803044,2.3069265854337853,2.221775770187378,,,
logmmse,0258_hum400,hum400,0.0,1.4629493951797483,0.8653033463640235,0.645024815877935,6.903832814036027,7.46356404629497,3.464892929607513,2.0106608867645264,,,
logmmse,0259_hum400,hum400,5.0,1.6274828910827637,0.8951615654600077,0.7961523285018558,11.88935973366604,12.058743803816846,2.893384409783653,2.16900897026062,,,
logmmse,0260_hum400,hum400,0.0,1.3706517219543457,0.7921157819158093,0.650364776502726,6.133469792802582,6.9900205181022255,2.88519488753179,1.8948643207550049,,,
logmmse,0261_hum400,hum400,5.0,1.7789242267608645,0.8927372030787716,0.7449901047976724,8.099883523105353,8.409985634707368,4.948433339406997,2.3637006282806396,,,
logmmse,0262_hum400,hum400,0.0,1.4130843877792358,0.8248109918566487,0.5736946832699523,7.705524952239039,8.193183463412446,-1.3998825818529976,1.8731448650360107,,,
logmmse,0263_hum400,hum400,5.0,1.6354913711547852,0.9039231009512652,0.8023601228854452,10.968694133640966,11.09989595802852,2.843216305586189,2.215899705886841,,,
logmmse,0264_hum400,hum400,0.0,1.2378342151641846,0.8130284621864258,0.7208292190488208,7.617473412590796,8.143064914015124,1.6735471059077058,1.8207616806030271,,,
logmmse,0265_hum400,hum400,5.0,1.7158056497573853,0.8938926705127168,0.8121411331227031,11.23179659728245,11.41718363217174,5.859402639058697,2.3235175609588623,,,
logmmse,0266_hum400,hum400,0.0,1.3031381368637085,0.80814056543866,0.6752174970965282,6.857640657750861,7.4451130216716175,4.290383116654526,1.6989529132843018,,,
logmmse,0267_hum400,hum400,5.0,1.79239821434021,0.9075048503819828,0.8033086593636938,11.21443701993936,11.334677946801737,1.0063317580140692,2.2116284370422363,,,
logmmse,0268_hum400,hum400,0.0,1.225306272506714,0.8171045021893869,0.6153194845051287,5.763613236819981,6.462460567505223,3.9007172002214854,1.71141517162323,,,
logmmse,0269_hum400,hum400,5.0,1.429194450378418,0.8670908186112628,0.7358443604675553,11.487146219332182,11.57771735488818,6.7991468475391095,1.9016209840774536,,,
logmmse,0270_crew_babble,crew_babble,0.0,1.143142580986023,0.6259060887811179,0.378828423728025,-2.611331448022489,-1.2363167380405524,-2.4342918857728475,1.5686359405517578,,,
logmmse,0271_crew_babble,crew_babble,5.0,1.2025734186172483,0.7819234232489148,0.6090185684260956,4.558419642814684,5.194916131731146,2.354115742624933,1.6175155639648438,,,
logmmse,0272_crew_babble,crew_babble,10.0,1.162154197692871,0.8115439534695695,0.6458517697733376,6.1766271990661075,7.114808889787932,3.6481583114930376,1.546968936920166,,,
logmmse,0273_crew_babble,crew_babble,0.0,1.047939658164978,0.5408067786926898,0.3608369314282918,-0.0003529245563856,1.127313146143847,-0.7798520380388111,1.2558934688568115,,,
logmmse,0274_crew_babble,crew_babble,5.0,1.0537446737289429,0.6825765783083606,0.5475505297012645,1.8921432319650384,3.030422550065465,2.703863791823398,1.1897311210632324,,,
logmmse,0275_crew_babble,crew_babble,10.0,1.2364635467529297,0.7805741961205942,0.5872314479501733,8.064285157984706,8.687185269428465,1.916083510155607,1.6410685777664185,,,
logmmse,0276_crew_babble,crew_babble,0.0,1.100253343582153,0.6496769738064225,0.4559691710225999,-0.7121370634897075,0.5043124167530448,-1.827845068358208,1.4701645374298096,,,
logmmse,0277_crew_babble,crew_babble,5.0,1.1589298248291016,0.7454885609840393,0.5582932539698016,3.0148877836869032,4.437705452534715,2.9891238371460553,1.6678367853164673,,,
logmmse,0278_crew_babble,crew_babble,10.0,1.2449560165405271,0.7417810029217281,0.5787247484215783,5.843545304824871,6.735205680725395,5.044963934919986,1.8723381757736208,,,
logmmse,0279_crew_babble,crew_babble,0.0,1.0512094497680664,0.4381085525982841,0.3308101490935927,-1.3281908685594614,0.6073592672974302,0.054706043068282,1.340500831604004,,,
logmmse,0280_crew_babble,crew_babble,5.0,1.174085021018982,0.6759931034777587,0.5046248224579097,4.226646900869318,5.268838393016252,-0.6173875867729401,1.5775765180587769,,,
logmmse,0281_crew_babble,crew_babble,10.0,1.1382890939712524,0.8041579639149917,0.5865454389985675,4.071111332978132,5.173996242365348,0.4092024477162437,1.7565255165100098,,,
logmmse,0282_crew_babble,crew_babble,0.0,1.0753103494644165,0.7033308719178907,0.5480107605955523,-0.7735985790126136,-0.0312858648612198,-0.3638555382442312,1.3784379959106443,,,
logmmse,0283_crew_babble,crew_babble,5.0,1.0880601406097412,0.6788865051314062,0.4636612905838603,4.57968851483131,5.205021439548387,0.9216398896100187,1.5807596445083618,,,
logmmse,0284_crew_babble,crew_babble,10.0,1.2449034452438354,0.6973338661228559,0.5128169615414625,6.969548030525453,7.493178368453519,0.3827024778526576,1.8445162773132324,,,
logmmse,0285_crew_babble,crew_babble,0.0,1.0703812837600708,0.6155062055436274,0.3887612806609775,-0.159854180907529,0.6913048250427188,-1.254849711776892,1.3678622245788574,,,
logmmse,0286_crew_babble,crew_babble,5.0,1.201586127281189,0.7391598328710881,0.4791145093283487,4.607822406456549,5.521721191157686,1.3074918267738025,1.6585509777069092,,,
logmmse,0287_crew_babble,crew_babble,10.0,1.0983569622039795,0.6641505932811322,0.5706380494590414,8.465360867921166,8.970268816426874,6.2001316490654075,1.4645075798034668,,,
logmmse,0288_crew_babble,crew_babble,0.0,1.0869104862213137,0.5835605767787027,0.3563056136315609,-1.268962213116343,0.7450514251858578,-1.486495699305868,1.3949657678604126,,,
logmmse,0289_crew_babble,crew_babble,5.0,1.1390351057052612,0.7794518157836224,0.5991253524038559,4.092591648666762,5.117561413899062,1.913165654103864,1.6175179481506348,,,
logmmse,0290_crew_babble,crew_babble,10.0,1.4157843589782717,0.7852415504093293,0.6159935776402047,9.369350777796026,9.777542463853992,3.634894856006484,2.049269914627075,,,
logmmse,0291_crew_babble,crew_babble,0.0,1.0494385957717896,0.5970843424883036,0.3860852206067746,-1.3239951160073424,0.3096558302999937,-0.0272482289597086,1.2861565351486206,,,
logmmse,0292_crew_babble,crew_babble,5.0,1.147014856338501,0.6751822479349991,0.4981982199129771,4.870417060656735,5.67541696395193,1.2955888641653792,1.6865668296813965,,,
logmmse,0293_crew_babble,crew_babble,10.0,1.3856072425842283,0.7930703377078423,0.5931344032477066,7.251608913462845,7.89448384824359,4.969259738490995,2.3417210578918457,,,
logmmse,0294_crew_babble,crew_babble,0.0,1.0594764947891235,0.6127933561932232,0.4344153603483026,-0.7965896586650771,0.3339124515406548,-0.6384806542217809,1.2630486488342283,,,
logmmse,0295_crew_babble,crew_babble,5.0,1.1038730144500732,0.778272837780838,0.5549347013650644,3.2179386595903203,4.038233279055245,1.569773827806753,1.454188108444214,,,
logmmse,0296_crew_babble,crew_babble,10.0,1.1633208990097046,0.7806540539481429,0.5227650240583711,8.236626839534559,8.759498179579804,1.5879573897978063,2.003066301345825,,,
logmmse,0297_crew_babble,crew_babble,0.0,1.039525032043457,0.6510700504326329,0.4048257232822966,0.261701001217711,1.4841406476091334,-1.0556074118889276,1.299951672554016,,,
logmmse,0298_crew_babble,crew_babble,5.0,1.0884087085723877,0.5780392735742111,0.417529777999827,4.459638944955204,5.554008698803813,2.585986697862853,1.650747776031494,,,
logmmse,0299_crew_babble,crew_babble,10.0,1.2501134872436523,0.8003871762164969,0.6550819967183587,6.462550247560559,7.346066475039653,5.1180576805446005,1.8442468643188477,,,
logmmse,0300_long_stream,long_stream,5.0,1.3044235706329346,0.828655084320836,0.6783525668176688,4.69857747004159,5.398593661769825,6.027665643338689,1.895391583442688,,,
logmmse,0301_long_stream,long_stream,5.0,1.224581599235535,0.8167560121442009,0.6549800096885405,3.60836063142916,4.310340643756211,2.671219424702965,1.7697556018829346,,,
logmmse,0302_long_stream,long_stream,5.0,1.2917982339859009,0.8079880062150074,0.6738157905827642,3.2663835483833656,4.151313237975038,3.872275335747994,1.9876246452331543,,,
logmmse,0303_long_stream,long_stream,5.0,1.2827165126800537,0.8372455024135866,0.718328501094582,4.66467522586748,5.264773437550334,4.867344884934356,1.860279202461243,,,
dancnet:hq_metric,0000_clip_heavy,clip_heavy,0.0,1.7275879383087158,0.9167180941846452,0.8050369360925481,7.102560357369287,7.746758402943281,5.296567247253818,2.4301912784576416,,,
dancnet:hq_metric,0001_clip_heavy,clip_heavy,5.0,1.5122075080871582,0.8279701037274301,0.696269187746328,6.8791820822693195,6.6805330179078615,5.835691103653546,2.184011459350586,,,
dancnet:hq_metric,0002_clip_heavy,clip_heavy,0.0,2.382152318954468,0.9683904428353672,0.9066483929020506,15.868060269204657,15.8563677031533,9.531086663451008,2.9143083095550537,,,
dancnet:hq_metric,0003_clip_heavy,clip_heavy,5.0,1.990990400314331,0.8806633551808596,0.7499901285388308,10.808853221195992,10.924558643342726,6.767390560847868,3.072867631912231,,,
dancnet:hq_metric,0004_clip_heavy,clip_heavy,0.0,3.694309711456299,0.9360971989473726,0.9250493746405216,7.09959086774281,6.972626983975592,23.782981213426453,3.521233558654785,,,
dancnet:hq_metric,0005_clip_heavy,clip_heavy,5.0,1.523627519607544,0.8749196390717118,0.7290325152626339,7.262672888583987,7.035538597124834,5.028185112377145,2.3153772354125977,,,
dancnet:hq_metric,0006_clip_heavy,clip_heavy,0.0,2.6615395545959473,0.9773912275117576,0.9635757394309052,13.498931407164443,13.262855386057876,18.468473937182672,3.43906307220459,,,
dancnet:hq_metric,0007_clip_heavy,clip_heavy,5.0,1.7563332319259644,0.8614529362923184,0.8001170028661909,6.871897278932596,7.183111783945448,5.61435406182425,2.5882866382598877,,,
dancnet:hq_metric,0008_clip_heavy,clip_heavy,0.0,3.202310562133789,0.9860958688882916,0.9689840121898826,17.396757980247234,17.20906079385699,17.9538566873695,3.784019470214844,,,
dancnet:hq_metric,0009_clip_heavy,clip_heavy,5.0,2.0225067138671875,0.902332741982324,0.8025432789666016,10.803671799149338,10.949821605733796,8.079023606339142,2.963592290878296,,,
dancnet:hq_metric,0010_clip_heavy,clip_heavy,0.0,1.4061957597732544,0.7990673395238909,0.6424722506817306,5.785510458236434,6.521916271459645,7.19323174395824,1.891759753227234,,,
dancnet:hq_metric,0011_clip_heavy,clip_heavy,5.0,1.4051207304000854,0.917305620989634,0.790061980502123,7.876805499030209,7.9330103211926195,4.769774021835972,2.759291887283325,,,
dancnet:hq_metric,0012_clip_heavy,clip_heavy,0.0,3.1950228214263916,0.9840618694269893,0.9569926339989692,15.439330499916396,15.321627405761728,7.167227825508448,3.743916749954224,,,
dancnet:hq_metric,0013_clip_heavy,clip_heavy,5.0,2.3263065814971924,0.9432464467436285,0.9084205139786952,9.280381802008504,9.314963936573928,6.155088435862047,3.1301286220550537,,,
dancnet:hq_metric,0014_clip_heavy,clip_heavy,0.0,1.6931157112121582,0.9324867684311986,0.7973065198848811,7.607329103425614,8.298801306570699,6.163980993284675,2.101649522781372,,,
dancnet:hq_metric,0015_clip_heavy,clip_heavy,5.0,1.7239316701889038,0.9094519843170622,0.7866272190782576,7.637400096275838,8.091433819986591,5.819615095478296,2.676952123641968,,,
dancnet:hq_metric,0016_clip_heavy,clip_heavy,0.0,2.6463184356689453,0.9208992719122236,0.8654146715067095,11.888501239755778,12.128557879835853,14.192015975876554,3.2799994945526123,,,
dancnet:hq_metric,0017_clip_heavy,clip_heavy,5.0,1.7072091102600098,0.9160081184651064,0.7948585758960377,9.30734061882364,9.348233741718497,5.250746772246375,2.3943443298339844,,,
dancnet:hq_metric,0018_clip_heavy,clip_heavy,0.0,1.9139142036437988,0.9227447904449736,0.8540570971233213,8.515147931584197,8.699062803960093,8.808816153069042,2.7435507774353027,,,
dancnet:hq_metric,0019_clip_heavy,clip_heavy,5.0,2.4355556964874268,0.9803757183076904,0.9632259238152716,15.82665824121537,15.462106886633762,13.838009360192414,3.5902018547058105,,,
dancnet:hq_metric,0020_clip_heavy,clip_heavy,0.0,1.990269660949707,0.899290201341228,0.8328464913759704,8.147243397256013,8.178176566918848,10.155448281602506,2.7577478885650635,,,
dancnet:hq_metric,0021_clip_heavy,clip_heavy,5.0,1.9778140783309937,0.9569405281596388,0.8830792860100378,11.876484949227828,11.860129733194125,6.609495287722436,2.853770017623902,,,
dancnet:hq_metric,0022_clip_heavy,clip_heavy,0.0,4.17441987991333,0.991548176048698,0.9836941011758517,22.619691916674544,22.52514987121061,27.85032061142948,4.139462947845459,,,
dancnet:hq_metric,0023_clip_heavy,clip_heavy,5.0,1.845327377319336,0.8466788901281724,0.7330405704262264,7.1556278287539,7.269046709499294,6.174370250414136,2.5453555583953857,,,
dancnet:hq_metric,0024_clip_heavy,clip_heavy,0.0,2.0241622924804688,0.901104869664172,0.791060220967652,10.141514448890527,10.489376915286329,9.821626564954643,2.4114339351654053,,,
dancnet:hq_metric,0025_clip_heavy,clip_heavy,5.0,2.042320728302002,0.9226597172114076,0.7979059078268026,10.276533085283106,10.652324060020728,8.425492071818773,2.9338088035583496,,,
dancnet:hq_metric,0026_clip_heavy,clip_heavy,0.0,1.589932203292847,0.8095610615657551,0.6556044470626801,9.37355503704689,9.775788588230911,9.032234276302177,2.131265878677368,,,
dancnet:hq_metric,0027_clip_heavy,clip_heavy,5.0,1.660086154937744,0.8936752474344025,0.7508068415948852,8.42576915389887,8.077916635580763,6.331507272729473,2.335663318634033,,,
dancnet:hq_metric,0028_clip_heavy,clip_heavy,0.0,2.1830549240112305,0.952677676622384,0.9191061394397853,14.70002571676706,14.575088257626884,10.02370690388235,2.975665807723999,,,
dancnet:hq_metric,0029_clip_heavy,clip_heavy,5.0,1.487104892730713,0.9132610219301508,0.8380219463520572,12.66104398795109,12.619859687823968,8.527216466498361,2.1994125843048096,,,
dancnet:hq_metric,0030_level_low,level_low,0.0,2.0031955242156982,0.8415631968366737,0.713181781662358,10.851800545587691,10.66048111807773,4.96194195973991,2.3969762325286865,,,
dancnet:hq_metric,0031_level_low,level_low,5.0,2.0762460231781006,0.8787600876528072,0.746279970178131,10.852671977152909,10.87573597206288,8.008466826326151,2.7380154132843018,,,
dancnet:hq_metric,0032_level_low,level_low,10.0,3.6456105709075928,0.9909696285810996,0.973317318148461,16.11295535205563,16.065339043338565,18.79124147250969,4.0462327003479,,,
dancnet:hq_metric,0033_level_low,level_low,0.0,1.984734058380127,0.9297698572871722,0.8474587496991502,11.329239051038265,11.514963402345604,8.75968857656494,2.9684338569641113,,,
dancnet:hq_metric,0034_level_low,level_low,5.0,2.145073652267456,0.9314907898872692,0.75055826552665,12.819896640375047,12.377618683891487,6.056869541579769,3.028578758239746,,,
dancnet:hq_metric,0035_level_low,level_low,10.0,2.911268949508667,0.9662036959839522,0.9348055374657342,17.86792723813549,17.1893475937095,10.40397366747379,3.766402959823608,,,
dancnet:hq_metric,0036_level_low,level_low,0.0,2.0808236598968506,0.9111432189072708,0.7838293349426103,11.554332254626678,11.708301131569169,9.362202541124184,3.244957208633423,,,
dancnet:hq_metric,0037_level_low,level_low,5.0,2.846182346343994,0.9395510805104336,0.8708586904873646,14.022906067418855,13.957258186815816,10.8225804757522,3.5128695964813232,,,
dancnet:hq_metric,0038_level_low,level_low,10.0,2.122218608856201,0.943509810402095,0.8520256288290642,16.36411681775139,15.72939108090944,9.763162738173794,2.7117221355438232,,,
dancnet:hq_metric,0039_level_low,level_low,0.0,2.950300931930542,0.9739403592175138,0.9192627491031607,12.726174564429858,12.887782388495152,9.806669706311906,3.8453965187072754,,,
dancnet:hq_metric,0040_level_low,level_low,5.0,2.316779613494873,0.936319271647928,0.846695052290632,14.006429629777472,14.019006827337586,9.705011263132494,2.958056926727295,,,
dancnet:hq_metric,0041_level_low,level_low,10.0,2.815806150436402,0.9298537796539542,0.8353378775708717,14.722371324317775,14.395665391588029,10.496148657209153,3.39101243019104,,,
dancnet:hq_metric,0042_level_low,level_low,0.0,2.0216803550720215,0.8992951453385469,0.7726061674311149,9.827046034647006,9.63537278253111,3.62938808312021,2.82308578491211,,,
dancnet:hq_metric,0043_level_low,level_low,5.0,2.8017044067382812,0.9035393994142478,0.8742429559018363,15.843701555359312,15.663597443185749,13.074041232368597,3.040526866912842,,,
dancnet:hq_metric,0044_level_low,level_low,10.0,2.9394989013671875,0.9655776856148178,0.9029843971160372,17.45508522918514,17.188522481730107,13.892048241034647,3.5118632316589355,,,
dancnet:hq_metric,0045_level_low,level_low,0.0,1.9897360801696775,0.800738408873356,0.6315045575289893,10.610316088416631,10.723940115618287,5.886939919833123,2.671504020690918,,,
dancnet:hq_metric,0046_level_low,level_low,5.0,2.1849706172943115,0.949579100046674,0.8423638550331662,10.197117794923807,10.260067216082282,7.1373739265116605,3.2513837814331055,,,
dancnet:hq_metric,0047_level_low,level_low,10.0,3.5614566802978516,0.9049470981948546,0.85313546411342,21.183032236492352,20.533963607516252,13.042409628015005,4.246649265289307,,,
dancnet:hq_metric,0048_level_low,level_low,0.0,2.567922592163086,0.9807903270069558,0.9473432753998938,13.775437743762124,13.872313680279726,18.25232371812369,3.2606008052825928,,,
dancnet:hq_metric,0049_level_low,level_low,5.0,2.061624050140381,0.8672089491496063,0.777091264595534,13.503920380299228,13.22757941133691,8.71841179535898,2.596876621246338,,,
dancnet:hq_metric,0050_level_low,level_low,10.0,2.833409070968628,0.9551595079691834,0.8925395158348503,17.78443127182261,17.25608991406126,11.418361129786463,3.310239315032959,,,
dancnet:hq_metric,0051_level_low,level_low,0.0,2.2772839069366455,0.9752242645592524,0.8720563430475943,4.693853920556486,4.6466465619450865,3.1839471218641973,3.2633824348449707,,,
dancnet:hq_metric,0052_level_low,level_low,5.0,1.493376851081848,0.9760431230781342,0.9066214928477088,12.958172427427446,12.72149157720882,6.422677701100725,2.7306671142578125,,,
dancnet:hq_metric,0053_level_low,level_low,10.0,1.772957682609558,0.8810203584579621,0.8065198820699625,15.617706623450582,15.229294006190443,16.89372225658915,2.1776771545410156,,,
dancnet:hq_metric,0054_level_low,level_low,0.0,1.665998935699463,0.7914743231742332,0.5963330851492186,8.52185820054422,8.847172937048807,3.9938225065518025,2.1616857051849365,,,
dancnet:hq_metric,0055_level_low,level_low,5.0,2.4496140480041504,0.916997144783689,0.8694665180606311,16.961030476868906,16.10713060441889,9.707282595101187,3.0884714126586914,,,
dancnet:hq_metric,0056_level_low,level_low,10.0,4.177235126495361,0.9894353253217826,0.983503563174339,22.990677535093287,22.410571507502205,24.23877280848859,4.233743190765381,,,
dancnet:hq_metric,0057_level_low,level_low,0.0,1.758465051651001,0.8844367681501069,0.7307676991857143,8.333591207393827,8.449889874860732,4.525977994851758,2.5314788818359375,,,
dancnet:hq_metric,0058_level_low,level_low,5.0,2.420408248901367,0.8110218412575538,0.7005541454193593,13.07465528945339,12.945335290406929,7.772480850080025,3.4963324069976807,,,
dancnet:hq_metric,0059_level_low,level_low,10.0,2.8142151832580566,0.9575923970042908,0.9028581356862442,13.701970921599862,13.807015782711977,11.01177792429111,3.716974020004273,,,
dancnet:hq_metric,0060_level_high,level_high,5.0,1.983330011367798,0.8968422830736643,0.7071601845097177,13.218909034442136,13.1418036514482,8.569524008708928,2.7857906818389893,,,
dancnet:hq_metric,0061_level_high,level_high,10.0,3.346557140350342,0.9460903603262631,0.8867087194660775,16.961784038215615,16.770004071193405,15.957910424060923,3.5334315299987793,,,
dancnet:hq_metric,0062_level_high,level_high,5.0,2.871056318283081,0.9646549613847648,0.8862287488426145,14.879027949524133,14.94654024473098,12.87090411488462,3.6021735668182373,,,
dancnet:hq_metric,0063_level_high,level_high,10.0,2.8175642490386963,0.9504978005825596,0.8767875404295508,16.547764059824136,15.714640028521634,11.664547425346862,3.421142339706421,,,
dancnet:hq_metric,0064_level_high,level_high,5.0,2.1980831623077393,0.9437498145659552,0.8334295246081489,11.258659499630596,11.34496620192763,5.371352170845926,3.5510778427124023,,,
dancnet:hq_metric,0065_level_high,level_high,10.0,2.901956796646118,0.9189899451574216,0.8371891351639932,20.147524160811983,18.72282272222806,11.400904171090504,3.6656863689422607,,,
dancnet:hq_metric,0066_level_high,level_high,5.0,2.3514280319213867,0.9039848122400302,0.8128820297407753,13.584657785897605,13.516641455845662,10.043995586954903,3.146684169769287,,,
dancnet:hq_metric,0067_level_high,level_high,10.0,2.4429337978363037,0.9583507876107802,0.9125024062505837,16.163381351770816,15.523861934893882,6.545866593835977,3.346284866333008,,,
dancnet:hq_metric,0068_level_high,level_high,5.0,2.5118885040283203,0.8783349932513433,0.7387537257155016,12.661441060446403,12.578031059788904,7.557591961089313,3.2452232837677,,,
dancnet:hq_metric,0069_level_high,level_high,10.0,2.916612386703491,0.9728067001932222,0.8956131549656503,16.479751036325055,16.008644747869646,10.230321693853424,3.5528159141540527,,,
dancnet:hq_metric,0070_level_high,level_high,5.0,2.2144711017608643,0.9623602596645782,0.8789693990015447,20.141164862847617,19.80001674106301,13.151911251506627,2.9902586936950684,,,
dancnet:hq_metric,0071_level_high,level_high,10.0,2.593926429748535,0.967785298046984,0.8947462723658068,18.885652668073824,18.308302880380797,10.880891100232942,3.506559371948242,,,
dancnet:hq_metric,0072_level_high,level_high,5.0,2.2715957164764404,0.9395864232535448,0.8427429630535916,13.247270954025575,12.657541753220254,7.159716532610634,2.856210231781006,,,
dancnet:hq_metric,0073_level_high,level_high,10.0,2.4827277660369873,0.9473613830059796,0.8775639061125307,15.12442346937566,14.765755219726731,9.703116106245451,3.0370121002197266,,,
dancnet:hq_metric,0074_level_high,level_high,5.0,2.793231964111328,0.974680621085805,0.911994536907896,13.372455408065854,13.38315067436903,10.5687283379139,3.33351469039917,,,
dancnet:hq_metric,0075_level_high,level_high,10.0,3.1462810039520264,0.9719336037714428,0.9375124251006274,19.792110592688616,18.863367147897748,11.90363348605713,3.4459128379821777,,,
dancnet:hq_metric,0076_level_high,level_high,5.0,2.043412923812866,0.9067919334749484,0.8391984963018297,14.320974520815035,14.262052498207971,9.355220237394148,2.4396984577178955,,,
dancnet:hq_metric,0077_level_high,level_high,10.0,4.1591715812683105,0.9869725988048738,0.9560638756886684,23.254295372510533,22.70191405392174,19.86281981102827,4.211402416229248,,,
dancnet:hq_metric,0078_level_high,level_high,5.0,3.0611956119537354,0.9535690607748224,0.8935186868868421,12.81390980549167,12.970614143828003,15.537482707181862,3.477323293685913,,,
dancnet:hq_metric,0079_level_high,level_high,10.0,2.047399520874023,0.9583286808773778,0.9112787804175242,14.480317314545248,14.358964629778876,9.193558369618485,2.538055419921875,,,
dancnet:hq_metric,0080_level_high,level_high,5.0,1.9846925735473633,0.938843162657484,0.8344997430802144,12.556399935488116,12.37524258318211,7.247219408164865,2.749035596847534,,,
dancnet:hq_metric,0081_level_high,level_high,10.0,2.3456013202667236,0.9500957495567668,0.8562806387172501,16.84938459323413,16.548936418682622,8.82019663098566,3.2014191150665283,,,
dancnet:hq_metric,0082_level_high,level_high,5.0,3.487821578979492,0.9771442404834828,0.9386860374779112,17.27930981585039,17.03205295038591,12.606194514580547,4.005407810211182,,,
dancnet:hq_metric,0083_level_high,level_high,10.0,2.6691181659698486,0.9720333511920516,0.9183596031794484,16.773800880218804,16.270224221976953,9.5901997766708,3.2087490558624268,,,
dancnet:hq_metric,0084_level_high,level_high,5.0,2.1599152088165283,0.8870637217591635,0.7311054960903786,11.8588485649646,11.616245880881852,6.755100832895413,2.905170440673828,,,
dancnet:hq_metric,0085_level_high,level_high,10.0,2.522047758102417,0.97220123371136,0.9537103029312368,16.379936245544414,16.014309405155704,13.810281456671277,3.223912000656128,,,
dancnet:hq_metric,0086_level_high,level_high,5.0,2.5691914558410645,0.97667753948391,0.9344044102851208,11.653590359423376,11.84743938894442,11.786745933850028,3.5011932849884033,,,
dancnet:hq_metric,0087_level_high,level_high,10.0,2.7711243629455566,0.9759951555093908,0.911593961727637,15.921979950399482,15.45666653582942,12.001106255695436,3.372795581817627,,,
dancnet:hq_metric,0088_level_high,level_high,5.0,2.0856473445892334,0.9054442166684306,0.8114336220372997,8.57470881083112,8.931205316600387,6.4471678780741115,2.797553539276123,,,
dancnet:hq_metric,0089_level_high,level_high,10.0,2.6883718967437744,0.9556018375084548,0.8860721251579288,15.63233306258686,15.303363560497482,8.648718581028875,3.4038805961608887,,,
dancnet:hq_metric,0090_reverb_cabin,reverb_cabin,5.0,3.449059247970581,0.992156851220554,0.980290220365304,24.29112591879042,21.9035016653716,9.3368259938277,4.117428302764893,,,
dancnet:hq_metric,0091_reverb_cabin,reverb_cabin,10.0,2.8981003761291504,0.9790252461509952,0.9330669541474442,16.623278784620478,16.027212067622226,7.9544159374769245,3.5147688388824463,,,
dancnet:hq_metric,0092_reverb_cabin,reverb_cabin,5.0,1.3960988521575928,0.8869509993515826,0.7542100105590162,7.1717781935850775,7.339837855862859,4.435529879516246,2.097031831741333,,,
dancnet:hq_metric,0093_reverb_cabin,reverb_cabin,10.0,1.921522855758667,0.8634652978776991,0.7407268331085142,13.805549190462038,13.738429009897166,9.302298532953111,2.8801848888397217,,,
dancnet:hq_metric,0094_reverb_cabin,reverb_cabin,5.0,1.1649916172027588,0.7561591340780232,0.5766857798106644,2.255641377275357,3.888540198613814,2.2896175243978,1.5898712873458862,,,
dancnet:hq_metric,0095_reverb_cabin,reverb_cabin,10.0,1.438274383544922,0.8206920036132594,0.620157794645582,4.711694992669357,5.298093527260718,2.4566489798051734,2.330568313598633,,,
dancnet:hq_metric,0096_reverb_cabin,reverb_cabin,5.0,1.3524261713027954,0.7991125687162189,0.5549907219091209,4.938031719074366,5.7715294881152275,2.5675327908406933,2.22256851196289,,,
dancnet:hq_metric,0097_reverb_cabin,reverb_cabin,10.0,1.3068609237670898,0.8085272786637568,0.6335454017406721,1.6294930739306397,1.743679322384185,-0.1765273522125778,1.6977720260620115,,,
dancnet:hq_metric,0098_reverb_cabin,reverb_cabin,5.0,2.113434314727783,0.9236511397108832,0.8428355598558857,13.652523665821388,13.48468786594802,9.25441091269311,3.277189254760742,,,
dancnet:hq_metric,0099_reverb_cabin,reverb_cabin,10.0,3.613849401473999,0.9771647688654732,0.934138254146372,16.522738170558256,16.315267601903514,12.375338415020895,3.884978771209717,,,
dancnet:hq_metric,0100_reverb_cabin,reverb_cabin,5.0,1.4403117895126345,0.8369633642195319,0.5989493236256362,4.235643436475413,4.50271308752752,-1.8391975362406825,2.0856029987335205,,,
dancnet:hq_metric,0101_reverb_cabin,reverb_cabin,10.0,3.205817937850952,0.971052606752488,0.8920892176048516,18.4502698563498,17.939596565763843,10.972926654971264,3.780562162399292,,,
dancnet:hq_metric,0102_reverb_cabin,reverb_cabin,5.0,1.5437811613082886,0.831671876438708,0.6726834398155259,3.983272282026322,4.5459907815885225,3.313168150836183,2.384244203567505,,,
dancnet:hq_metric,0103_reverb_cabin,reverb_cabin,10.0,1.3291490077972412,0.7388822780844807,0.5483335103692003,1.00955057442111,1.2906623520825369,0.6295445748193973,1.9972076416015625,,,
dancnet:hq_metric,0104_reverb_cabin,reverb_cabin,5.0,1.8314852714538576,0.7662371125133524,0.5538176468620042,6.122082739789101,6.865119594028052,3.5477814522357174,2.6254093647003174,,,
dancnet:hq_metric,0105_reverb_cabin,reverb_cabin,10.0,2.0642709732055664,0.9213649952467649,0.8324914065372447,12.75419701849825,12.675396568792545,6.341754893045341,2.99676775932312,,,
dancnet:hq_metric,0106_reverb_cabin,reverb_cabin,5.0,1.6871774196624756,0.8281393032334172,0.565014089449776,9.68215900629922,9.636839338630072,3.297983762429959,2.7253429889678955,,,
dancnet:hq_metric,0107_reverb_cabin,reverb_cabin,10.0,2.4146945476531982,0.9663295642376388,0.908316527975145,14.740396722587118,14.434788765480082,9.009232061011284,3.495495080947876,,,
dancnet:hq_metric,0108_reverb_cabin,reverb_cabin,5.0,1.6657289266586304,0.8433965393765349,0.6785246564563642,5.663969018199369,5.860176582926254,2.834220133120047,2.401563882827759,,,
dancnet:hq_metric,0109_reverb_cabin,reverb_cabin,10.0,2.1309127807617188,0.9267723662807996,0.8644887972593763,11.152496551590271,11.336335919921597,6.694891857619689,2.5408756732940674,,,
dancnet:hq_metric,0110_reverb_cabin,reverb_cabin,5.0,2.4509482383728027,0.9645876486813146,0.8974867575354436,12.660194327732375,12.375246516269254,7.055142830679795,2.895951271057129,,,
dancnet:hq_metric,0111_reverb_cabin,reverb_cabin,10.0,1.8268747329711912,0.883542216785219,0.7654612108194695,12.689093101948732,12.687647551048316,6.608980237996653,2.342284679412842,,,
dancnet:hq_metric,0112_reverb_cabin,reverb_cabin,5.0,2.323054790496826,0.919781736407887,0.7973737539186743,11.651774259104474,11.557080557123092,4.579899950333435,3.138174057006836,,,
dancnet:hq_metric,0113_reverb_cabin,reverb_cabin,10.0,2.3206844329833984,0.9574751415440726,0.9033570248725163,15.246073837272146,14.756551493272871,7.788337598891179,3.2224180698394775,,,
dancnet:hq_metric,0114_reverb_cabin,reverb_cabin,5.0,1.3186626434326172,0.732204080542829,0.5222251476674937,4.731971335364914,4.428109960479873,1.5502686995811603,1.9299402236938477,,,
dancnet:hq_metric,0115_reverb_cabin,reverb_cabin,10.0,3.0290865898132324,0.965489889415766,0.9072592366782696,14.549804310929453,14.281930407716716,8.700268337985511,3.583986520767212,,,
dancnet:hq_metric,0116_reverb_cabin,reverb_cabin,5.0,1.8164660930633545,0.9090626385221394,0.7716321034026669,12.738883009104494,12.46663099358306,2.2359100425933947,2.3256051540374756,,,
dancnet:hq_metric,0117_reverb_cabin,reverb_cabin,10.0,3.2444639205932617,0.9564481992629156,0.9169026754978026,15.419425751393565,15.47728492378006,14.349000015131162,3.616586446762085,,,
dancnet:hq_metric,0118_reverb_cabin,reverb_cabin,5.0,2.535445213317871,0.9362418808284076,0.834818422282156,12.800690625289908,12.595819785442757,8.704590712320341,3.0174026489257812,,,
dancnet:hq_metric,0119_reverb_cabin,reverb_cabin,10.0,1.2049484252929688,0.63259187781211,0.4920420579528682,0.2857211717240297,3.0820033537574556,2.822791124878042,1.62209153175354,,,
dancnet:hq_metric,0120_radio_band,radio_band,5.0,2.267388820648194,0.9349992132960988,0.8653425392347598,11.766338692244108,11.727699630685882,6.477883214359315,2.716021776199341,,,
dancnet:hq_metric,0121_radio_band,radio_band,10.0,1.6889657974243164,0.9228073355296452,0.8532641628109799,13.648636744116711,13.4467459998362,5.967496260018027,2.1098697185516357,,,
dancnet:hq_metric,0122_radio_band,radio_band,5.0,3.6713075637817383,0.979256817751468,0.9566729450896184,10.639811629813686,10.91535606190578,15.547906268357549,3.928632974624634,,,
dancnet:hq_metric,0123_radio_band,radio_band,10.0,3.206986665725708,0.9588868268898554,0.899587964689524,16.262294755256697,15.97294369588691,10.74487262366987,3.4504263401031494,,,
dancnet:hq_metric,0124_radio_band,radio_band,5.0,1.9334511756896973,0.9177464695889191,0.7722076072111272,11.521293027288053,11.5194236197898,3.187324878687789,2.177675485610962,,,
dancnet:hq_metric,0125_radio_band,radio_band,10.0,3.3733248710632324,0.9552500489609028,0.9016142936093768,19.997521796270657,19.49615152221146,12.83613500333608,3.727586269378662,,,
dancnet:hq_metric,0126_radio_band,radio_band,5.0,2.3890016078948975,0.9200211128382292,0.8234313206988467,15.857286002934,15.633848761054104,7.339094335652176,2.939648389816284,,,
dancnet:hq_metric,0127_radio_band,radio_band,10.0,2.6313657760620117,0.9556143783320766,0.8949005693962697,15.248798109994002,14.906881041457495,10.020971385642753,3.09708023071289,,,
dancnet:hq_metric,0128_radio_band,radio_band,5.0,2.4598093032836914,0.8924542403957295,0.7025814370364496,13.227312603523508,13.155901714764884,5.8074632200802085,2.931736469268799,,,
dancnet:hq_metric,0129_radio_band,radio_band,10.0,2.663527250289917,0.9542444888747686,0.8957612357460056,15.660867514434925,15.20179670316148,9.36919307757898,3.0356123447418213,,,
dancnet:hq_metric,0130_radio_band,radio_band,5.0,3.735618352890014,0.9724237066279128,0.9589379942596968,19.327517210055024,19.019783775939096,25.371956163363834,3.74719762802124,,,
dancnet:hq_metric,0131_radio_band,radio_band,10.0,2.3685903549194336,0.9617750239872372,0.914339531875584,13.741197093731389,13.584501154085965,8.85000594217279,2.6206765174865723,,,
dancnet:hq_metric,0132_radio_band,radio_band,5.0,3.9492976665496826,0.99550036583321,0.9808367670724876,26.316935582028215,24.827346325951204,15.950639123439649,4.100627422332764,,,
dancnet:hq_metric,0133_radio_band,radio_band,10.0,2.0976505279541016,0.936976947928991,0.8427501833315733,15.645214527996252,14.905051292868992,5.417720853601807,2.6190109252929688,,,
dancnet:hq_metric,0134_radio_band,radio_band,5.0,3.404639959335327,0.9782737243556052,0.920865766972352,16.380810809645507,16.152834578008463,13.004395955493829,3.648479461669922,,,
dancnet:hq_metric,0135_radio_band,radio_band,10.0,2.5406527519226074,0.9363330456689388,0.8127505749845358,16.163554941087813,15.88502238514642,7.756290136147452,3.1143453121185303,,,
dancnet:hq_metric,0136_radio_band,radio_band,5.0,2.012573480606079,0.9219833701552776,0.7959065297001663,12.189880574749214,12.21670777166712,4.609240618264234,2.6101510524749756,,,
dancnet:hq_metric,0137_radio_band,radio_band,10.0,2.4429311752319336,0.9652846915239364,0.8671922441411931,17.24681211858288,16.880295457118997,4.181069503071117,2.92223596572876,,,
dancnet:hq_metric,0138_radio_band,radio_band,5.0,4.057841777801514,0.996311579243921,0.9901345009839654,26.78916620899935,25.289139348468083,25.199734434882785,4.2064208984375,,,
dancnet:hq_metric,0139_radio_band,radio_band,10.0,2.863051414489746,0.9640980466085504,0.8918910703980193,17.95551981950732,17.308044999755726,10.81303302405343,3.245201826095581,,,
dancnet:hq_metric,0140_radio_band,radio_band,5.0,2.0556223392486572,0.8719261914941063,0.7424260220770599,14.308690696422142,14.190407509270312,5.509082072036817,2.6039013862609863,,,
dancnet:hq_metric,0141_radio_band,radio_band,10.0,3.17730975151062,0.975903404026399,0.9269529193599392,22.06560430819617,21.388685378792367,13.980241447349114,3.5348992347717285,,,
dancnet:hq_metric,0142_radio_band,radio_band,5.0,1.918947696685791,0.9378760043344042,0.8973997590512172,14.446861973463784,14.435451316775469,9.590822870597824,2.508486270904541,,,
dancnet:hq_metric,0143_radio_band,radio_band,10.0,2.944040536880493,0.955445003081865,0.8960980354885582,19.139173825236057,18.822452126796595,11.141065510313556,3.461369514465332,,,
dancnet:hq_metric,0144_radio_band,radio_band,5.0,1.9628809690475464,0.8781468638538529,0.8252703384834063,17.00976521292801,16.455453536985367,10.63506035902595,2.499779462814331,,,
dancnet:hq_metric,0145_radio_band,radio_band,10.0,2.7084546089172363,0.9370825342974648,0.862580109599431,17.732371477599767,17.302894470039824,10.532181985817964,3.0471363067626953,,,
dancnet:hq_metric,0146_radio_band,radio_band,5.0,2.5648629665374756,0.936319510255748,0.8779629741620942,13.150915744387806,13.209479433597377,10.871781294811322,3.1645138263702393,,,
dancnet:hq_metric,0147_radio_band,radio_band,10.0,1.9522054195404053,0.9076994274116804,0.7849403374392516,15.222952477299623,15.269134329627333,7.13160868641752,2.544140577316284,,,
dancnet:hq_metric,0148_radio_band,radio_band,5.0,2.6059229373931885,0.9306767903795494,0.8337194705607012,13.018026414242671,13.031299213110618,6.778815481870008,3.076371669769287,,,
dancnet:hq_metric,0149_radio_band,radio_band,10.0,3.1346616744995117,0.9618089642093952,0.8938919836199319,19.916528880447313,19.62224848474936,15.400780722822498,3.451991558074951,,,
dancnet:hq_metric,0150_noise_only,noise_only,,,,,,,,,34.941219329833984,,
dancnet:hq_metric,0151_noise_only,noise_only,,,,,,,,,42.41472625732422,,
dancnet:hq_metric,0152_noise_only,noise_only,,,,,,,,,38.97903823852539,,
dancnet:hq_metric,0153_noise_only,noise_only,,,,,,,,,49.58683013916016,,
dancnet:hq_metric,0154_noise_only,noise_only,,,,,,,,,29.131027221679688,,
dancnet:hq_metric,0155_noise_only,noise_only,,,,,,,,,52.96041488647461,,
dancnet:hq_metric,0156_noise_only,noise_only,,,,,,,,,47.08362579345703,,
dancnet:hq_metric,0157_noise_only,noise_only,,,,,,,,,19.048171997070312,,
dancnet:hq_metric,0158_noise_only,noise_only,,,,,,,,,44.68011474609375,,
dancnet:hq_metric,0159_noise_only,noise_only,,,,,,,,,41.90471649169922,,
dancnet:hq_metric,0160_noise_only,noise_only,,,,,,,,,32.9973258972168,,
dancnet:hq_metric,0161_noise_only,noise_only,,,,,,,,,38.50496292114258,,
dancnet:hq_metric,0162_noise_only,noise_only,,,,,,,,,50.056549072265625,,
dancnet:hq_metric,0163_noise_only,noise_only,,,,,,,,,52.60097885131836,,
dancnet:hq_metric,0164_noise_only,noise_only,,,,,,,,,32.88617706298828,,
dancnet:hq_metric,0165_noise_only,noise_only,,,,,,,,,49.76141357421875,,
dancnet:hq_metric,0166_noise_only,noise_only,,,,,,,,,51.68718719482422,,
dancnet:hq_metric,0167_noise_only,noise_only,,,,,,,,,42.97768020629883,,
dancnet:hq_metric,0168_noise_only,noise_only,,,,,,,,,32.60475540161133,,
dancnet:hq_metric,0169_noise_only,noise_only,,,,,,,,,27.90553092956543,,
dancnet:hq_metric,0170_noise_only,noise_only,,,,,,,,,19.56513214111328,,
dancnet:hq_metric,0171_noise_only,noise_only,,,,,,,,,26.755788803100582,,
dancnet:hq_metric,0172_noise_only,noise_only,,,,,,,,,31.03187561035156,,
dancnet:hq_metric,0173_noise_only,noise_only,,,,,,,,,47.57888412475586,,
dancnet:hq_metric,0174_noise_only,noise_only,,,,,,,,,46.63835525512695,,
dancnet:hq_metric,0175_noise_only,noise_only,,,,,,,,,51.88968276977539,,
dancnet:hq_metric,0176_noise_only,noise_only,,,,,,,,,53.31293487548828,,
dancnet:hq_metric,0177_noise_only,noise_only,,,,,,,,,42.243507385253906,,
dancnet:hq_metric,0178_noise_only,noise_only,,,,,,,,,30.260425567626953,,
dancnet:hq_metric,0179_noise_only,noise_only,,,,,,,,,47.892242431640625,,
dancnet:hq_metric,0180_post_blast,post_blast,15.0,2.189166784286499,0.9296598870373224,0.8815666770427568,12.0219747203885,12.070018128336804,10.358448309204654,2.9860198497772217,,0.8514551795465675,1.5746431350708008
dancnet:hq_metric,0181_post_blast,post_blast,15.0,1.6603353023529053,0.9572361642647405,0.9164441496281872,15.469239154852456,15.131531984931092,11.533938809808284,3.280977487564087,,0.9241232769441008,1.367448806762695
dancnet:hq_metric,0182_post_blast,post_blast,15.0,1.994947075843811,0.917401949582736,0.7998813839354463,11.682838203656289,11.75172963297893,6.437372782921171,2.6839754581451416,,0.9822377030259924,2.1799423694610596
dancnet:hq_metric,0183_post_blast,post_blast,15.0,1.602877140045166,0.9221259485855108,0.8327644953713673,8.524357990181977,9.016030749644436,7.245911660718438,2.6775107383728027,,0.8631154240052136,1.2318812608718872
dancnet:hq_metric,0184_post_blast,post_blast,15.0,2.4584662914276123,0.9688693625734406,0.9024075845575475,14.41068456234693,14.115082044357932,9.409397577169498,3.260868787765503,,0.9889690964689604,2.455080509185791
dancnet:hq_metric,0185_post_blast,post_blast,15.0,2.8635029792785645,0.8859415044887395,0.7555442496509578,17.436992074703454,17.102118722159634,9.658781976904468,3.5115034580230713,,0.4764729534280335,1.1380128860473633
dancnet:hq_metric,0186_post_blast,post_blast,15.0,2.1471900939941406,0.8985034910311981,0.7862126697401608,9.4756832810886,9.752587202361608,6.378176370259492,2.9279625415802,,0.9166948919793674,2.3871383666992188
dancnet:hq_metric,0187_post_blast,post_blast,15.0,2.951688766479492,0.9445878097399354,0.8940160373923447,11.071839650743982,11.199083606816,12.662663741946274,3.449674367904663,,0.8320285447113094,1.7685043811798096
dancnet:hq_metric,0188_post_blast,post_blast,15.0,1.9643477201461792,0.9432164865035432,0.8436810302545921,8.156398658600237,8.597923046277776,7.6879110753632816,2.967038869857788,,0.9767727479404624,2.568411111831665
dancnet:hq_metric,0189_post_blast,post_blast,15.0,1.3708574771881104,0.7558836203966286,0.6241316768327455,5.279373807268316,6.376196229203755,7.574784752407609,2.010796546936035,,0.8638121277286585,1.4857869148254397
dancnet:hq_metric,0190_post_blast,post_blast,15.0,2.839823007583618,0.9378187341956652,0.8836644709387357,16.09673741094767,15.875505445988242,10.594760020286714,3.637908458709717,,0.8807939566869477,2.059530973434448
dancnet:hq_metric,0191_post_blast,post_blast,15.0,2.03208327293396,0.9432341530101824,0.8258880147902513,9.375140197875329,9.79092755765696,5.713445615701122,3.151285171508789,,0.86402751614779,1.390177845954895
dancnet:hq_metric,0192_post_blast,post_blast,15.0,1.9297951459884644,0.8527635905237833,0.747060558725011,11.265098093024122,11.220514603144958,7.469051196126275,2.578352689743042,,0.9630763802776132,2.022400140762329
dancnet:hq_metric,0193_post_blast,post_blast,15.0,1.3277188539505005,0.908944318663838,0.8099409573995837,13.210721039418624,13.34398330472004,10.17509153450077,3.381520986557007,,0.7551809423609414,2.2494332790374756
dancnet:hq_metric,0194_post_blast,post_blast,15.0,2.4891586303710938,0.9335899483735232,0.8227782529737178,16.588483740737676,15.72868820770829,6.3777589679202356,3.1325643062591553,,0.9377881675291508,2.955549478530884
dancnet:hq_metric,0195_post_blast,post_blast,15.0,2.0428948402404785,0.9481429774503192,0.8604668525798098,5.194483944297968,6.127605810889611,6.227246645329909,3.328355312347412,,0.9563570004462264,2.0507965087890625
dancnet:hq_metric,0196_post_blast,post_blast,15.0,2.1141655445098877,0.8827067925753689,0.7724665092232704,11.897042555615176,11.847539793067536,11.916720729413491,2.7585079669952393,,0.9157505765336176,2.2325189113616943
dancnet:hq_metric,0197_post_blast,post_blast,15.0,1.917670965194702,0.7884074434726793,0.6658575582993265,5.483711360388842,6.565528981970559,5.928710992019265,2.771977663040161,,0.4402832726904307,1.3007926940917969
dancnet:hq_metric,0198_post_blast,post_blast,15.0,1.5979084968566897,0.9011270764671364,0.8181611759979752,8.108884946993065,8.71728199371985,9.23278760025328,2.469226598739624,,0.9327698503729542,1.8724913597106936
dancnet:hq_metric,0199_post_blast,post_blast,15.0,1.8535672426223757,0.9319421204422912,0.8841774880875427,12.066948267244255,11.834136268544038,7.92483241326363,2.584650993347168,,1e-05,
dancnet:hq_metric,0200_post_blast,post_blast,15.0,2.1590824127197266,0.8568879287640256,0.7371744882395442,13.52356140379976,13.497958699278067,11.749470812788818,2.9526772499084473,,0.9756077628718156,3.311793804168701
dancnet:hq_metric,0201_post_blast,post_blast,15.0,2.121779441833496,0.8825212698236472,0.6710797136661177,11.349712641699972,11.275051864212063,7.808954990462578,2.818639755249023,,0.8541298963580872,2.1399660110473633
dancnet:hq_metric,0202_post_blast,post_blast,15.0,2.630809783935547,0.9382045403195526,0.830636851875681,12.85535543302144,12.813402108882228,9.798195904368097,3.413891077041626,,0.9364870621431698,2.6173338890075684
dancnet:hq_metric,0203_post_blast,post_blast,15.0,2.570010185241699,0.9627622934147954,0.9243601071807456,14.184779854755178,14.109678479919731,14.1098484173893,3.4628546237945557,,0.9050169495888648,2.078138589859009
dancnet:hq_metric,0204_post_blast,post_blast,15.0,2.1765482425689697,0.8435312488467921,0.7525510043865082,8.68014371981345,9.20774042508329,9.01864353516856,3.0547115802764893,,0.926182507032538,2.109701871871948
dancnet:hq_metric,0205_post_blast,post_blast,15.0,1.7418352365493774,0.8366690024261474,0.7491851459167655,14.13496150051422,13.83361750664675,9.474654537592793,3.4483771324157715,,0.6652446408430848,1.6653798818588257
dancnet:hq_metric,0206_post_blast,post_blast,15.0,2.3982601165771484,0.955184954015237,0.8939210543994138,15.495756696000305,14.94210305539638,8.38021157815934,3.2496871948242188,,0.9135267812369982,2.400395393371582
dancnet:hq_metric,0207_post_blast,post_blast,15.0,1.795805811882019,0.8855036614147532,0.7779603759161493,10.258274616178236,10.348072290619571,8.515565448630172,2.5149686336517334,,0.8656729311096011,1.945875883102417
dancnet:hq_metric,0208_post_blast,post_blast,15.0,2.038062572479248,0.9082115005124536,0.8363359140303592,11.198396651125355,11.349684842612964,11.137994516601962,2.7427453994750977,,0.809368261407153,1.587821125984192
dancnet:hq_metric,0209_post_blast,post_blast,15.0,2.078779458999634,0.948054175617336,0.8995675848070022,10.19646970812081,10.345316739963472,11.178974780253526,2.6717848777770996,,0.8875571866668741,1.7627170085906982
dancnet:hq_metric,0210_noise_switch,noise_switch,0.0,1.9071900844573977,0.8804325699925551,0.7145934203882528,10.75443846736314,10.67665053603757,5.460763425094624,2.543112277984619,,,
dancnet:hq_metric,0211_noise_switch,noise_switch,5.0,2.021033525466919,0.9216351484457828,0.8231856733039817,13.0224476752741,12.86409602439441,6.541878560355693,2.6354591846466064,,,
dancnet:hq_metric,0212_noise_switch,noise_switch,0.0,1.8908233642578125,0.8854839045530861,0.779381861305795,10.917610974069984,10.867341749975788,7.478213434912014,2.2490549087524414,,,
dancnet:hq_metric,0213_noise_switch,noise_switch,5.0,1.8844423294067385,0.938036607029446,0.7867116697024216,12.311128321262974,12.239872949337247,7.019408060070427,2.786292314529419,,,
dancnet:hq_metric,0214_noise_switch,noise_switch,0.0,1.42836332321167,0.8531652351556201,0.7569640602310558,11.776477684705018,11.464112210379383,4.258820970728463,1.9422669410705569,,,
dancnet:hq_metric,0215_noise_switch,noise_switch,5.0,2.09663987159729,0.9568960226450726,0.88161872902507,14.101981761937983,13.710620520438717,9.116875281351035,2.8860764503479004,,,
dancnet:hq_metric,0216_noise_switch,noise_switch,0.0,1.876769781112671,0.6919857623499215,0.6108465382650479,11.699735749286418,11.388387971975018,5.983633979131687,2.7151970863342285,,,
dancnet:hq_metric,0217_noise_switch,noise_switch,5.0,2.0548007488250732,0.901812813477604,0.78079388937298,11.356159099389297,11.20592166093408,7.733605925192335,2.6944732666015625,,,
dancnet:hq_metric,0218_noise_switch,noise_switch,0.0,1.767115831375122,0.8711611477318837,0.6984440601706072,8.477701402705613,8.65016584989715,4.309858867287716,2.4287972450256348,,,
dancnet:hq_metric,0219_noise_switch,noise_switch,5.0,2.4833343029022217,0.9642929499191152,0.8960178709366217,13.553445124732184,13.30030957541801,8.249727122291686,3.252289295196533,,,
dancnet:hq_metric,0220_noise_switch,noise_switch,0.0,1.9555097818374632,0.8975048804740211,0.7483398651420017,8.652554207953342,9.00587942736618,5.468008434253284,2.8599822521209717,,,
dancnet:hq_metric,0221_noise_switch,noise_switch,5.0,2.030580520629883,0.8912023586890544,0.7597744896199595,12.851066486116014,12.463348841458703,7.743633490914914,3.12845516204834,,,
dancnet:hq_metric,0222_noise_switch,noise_switch,0.0,2.311807870864868,0.9165526758780654,0.8397802009865823,11.903124566864529,11.928934703366764,9.817477171694694,2.8388397693634033,,,
dancnet:hq_metric,0223_noise_switch,noise_switch,5.0,2.268868923187256,0.9390576534959192,0.8633029796522793,12.954040546786974,12.992728781556336,7.477658974706825,2.7728846073150635,,,
dancnet:hq_metric,0224_noise_switch,noise_switch,0.0,1.2117432355880735,0.942831811060774,0.8806520885119176,3.2918025820246344,3.895647288090532,10.95256896126519,3.2242791652679443,,,
dancnet:hq_metric,0225_noise_switch,noise_switch,5.0,2.3219127655029297,0.9217853982956306,0.8357505916988871,12.346976862025196,12.36552507595686,7.963231030848355,2.828782081604004,,,
dancnet:hq_metric,0226_noise_switch,noise_switch,0.0,1.8361482620239256,0.8492737909186852,0.7168368201700578,9.855571364134612,9.754737622910184,7.178240564129446,2.466343402862549,,,
dancnet:hq_metric,0227_noise_switch,noise_switch,5.0,2.0614726543426514,0.949440715433545,0.8193885016192474,12.598849882658753,12.471408022829928,7.377387458912441,2.926365613937378,,,
dancnet:hq_metric,0228_noise_switch,noise_switch,0.0,1.797077178955078,0.8857343452912007,0.7607900946026979,7.571312134763472,8.070217694846281,6.332138437845438,2.5027151107788086,,,
dancnet:hq_metric,0229_noise_switch,noise_switch,5.0,2.5595974922180176,0.9587661777865756,0.8915547915882462,13.766908706832846,13.7249265428217,9.645075628021344,3.2481460571289062,,,
dancnet:hq_metric,0230_noise_switch,noise_switch,0.0,1.964327335357666,0.8873285856357487,0.797645553197563,10.464697633475785,10.534868335813192,7.62241951081457,2.894559383392334,,,
dancnet:hq_metric,0231_noise_switch,noise_switch,5.0,2.8843820095062256,0.9583557336415586,0.8808156568547822,13.75005321070742,13.305826506660123,11.026712898301472,3.395551919937134,,,
dancnet:hq_metric,0232_noise_switch,noise_switch,0.0,1.6762109994888306,0.8878947756365269,0.7653330413281278,7.655590284409392,8.150536021609673,5.300034068653646,2.3595075607299805,,,
dancnet:hq_metric,0233_noise_switch,noise_switch,5.0,2.1974449157714844,0.936427385344909,0.8584811678894859,12.453348017421629,12.25822225313,10.355192568623034,2.8291046619415283,,,
dancnet:hq_metric,0234_noise_switch,noise_switch,0.0,1.7938642501831057,0.862985215415415,0.6972758488883871,8.882286418210224,9.0467296938747,5.975138843623146,2.397454261779785,,,
dancnet:hq_metric,0235_noise_switch,noise_switch,5.0,1.9211690425872805,0.8418762888074944,0.7416673511931989,10.398246997912516,10.68322482464965,9.029099072713333,2.701470851898194,,,
dancnet:hq_metric,0236_noise_switch,noise_switch,0.0,1.7251299619674685,0.8941772005913196,0.7982469525459642,11.481109694964475,11.045995305897955,8.96354671360799,2.4093260765075684,,,
dancnet:hq_metric,0237_noise_switch,noise_switch,5.0,2.378666877746582,0.9261636897600062,0.8420306040645971,11.743938473330251,11.565240196474637,4.844621550134578,3.0017573833465576,,,
dancnet:hq_metric,0238_noise_switch,noise_switch,0.0,1.7266273498535156,0.8857252935535778,0.7251604360450223,10.276242581975444,10.43044402183344,5.66095478707022,2.4456098079681396,,,
dancnet:hq_metric,0239_noise_switch,noise_switch,5.0,2.548919200897217,0.92284685120008,0.7945058513777256,14.97955862450254,14.470532863209971,9.689504330947514,3.170384645462036,,,
dancnet:hq_metric,0240_hum400,hum400,0.0,2.436304807662964,0.8216080906273807,0.7207141343957513,11.854160413826184,11.780732047891664,7.310303648951085,3.148477554321289,,,
dancnet:hq_metric,0241_hum400,hum400,5.0,2.561126708984375,0.970793321308638,0.9235345926866092,11.291235701704466,11.567351653043026,6.439071329831875,3.0897552967071533,,,
dancnet:hq_metric,0242_hum400,hum400,0.0,2.1821823120117188,0.9191674699103076,0.8195904462112515,11.435609279209917,11.430081081682443,7.6540834856068125,2.779978036880493,,,
dancnet:hq_metric,0243_hum400,hum400,5.0,2.8827359676361084,0.9762889185279968,0.9076643986774412,13.30353407121402,13.352154887433464,10.034906866375843,3.455047130584717,,,
dancnet:hq_metric,0244_hum400,hum400,0.0,2.189636707305908,0.9299341748899864,0.8112105129365311,10.416232418612683,10.639198481273953,6.423555494939688,3.02923846244812,,,
dancnet:hq_metric,0245_hum400,hum400,5.0,2.6693851947784424,0.9694749912350528,0.8881000180564721,14.587651104672704,14.075944935951863,5.822528387908197,3.170408010482788,,,
dancnet:hq_metric,0246_hum400,hum400,0.0,1.918282985687256,0.8969105700417084,0.8223435376826165,8.203300683193028,8.686280774742029,4.900403838423903,2.637596845626831,,,
dancnet:hq_metric,0247_hum400,hum400,5.0,2.802579641342163,0.9456050542652344,0.9013652400996318,11.27326189020678,11.510756871423338,7.595502938145584,3.206270933151245,,,
dancnet:hq_metric,0248_hum400,hum400,0.0,2.3689663410186768,0.905957187212614,0.7767387800885377,10.42852015761769,10.443430112466206,5.985325835439883,3.000379800796509,,,
dancnet:hq_metric,0249_hum400,hum400,5.0,2.587028980255127,0.9518211448388756,0.8832817063875067,13.1170911435942,12.967351457218436,8.232412928777174,3.134521007537842,,,
dancnet:hq_metric,0250_hum400,hum400,0.0,2.273078680038452,0.93492632773293,0.8361983196675626,11.45445731611164,11.40729756215062,6.723350497936588,3.051065444946289,,,
dancnet:hq_metric,0251_hum400,hum400,5.0,2.5707709789276123,0.9562221492611932,0.8840453831849815,14.498355497978828,14.20609078421978,6.996539736890572,3.250002861022949,,,
dancnet:hq_metric,0252_hum400,hum400,0.0,2.213468074798584,0.953829245258774,0.8441111255374948,8.955999813142082,9.285248374372848,6.085689370289456,2.974179267883301,,,
dancnet:hq_metric,0253_hum400,hum400,5.0,2.6974997520446777,0.8633645475132177,0.6712752452366862,13.70317379816528,13.67401107307992,4.972638607363182,3.299619674682617,,,
dancnet:hq_metric,0254_hum400,hum400,0.0,1.9995512962341309,0.93084194266428,0.848606601775447,13.07744298661316,12.582618813209985,9.46529994134555,2.730393886566162,,,
dancnet:hq_metric,0255_hum400,hum400,5.0,2.343881368637085,0.9505591209978757,0.910076270994656,12.755884700857733,12.616243092194424,4.864043630197459,3.110548496246338,,,
dancnet:hq_metric,0256_hum400,hum400,0.0,1.944897413253784,0.9342778609131768,0.8673013494147189,10.830222815498686,10.967775932265225,8.111152534831692,2.6032090187072754,,,
dancnet:hq_metric,0257_hum400,hum400,5.0,2.5602662563323975,0.9622244355227,0.8855377584840489,12.768808844642033,12.829414781507332,4.995027871203519,3.155484914779663,,,
dancnet:hq_metric,0258_hum400,hum400,0.0,2.438903331756592,0.9482301259792104,0.8380526824381416,10.14480145842813,10.337919122149737,7.593268699772236,3.0556187629699707,,,
dancnet:hq_metric,0259_hum400,hum400,5.0,2.69752836227417,0.9538491732170452,0.8970733325876765,15.825775821415714,15.119197574143648,7.6791729662407615,3.369986772537231,,,
dancnet:hq_metric,0260_hum400,hum400,0.0,2.2579171657562256,0.8946593470047427,0.8167246622215293,9.480331022634893,9.73842179663149,6.763504849013791,2.987210988998413,,,
dancnet:hq_metric,0261_hum400,hum400,5.0,2.862586498260498,0.9558161897359122,0.8679409833865639,13.11955840002378,12.529152769535532,7.856537695231486,3.425668716430664,,,
dancnet:hq_metric,0262_hum400,hum400,0.0,2.198035717010498,0.925919158204371,0.8164527120093859,12.283594758312246,12.184507661508984,3.19186256537131,2.676741123199463,,,
dancnet:hq_metric,0263_hum400,hum400,5.0,2.5931196212768555,0.9598187258473352,0.9080482204840268,14.611595384230004,14.454473037519008,6.135732715881437,3.405164957046509,,,
dancnet:hq_metric,0264_hum400,hum400,0.0,2.1766128540039062,0.928330340299812,0.8601266084896279,12.01064070853974,11.833205664604844,7.35228931917055,2.8625905513763428,,,
dancnet:hq_metric,0265_hum400,hum400,5.0,2.881265163421631,0.9587616697218644,0.9243123402742812,14.39632545826298,14.081702092801615,8.904461987701204,3.5122604370117188,,,
dancnet:hq_metric,0266_hum400,hum400,0.0,2.442549228668213,0.9303914689948984,0.8686830648675166,10.612593326364284,10.39693954440706,7.706899996067362,2.935128927230835,,,
dancnet:hq_metric,0267_hum400,hum400,5.0,2.5600457191467285,0.9634725806005916,0.916048765238874,12.778548761164274,12.604948861714725,2.191204924665579,2.8410210609436035,,,
dancnet:hq_metric,0268_hum400,hum400,0.0,2.1795520782470703,0.9485825090989743,0.8620597494176977,10.983130226673705,10.86778927158636,7.754504618569629,2.761516571044922,,,
dancnet:hq_metric,0269_hum400,hum400,5.0,2.784832715988159,0.9414717919324084,0.862478482261787,14.056973066261447,14.203481997488158,9.66144433952148,3.429946184158325,,,
dancnet:hq_metric,0270_crew_babble,crew_babble,0.0,1.1584837436676023,0.6609837733783817,0.3896272671307824,-2.785400729613516,-1.9684292464619544,-1.42397072450262,1.6305193901062012,,,
dancnet:hq_metric,0271_crew_babble,crew_babble,5.0,1.233892798423767,0.8311591933019468,0.6791404354917444,5.194658313221798,4.897982937574827,3.016940684586781,1.7318367958068848,,,
dancnet:hq_metric,0272_crew_babble,crew_babble,10.0,1.3378304243087769,0.892109114875596,0.7498827575826416,9.284986081143442,9.2260854477433,6.339785990711945,1.957472324371338,,,
dancnet:hq_metric,0273_crew_babble,crew_babble,0.0,1.0619043111801147,0.5637678787222963,0.380743794895527,0.3698492230069281,0.7361299942122307,-0.667944340453195,1.2005655765533447,,,
dancnet:hq_metric,0274_crew_babble,crew_babble,5.0,1.0804455280303955,0.7346411249886384,0.5875046288751127,1.3130055001922396,1.9070961831327085,4.147374083893393,1.2544710636138916,,,
dancnet:hq_metric,0275_crew_babble,crew_babble,10.0,1.4290603399276731,0.8694430336438831,0.6890500042502967,9.51123525973041,9.230667673427078,3.424482690154676,2.0992696285247803,,,
dancnet:hq_metric,0276_crew_babble,crew_babble,0.0,1.109027624130249,0.6689805421736684,0.4430127582330663,-1.415931144853355,-0.4174879503717525,-1.8042320617253549,1.3977011442184448,,,
dancnet:hq_metric,0277_crew_babble,crew_babble,5.0,1.1835551261901855,0.7865371774668322,0.5988746790452366,3.581278031396939,4.284808928619151,3.3468657210074113,1.7303626537322998,,,
dancnet:hq_metric,0278_crew_babble,crew_babble,10.0,1.3138846158981323,0.7940029812952927,0.6394045675370841,8.97634358079031,9.15211075144788,6.2541898819010395,2.054382562637329,,,
dancnet:hq_metric,0279_crew_babble,crew_babble,0.0,1.0649043321609497,0.4605287548018861,0.333890643962992,-0.9436002815046995,0.4474608628730179,0.4961502311529716,1.4492939710617063,,,
dancnet:hq_metric,0280_crew_babble,crew_babble,5.0,1.3474360704421997,0.7793590625803372,0.6225394172233855,5.66149511322066,6.031813866050939,1.9632865857329176,2.0175371170043945,,,
dancnet:hq_metric,0281_crew_babble,crew_babble,10.0,1.1562098264694214,0.8161508584011797,0.612532865118784,4.831320380323108,5.514551034058731,1.1422534832196012,1.7109215259552002,,,
dancnet:hq_metric,0282_crew_babble,crew_babble,0.0,1.0941612720489502,0.72989782266328,0.5863409557070782,-0.9821921923112776,-0.8871966065631288,-0.1022248027933663,1.466969609260559,,,
dancnet:hq_metric,0283_crew_babble,crew_babble,5.0,1.11128568649292,0.7255192503525918,0.512326299697834,4.40649856216544,4.271616513403335,1.309362339233329,1.6203844547271729,,,
dancnet:hq_metric,0284_crew_babble,crew_babble,10.0,1.436498999595642,0.8090100264899729,0.6372401022464299,9.49717118107398,9.291748386708417,2.7732967632551864,2.108827590942383,,,
dancnet:hq_metric,0285_crew_babble,crew_babble,0.0,1.094245433807373,0.6602939786116727,0.458015937036834,0.5355442251415836,1.0126680721619248,0.2533673620347,1.383366942405701,,,
dancnet:hq_metric,0286_crew_babble,crew_babble,5.0,1.200633883476257,0.8006257849074053,0.5609708239037907,5.602994021414758,5.498718735382734,2.4313513339806088,1.70796537399292,,,
dancnet:hq_metric,0287_crew_babble,crew_babble,10.0,1.1530133485794067,0.7236514665831272,0.6283821750055938,9.559922469141886,9.214754049320122,6.954330695463118,1.5123677253723145,,,
dancnet:hq_metric,0288_crew_babble,crew_babble,0.0,1.1263811588287354,0.6418327474251604,0.3927921983619231,-0.5517593497769295,-0.0312845799420833,-1.1858930537060195,1.41488778591156,,,
dancnet:hq_metric,0289_crew_babble,crew_babble,5.0,1.2032212018966677,0.8424180577906881,0.6698647048703954,4.982539439159565,4.8735902371906805,3.1340008012579257,1.7858827114105225,,,
dancnet:hq_metric,0290_crew_babble,crew_babble,10.0,1.7290563583374023,0.8396453669526747,0.6577384366553158,10.15986760588943,9.901999056438116,4.453728448714319,2.3582026958465576,,,
dancnet:hq_metric,0291_crew_babble,crew_babble,0.0,1.0643975734710691,0.6116671014155811,0.3941551025131754,-1.9395499824079632,0.4208804741149304,1.0463669699735825,1.3208801746368408,,,
dancnet:hq_metric,0292_crew_babble,crew_babble,5.0,1.2114408016204834,0.7780093284816056,0.6376061159538846,6.134629267831433,5.948779545554452,2.485499966089539,1.8097190856933592,,,
dancnet:hq_metric,0293_crew_babble,crew_babble,10.0,1.7352075576782229,0.8624112956785156,0.7051814362815241,7.775901771952364,7.610301450600694,5.6155395130560395,2.8774971961975098,,,
dancnet:hq_metric,0294_crew_babble,crew_babble,0.0,1.068872570991516,0.6452853441986268,0.4243607599327617,-0.7930045984835749,0.0100756976849092,-0.4215726900921632,1.256283164024353,,,
dancnet:hq_metric,0295_crew_babble,crew_babble,5.0,1.1020554304122925,0.8113156342212363,0.5886131270577628,3.444895054336695,3.709525245657359,2.4429099821685076,1.46905255317688,,,
dancnet:hq_metric,0296_crew_babble,crew_babble,10.0,1.3195255994796753,0.8738632816407063,0.6923643437440792,9.959300062798716,9.8690446904528,3.3803200712133563,2.2443127632141113,,,
dancnet:hq_metric,0297_crew_babble,crew_babble,0.0,1.052339792251587,0.6670497652665661,0.4123001724980746,1.079257891277387,1.8804485242714477,-0.5526492939934328,1.287034273147583,,,
dancnet:hq_metric,0298_crew_babble,crew_babble,5.0,1.1890727281570437,0.6774270645624769,0.5227256283622584,4.895119908327146,4.917394585972792,3.9273583434514103,1.8164887428283691,,,
dancnet:hq_metric,0299_crew_babble,crew_babble,10.0,1.6787607669830322,0.9099578980215588,0.8040768941799665,10.882485801357358,10.77749590758364,8.369441632226902,2.441220283508301,,,
dancnet:hq_metric,0300_long_stream,long_stream,5.0,2.320059061050415,0.9232616518273892,0.8303196611794909,13.20034344520218,12.938736392384854,9.88036186502359,3.0125534534454346,,,
dancnet:hq_metric,0301_long_stream,long_stream,5.0,2.584456443786621,0.9362571525869354,0.8642838926506868,12.719937071465484,12.560318120142377,9.019756226866928,3.097622871398926,,,
dancnet:hq_metric,0302_long_stream,long_stream,5.0,2.5453784465789795,0.9222546493647208,0.8495718254312308,12.952707254665004,12.77466588681498,7.979159304304781,3.1844918727874756,,,
dancnet:hq_metric,0303_long_stream,long_stream,5.0,2.495079040527344,0.9379748798602352,0.8702951286268362,10.718860907111932,10.825789667710332,7.559706221520951,3.2056727409362793,,,
dancnet:ll,0000_clip_heavy,clip_heavy,0.0,1.5133085250854492,0.8937767741058357,0.7735519300867072,6.3743649847155845,7.1980102045369465,4.764016713490621,2.1824710369110107,,,
dancnet:ll,0001_clip_heavy,clip_heavy,5.0,1.4978498220443726,0.823096426957157,0.6844235296033898,6.900924982758188,6.681644821023662,5.664201368156075,2.1609654426574707,,,
dancnet:ll,0002_clip_heavy,clip_heavy,0.0,2.3955657482147217,0.9667408702820708,0.9044573839444702,15.59038391124214,15.35357848583696,8.956659310276102,2.9027841091156006,,,
dancnet:ll,0003_clip_heavy,clip_heavy,5.0,1.8265998363494873,0.8680557810118085,0.7207703930680219,10.464617880101862,10.579224005737832,6.431343047562948,2.889932155609131,,,
dancnet:ll,0004_clip_heavy,clip_heavy,0.0,3.710080862045288,0.9348557937512024,0.9268878753774852,7.366834874986324,7.028767807150498,19.069538684883508,3.445923328399658,,,
dancnet:ll,0005_clip_heavy,clip_heavy,5.0,1.4652822017669678,0.8575335210211189,0.7206402236267088,6.549865545738715,6.693511195309604,4.8021921394052285,2.202193021774292,,,
dancnet:ll,0006_clip_heavy,clip_heavy,0.0,2.5302841663360596,0.9678717661203278,0.955700501773498,12.441482643711536,12.141220159300968,16.491483602840233,3.2323641777038574,,,
dancnet:ll,0007_clip_heavy,clip_heavy,5.0,1.656251311302185,0.8325760555348319,0.7708866863242619,6.6151212951809395,7.02749081329218,5.035658143846898,2.478717803955078,,,
dancnet:ll,0008_clip_heavy,clip_heavy,0.0,2.8941407203674316,0.9783979371697502,0.9577812283804368,15.876542413122554,15.409517075692392,15.505747869384184,3.576399087905884,,,
dancnet:ll,0009_clip_heavy,clip_heavy,5.0,1.7427854537963867,0.8899587556269005,0.784721162007275,9.501074834772613,9.704925604097092,7.178954512089604,2.7030115127563477,,,
dancnet:ll,0010_clip_heavy,clip_heavy,0.0,1.3395618200302124,0.7736326102824859,0.6139413133844507,4.994537881151489,5.997783040587593,6.604357801704415,1.856001615524292,,,
dancnet:ll,0011_clip_heavy,clip_heavy,5.0,1.3421756029129028,0.904560760789125,0.7672843990602739,7.387093357124067,7.548649193447633,4.46579929380169,2.517040491104126,,,
dancnet:ll,0012_clip_heavy,clip_heavy,0.0,3.049330472946167,0.980159315432048,0.9514304093012654,14.907590860896878,14.800661072730566,7.079901683608296,3.675366163253784,,,
dancnet:ll,0013_clip_heavy,clip_heavy,5.0,2.017632961273194,0.923413218484363,0.8714599848501068,8.965163956292422,9.118000189920483,5.452486341031705,2.813734531402588,,,
dancnet:ll,0014_clip_heavy,clip_heavy,0.0,1.4562373161315918,0.9119168806448676,0.7782534569579377,7.021899938888074,7.803361027887855,5.646834799710347,1.969728946685791,,,
dancnet:ll,0015_clip_heavy,clip_heavy,5.0,1.6643251180648804,0.90453215397563,0.7713928734561469,7.482462476534472,8.028825840525615,5.438659835822127,2.567842721939087,,,
dancnet:ll,0016_clip_heavy,clip_heavy,0.0,2.5300590991973877,0.9163855979494966,0.8648170862358472,11.681780589390016,11.853017580671954,13.511798714145936,3.2576868534088135,,,
dancnet:ll,0017_clip_heavy,clip_heavy,5.0,1.608994722366333,0.9010259127015204,0.7724294854090977,8.445710723497264,8.707492402138659,4.709007470721601,2.291024684906006,,,
dancnet:ll,0018_clip_heavy,clip_heavy,0.0,1.5980603694915771,0.909048040877778,0.8416000777526249,6.587469955694893,6.891421066270569,8.065762079648982,2.51355242729187,,,
dancnet:ll,0019_clip_heavy,clip_heavy,5.0,2.059699058532715,0.9726756502486816,0.9502589970941844,13.747190125001556,13.411587864309285,12.79701114809287,3.02604079246521,,,
dancnet:ll,0020_clip_heavy,clip_heavy,0.0,1.8865156173706057,0.8933199342180665,0.830903348399694,7.979951331431544,8.171641811802369,9.892283526647288,2.742245674133301,,,
dancnet:ll,0021_clip_heavy,clip_heavy,5.0,1.919528841972351,0.9483625851213616,0.8645741249307076,10.708929685571489,10.728717571727197,6.3327728221363975,2.7450106143951416,,,
dancnet:ll,0022_clip_heavy,clip_heavy,0.0,4.037745475769043,0.9914828835117464,0.9823882105133488,21.315027457923833,20.711255863375392,22.947531709097873,4.103979110717773,,,
dancnet:ll,0023_clip_heavy,clip_heavy,5.0,1.6886913776397705,0.8311593968137464,0.7114727696268942,6.844615812097734,7.051086593644699,5.808154555681913,2.3792924880981445,,,
dancnet:ll,0024_clip_heavy,clip_heavy,0.0,1.8082129955291748,0.8714289011833884,0.7681364926116069,8.657521796477871,9.042749064770138,7.8420140821371085,2.1492440700531006,,,
dancnet:ll,0025_clip_heavy,clip_heavy,5.0,1.8502404689788816,0.898285780765678,0.7686310197846961,9.787381703296516,10.18551526449084,8.313969286914567,2.6478240489959717,,,
dancnet:ll,0026_clip_heavy,clip_heavy,0.0,1.4831345081329346,0.7917248029327733,0.6113141870671026,8.608507833278136,9.059363784589609,7.846988874107415,1.9690872430801392,,,
dancnet:ll,0027_clip_heavy,clip_heavy,5.0,1.6066840887069702,0.880675629820112,0.7268341700674578,8.083266243334183,7.859523540509943,6.088683993645552,2.2578890323638916,,,
dancnet:ll,0028_clip_heavy,clip_heavy,0.0,1.8680336475372312,0.9326793388853558,0.8885338069385039,12.868489273740902,12.784842525224514,9.184270901572438,2.888108730316162,,,
dancnet:ll,0029_clip_heavy,clip_heavy,5.0,1.3689064979553225,0.9064783524059882,0.8233145573918237,12.119966132357924,11.980399709427314,7.876989963015027,2.088411569595337,,,
dancnet:ll,0030_level_low,level_low,0.0,1.8652427196502688,0.8263274996803935,0.6995312592272376,10.549380157365157,10.34757349799817,4.748127635999646,2.2822203636169434,,,
dancnet:ll,0031_level_low,level_low,5.0,1.9988744258880615,0.8710053970159495,0.7457223871697524,10.305311653661269,10.388529852672724,7.472343436826968,2.6589934825897217,,,
dancnet:ll,0032_level_low,level_low,10.0,3.362781286239624,0.9880520798734675,0.969341985889174,14.629023969146688,14.512748793208946,16.319230299298447,3.9764020442962646,,,
dancnet:ll,0033_level_low,level_low,0.0,1.922757863998413,0.9209158405648464,0.8311772489569662,10.544974406210876,10.83262796473358,8.192874332905372,2.882943630218506,,,
dancnet:ll,0034_level_low,level_low,5.0,1.8222661018371584,0.9184206766772528,0.7142095326768707,12.261766387517556,11.857466319136227,5.759261636251251,2.631373405456543,,,
dancnet:ll,0035_level_low,level_low,10.0,2.780371904373169,0.9602267558108544,0.9267008505220384,17.333607940869136,16.055848877159637,9.897499911797585,3.669023275375366,,,
dancnet:ll,0036_level_low,level_low,0.0,2.0544238090515137,0.8978735673365652,0.7668264784745505,10.947027971710847,11.164662570298404,9.001649823621086,3.1116092205047607,,,
dancnet:ll,0037_level_low,level_low,5.0,2.6173672676086426,0.9303195172750564,0.8593174827061437,13.295311205655889,13.202109363647526,10.43809514778978,3.365623235702514,,,
dancnet:ll,0038_level_low,level_low,10.0,1.968394875526428,0.938649403348321,0.8417085271849626,15.940336909477466,15.265252193875988,9.41762159511486,2.5891759395599365,,,
dancnet:ll,0039_level_low,level_low,0.0,2.8667190074920654,0.972563348724554,0.9133160892856896,12.06873416536209,12.142483617864952,9.254093457361872,3.6641576290130615,,,
dancnet:ll,0040_level_low,level_low,5.0,2.3080265522003174,0.9322179089309904,0.841912472888467,13.64130425982486,13.533708626221586,9.203405036500849,2.924898624420166,,,
dancnet:ll,0041_level_low,level_low,10.0,2.469982862472534,0.9153812376113926,0.8153182171944725,13.62958415717932,13.233334571907465,9.6305871853542,3.1675946712493896,,,
dancnet:ll,0042_level_low,level_low,0.0,1.9315168857574463,0.8847411823236216,0.7684125916329089,9.208004124753764,8.94269642024431,3.1755712914054084,2.7057971954345703,,,
dancnet:ll,0043_level_low,level_low,5.0,2.5504825115203857,0.8877254767465121,0.8575860741033487,15.064752810269106,14.405742005709184,11.602569731761909,2.7764289379119873,,,
dancnet:ll,0044_level_low,level_low,10.0,2.845691680908203,0.9601721659225316,0.8992655857357844,17.04549710380645,16.57008059646888,13.34540311190558,3.471832275390625,,,
dancnet:ll,0045_level_low,level_low,0.0,1.8924951553344729,0.7863028025716811,0.6057118917023115,9.909869072048258,10.137767225538106,5.547102812564439,2.578540325164795,,,
dancnet:ll,0046_level_low,level_low,5.0,1.9935252666473389,0.9365579863805548,0.8177426093129843,9.299335154373164,9.574764425953818,6.521216844012127,3.2198386192321777,,,
dancnet:ll,0047_level_low,level_low,10.0,3.473153591156006,0.902572866365182,0.8501955673430605,20.89394119672196,19.60400449882373,13.0831758486029,4.153038024902344,,,
dancnet:ll,0048_level_low,level_low,0.0,2.3845021724700928,0.9732691291194562,0.9421694405554856,12.462447740654326,12.587581266673794,16.281046922679202,3.151001214981079,,,
dancnet:ll,0049_level_low,level_low,5.0,1.9181692600250244,0.8423978515460244,0.7483112208468086,13.015369383088606,12.46035910223442,8.182888303275053,2.4305806159973145,,,
dancnet:ll,0050_level_low,level_low,10.0,2.6009130477905273,0.9451807441213756,0.8829420443059114,17.14646188570656,16.51453254542619,10.921354179358842,3.118656635284424,,,
dancnet:ll,0051_level_low,level_low,0.0,2.0880343914031982,0.969591364604912,0.852266423638656,6.6802068986211545,6.569276039671189,4.0367110196479405,3.040538787841797,,,
dancnet:ll,0052_level_low,level_low,5.0,1.4234920740127563,0.9742083314853092,0.9035439356605852,11.837609016465509,11.516612736869646,5.838987753249448,2.454215288162231,,,
dancnet:ll,0053_level_low,level_low,10.0,1.730332851409912,0.882449873927301,0.811560459100901,15.776039984754842,15.168497596247734,15.76342444475671,2.197857141494751,,,
dancnet:ll,0054_level_low,level_low,0.0,1.4578399658203125,0.7668622652668645,0.5597363653550349,7.64137257852052,8.254806940525853,3.3265595176476244,1.93752121925354,,,
dancnet:ll,0055_level_low,level_low,5.0,2.2907533645629883,0.904156071221908,0.8630860601076934,16.435471987257632,15.459616677953258,9.150838573234344,2.862363576889038,,,
dancnet:ll,0056_level_low,level_low,10.0,4.127463340759277,0.9876719482257283,0.9818608699011232,22.532676411913833,20.543686219600353,20.874746498743836,4.19106388092041,,,
dancnet:ll,0057_level_low,level_low,0.0,1.534810185432434,0.8683936098208531,0.7060457765202856,7.511068174329928,7.854093705193609,4.214461396782851,2.2168562412261963,,,
dancnet:ll,0058_level_low,level_low,5.0,2.313678026199341,0.7958508718631361,0.6921178126911716,12.180819230609591,12.199487818681078,6.983070366120563,3.4447193145751953,,,
dancnet:ll,0059_level_low,level_low,10.0,2.734203815460205,0.9539402716085384,0.8925955820000832,13.023806820043104,13.132996720274924,10.440757026319082,3.64728331565857,,,
dancnet:ll,0060_level_high,level_high,5.0,1.929430603981018,0.890312465205357,0.7092489791638324,12.914143581612525,12.766850819917304,8.213769714290688,2.684197187423706,,,
dancnet:ll,0061_level_high,level_high,10.0,3.07314395904541,0.9372557550476672,0.8726096825247686,16.45787840808168,15.900660135606838,15.205053588378082,3.345639228820801,,,
dancnet:ll,0062_level_high,level_high,5.0,2.63016676902771,0.9576359615030148,0.8720891022281981,13.851162629042058,13.864973720609848,11.780420682270911,3.465054988861084,,,
dancnet:ll,0063_level_high,level_high,10.0,2.6452505588531494,0.9477495545411894,0.8674538380740461,16.106422399880618,15.023911716769415,11.152451779145444,3.3242640495300293,,,
dancnet:ll,0064_level_high,level_high,5.0,2.1094233989715576,0.9308252898080172,0.8097232567711106,10.036553350200332,10.125113958494223,4.611681500683928,3.4630343914031982,,,
dancnet:ll,0065_level_high,level_high,10.0,2.848731517791748,0.919771224340424,0.8253741562912047,19.013096849460705,17.304260931970354,10.13105263343689,3.6190593242645264,,,
dancnet:ll,0066_level_high,level_high,5.0,2.2022647857666016,0.8963727820525614,0.8048024161703687,13.094076023642884,12.853338003690624,9.427475571538894,2.974512815475464,,,
dancnet:ll,0067_level_high,level_high,10.0,2.370224952697754,0.9530464547002456,0.902723129524975,15.152679331258495,14.50936169772146,6.058347608772302,3.1390380859375,,,
dancnet:ll,0068_level_high,level_high,5.0,2.4157116413116455,0.8758303474613399,0.7264005157921348,12.372959624493774,12.182413283683587,7.26242618689181,3.174384355545044,,,
dancnet:ll,0069_level_high,level_high,10.0,2.7844130992889404,0.968835841793767,0.8847759967224994,15.999621210467376,15.32412149466708,9.44203751894061,3.4519429206848145,,,
dancnet:ll,0070_level_high,level_high,5.0,2.0538485050201416,0.9576780843650666,0.8680037903336095,19.78353885714462,18.57427676470384,11.703802598019042,2.888059139251709,,,
dancnet:ll,0071_level_high,level_high,10.0,2.4860196113586426,0.9623077571361232,0.8805992564456667,18.279663666293818,17.53393605835286,10.111298811273407,3.379111051559448,,,
dancnet:ll,0072_level_high,level_high,5.0,2.0954675674438477,0.9311051582673826,0.820869931553861,12.692266708861789,12.15747005019928,6.840749587622697,2.7428598403930664,,,
dancnet:ll,0073_level_high,level_high,10.0,2.429868459701538,0.9387305804355603,0.8686137587033711,14.97776432467399,14.306807791907165,9.156063950314728,2.993307113647461,,,
dancnet:ll,0074_level_high,level_high,5.0,2.5307199954986572,0.9677217165240116,0.8943590270810474,12.000191858721095,12.049210563420027,10.032144903863417,3.2012550830841064,,,
dancnet:ll,0075_level_high,level_high,10.0,2.9832656383514404,0.96238203471482,0.923486662714474,19.28608037464714,17.857811480659155,11.228805814431484,3.3054678440093994,,,
dancnet:ll,0076_level_high,level_high,5.0,1.902747392654419,0.8950302133434805,0.829296806868402,12.56391142990007,12.625814583579237,8.803125760949019,2.2781012058258057,,,
dancnet:ll,0077_level_high,level_high,10.0,3.9717459678649902,0.9853322214610912,0.9526067038558352,22.16430621951482,20.585002303031537,18.1795123235391,4.084577560424805,,,
dancnet:ll,0078_level_high,level_high,5.0,2.6290793418884277,0.943969392747854,0.8763754347682085,12.202658500397412,12.399052877297873,14.529615023480122,3.229942560195923,,,
dancnet:ll,0079_level_high,level_high,10.0,1.862496018409729,0.956680832527538,0.9079009979593504,13.68420828475232,13.374935716500048,8.58532262294383,2.4971847534179688,,,
dancnet:ll,0080_level_high,level_high,5.0,1.8403291702270508,0.9260165027782716,0.8127273351537152,11.75526315047453,11.682057095340507,6.668342808254503,2.6163535118103027,,,
dancnet:ll,0081_level_high,level_high,10.0,2.169071674346924,0.9397177933848012,0.8423549490079997,16.06220684441342,15.633328753253426,8.337831558167196,3.00860333442688,,,
dancnet:ll,0082_level_high,level_high,5.0,3.3518331050872803,0.9731444334546452,0.9344489644986772,15.530844317589471,15.020541549652735,11.364913272995372,3.836007595062256,,,
dancnet:ll,0083_level_high,level_high,10.0,2.5245449542999268,0.9679061760210206,0.9069440290803006,16.304620914935676,15.49911474062528,9.02243953053773,3.1471827030181885,,,
dancnet:ll,0084_level_high,level_high,5.0,2.1053643226623535,0.8722686705054501,0.7018531012515506,11.439149536404308,11.258234950713202,6.438287575688861,2.7802906036376953,,,
dancnet:ll,0085_level_high,level_high,10.0,2.2581534385681152,0.9630905254766148,0.9450903638796446,15.248359969171082,14.656504517705024,12.766212249648497,2.7021448612213135,,,
dancnet:ll,0086_level_high,level_high,5.0,2.426627397537231,0.9693045778081024,0.9174211501787052,10.276685911074583,10.540862229307413,10.7194649204446,3.330626964569092,,,
dancnet:ll,0087_level_high,level_high,10.0,2.557901620864868,0.9697360584143704,0.8985650876248001,14.946718281197114,14.528161429079304,11.271717078536218,3.1758127212524414,,,
dancnet:ll,0088_level_high,level_high,5.0,1.9631242752075195,0.8927587210410508,0.7805106649990239,7.718840034299756,8.260605488957463,5.921577902791203,2.67045521736145,,,
dancnet:ll,0089_level_high,level_high,10.0,2.5117976665496826,0.9483244197934488,0.8754239592911183,15.268972899559742,14.685653368974243,8.302522547528083,3.3759829998016357,,,
dancnet:ll,0090_reverb_cabin,reverb_cabin,5.0,3.3581535816192627,0.992312932048221,0.9790010925708452,23.654104160606273,20.499643208353625,9.168335098487823,4.1475510597229,,,
dancnet:ll,0091_reverb_cabin,reverb_cabin,10.0,2.250319004058838,0.977449345607385,0.9257476306922278,16.015482229800046,15.199054902194996,7.315725492914366,3.3819901943206787,,,
dancnet:ll,0092_reverb_cabin,reverb_cabin,5.0,1.3157646656036377,0.8717526409475215,0.727547460122371,6.678707304211745,6.82351540699741,4.2382366185487115,2.008657932281494,,,
dancnet:ll,0093_reverb_cabin,reverb_cabin,10.0,1.8917560577392576,0.8530723397649992,0.7319591199220139,12.517839112131776,12.372069856985066,8.465126110664562,2.7403299808502197,,,
dancnet:ll,0094_reverb_cabin,reverb_cabin,5.0,1.169002652168274,0.7539154826562597,0.556313161056271,2.0874014595292345,3.6857336761066986,2.208449581139878,1.5879859924316406,,,
dancnet:ll,0095_reverb_cabin,reverb_cabin,10.0,1.3813375234603882,0.8038841016699301,0.6034938382287168,4.296029266119491,4.9670991783961025,2.2571013547837846,2.310307502746582,,,
dancnet:ll,0096_reverb_cabin,reverb_cabin,5.0,1.322340726852417,0.7917710138994265,0.5426106435143864,4.921136243916272,5.676251339611439,2.435192047307239,2.2025580406188965,,,
dancnet:ll,0097_reverb_cabin,reverb_cabin,10.0,1.3247305154800415,0.8074872650957878,0.6274872081861053,1.7579282398181988,1.650448947694202,-0.1115839689768004,1.7059507369995115,,,
dancnet:ll,0098_reverb_cabin,reverb_cabin,5.0,1.9854083061218264,0.9108971840684258,0.8222105532933978,12.971699680805376,12.779944229469208,8.92725767110293,3.2049551010131836,,,
dancnet:ll,0099_reverb_cabin,reverb_cabin,10.0,3.5874359607696533,0.9741065094500032,0.9270246403400996,16.086536999439225,15.57128489275803,11.819667798736493,3.7976677417755127,,,
dancnet:ll,0100_reverb_cabin,reverb_cabin,5.0,1.358407497406006,0.815668917286828,0.5443884614559815,4.095013623269239,4.244153282833897,-2.011618858761781,1.9805328845977783,,,
dancnet:ll,0101_reverb_cabin,reverb_cabin,10.0,2.771484136581421,0.961044582737221,0.8656819416900389,17.687552444673397,16.856285436651646,10.28113356516683,3.47498083114624,,,
dancnet:ll,0102_reverb_cabin,reverb_cabin,5.0,1.4801573753356934,0.8258099477004981,0.658993319875927,3.927241011156561,4.418434430770458,3.2268070582525157,2.266016960144043,,,
dancnet:ll,0103_reverb_cabin,reverb_cabin,10.0,1.3026918172836304,0.7254290611295431,0.5473173131022908,0.7198413087156363,1.2252390285102202,0.8389563996501711,1.9447474479675293,,,
dancnet:ll,0104_reverb_cabin,reverb_cabin,5.0,1.7581470012664795,0.7480577909806735,0.5338786208480233,6.000308203914875,6.764081792199532,3.505782876269761,2.537303924560547,,,
dancnet:ll,0105_reverb_cabin,reverb_cabin,10.0,1.946645975112915,0.9077092028590492,0.8155322713736246,12.468230862526148,12.239860868368057,6.131069761845089,2.9352850914001465,,,
dancnet:ll,0106_reverb_cabin,reverb_cabin,5.0,1.6732354164123535,0.8291856668844683,0.5587530768230958,9.692667211328976,9.597836116105054,3.0156937510068693,2.592475175857544,,,
dancnet:ll,0107_reverb_cabin,reverb_cabin,10.0,2.315772533416748,0.9617928018430028,0.8989271330341428,14.335872479172096,13.73464193850566,8.410896935602128,3.408846139907837,,,
dancnet:ll,0108_reverb_cabin,reverb_cabin,5.0,1.5928887128829956,0.824622053185993,0.6501217517498248,5.208084571594803,5.554617213216197,2.6313471716665178,2.316354513168335,,,
dancnet:ll,0109_reverb_cabin,reverb_cabin,10.0,2.094136953353882,0.9189398828339024,0.8534581752379454,10.147061309987604,10.267414323309856,6.2502791268607645,2.511662006378174,,,
dancnet:ll,0110_reverb_cabin,reverb_cabin,5.0,2.2027604579925537,0.9582628756815916,0.8809751179914341,12.321829827814376,12.012072896624668,6.932237687907328,2.680741310119629,,,
dancnet:ll,0111_reverb_cabin,reverb_cabin,10.0,1.7754433155059814,0.8724099239967625,0.7527639401944342,12.552720263622565,12.434991533722076,6.287438944467824,2.2940421104431152,,,
dancnet:ll,0112_reverb_cabin,reverb_cabin,5.0,2.1074538230895996,0.908332969940168,0.7766511288869455,11.408397391977829,11.124654712539211,3.816600639995022,2.9402120113372803,,,
dancnet:ll,0113_reverb_cabin,reverb_cabin,10.0,2.2274131774902344,0.9548292758014644,0.9012926171657316,15.075903843047932,14.22797923306759,7.402338209082256,3.106894254684448,,,
dancnet:ll,0114_reverb_cabin,reverb_cabin,5.0,1.321047306060791,0.7072604345768714,0.5021347168147635,4.6582448879102545,4.531150191538229,1.527877185095295,1.863815665245056,,,
dancnet:ll,0115_reverb_cabin,reverb_cabin,10.0,2.9528839588165283,0.9619507931622312,0.8999468631316822,14.136566598659211,13.675312518852929,8.139295184108661,3.520064353942871,,,
dancnet:ll,0116_reverb_cabin,reverb_cabin,5.0,1.6564874649047852,0.8806427386605913,0.7350772917453358,11.923052173814929,11.657861844021271,2.117136059470969,2.1526434421539307,,,
dancnet:ll,0117_reverb_cabin,reverb_cabin,10.0,3.2688441276550293,0.9647997574452184,0.9269490900572628,15.510869261358412,15.35890345329512,13.888091393025991,3.70422887802124,,,
dancnet:ll,0118_reverb_cabin,reverb_cabin,5.0,2.374748468399048,0.927807159749066,0.819595908983018,12.024438901481012,11.94665483964387,8.27649144718958,2.90419340133667,,,
dancnet:ll,0119_reverb_cabin,reverb_cabin,10.0,1.2179439067840576,0.6385892531262491,0.500719857383217,0.9225703566956988,3.4435930918909508,2.9563688458655246,1.6536314487457275,,,
dancnet:ll,0120_radio_band,radio_band,5.0,2.0286929607391357,0.9190471050787514,0.8363910605732531,11.065535613918314,11.177943785510395,6.192443615789002,2.488616943359375,,,
dancnet:ll,0121_radio_band,radio_band,10.0,1.5037391185760498,0.8967246699452017,0.8251874467110034,13.062825296073903,12.979401493998347,5.563069852379916,1.9875234365463257,,,
dancnet:ll,0122_radio_band,radio_band,5.0,3.1867823600769043,0.9720521474240316,0.9426361928469088,10.71514754137996,11.002449221346444,13.36317265309725,3.7683472633361816,,,
dancnet:ll,0123_radio_band,radio_band,10.0,2.6094396114349365,0.9321042318069562,0.865340760578236,14.313656091255089,14.257925156788414,9.422106832840743,3.0349526405334473,,,
dancnet:ll,0124_radio_band,radio_band,5.0,1.7319990396499634,0.9027664752510718,0.74570899190552,11.458460754648296,11.436947971198656,3.100141528751664,1.9484748840332031,,,
dancnet:ll,0125_radio_band,radio_band,10.0,2.7356481552124023,0.9373306177380846,0.8690889148428477,17.970219654426177,17.553742581118666,11.65111119709872,3.199230909347534,,,
dancnet:ll,0126_radio_band,radio_band,5.0,2.0001301765441895,0.8944195985784625,0.7929020342195561,14.27714228845475,14.122738734041835,6.429778884452106,2.5424981117248535,,,
dancnet:ll,0127_radio_band,radio_band,10.0,2.30096697807312,0.9390960583706148,0.8760511853149031,14.382359331213353,14.154424422842473,9.357801976206757,2.764791488647461,,,
dancnet:ll,0128_radio_band,radio_band,5.0,2.1652681827545166,0.8798190544712837,0.6884993192441696,12.743636912628029,12.712203234122551,5.6254588230213285,2.7946178913116455,,,
dancnet:ll,0129_radio_band,radio_band,10.0,2.5551915168762207,0.9463168393314872,0.8748473548086222,14.993019841254222,14.472228976829172,8.875593716371199,2.982603073120117,,,
dancnet:ll,0130_radio_band,radio_band,5.0,3.129051446914673,0.971395166175789,0.9431339954793038,20.3596089987112,19.415653143759044,19.170656934102627,3.278825283050537,,,
dancnet:ll,0131_radio_band,radio_band,10.0,2.159661293029785,0.9509834701358788,0.8893285605890631,13.165398448888867,13.100248590084815,8.141017752518929,2.304656744003296,,,
dancnet:ll,0132_radio_band,radio_band,5.0,2.346876859664917,0.9678315181902256,0.8932046363674697,20.904277456822857,19.19695161779321,11.918278024434771,2.9738082885742188,,,
dancnet:ll,0133_radio_band,radio_band,10.0,2.0282113552093506,0.9190865355313258,0.81497503464765,14.986596931613214,14.355685709958884,5.424666921094663,2.585210084915161,,,
dancnet:ll,0134_radio_band,radio_band,5.0,2.941990613937378,0.970089890669855,0.8971893288622126,15.394778296467448,14.933097066613092,11.186836089357,3.3684544563293457,,,
dancnet:ll,0135_radio_band,radio_band,10.0,2.253056526184082,0.918316352868557,0.7941301655296513,15.137726498188892,14.81686331922967,7.03721515998003,2.85308837890625,,,
dancnet:ll,0136_radio_band,radio_band,5.0,1.6950548887252808,0.8828150676446592,0.7557708855090213,10.730163795109338,11.067324387905863,4.305065513206235,2.3210833072662354,,,
dancnet:ll,0137_radio_band,radio_band,10.0,2.164659023284912,0.9530128030252746,0.8395160460482429,15.74599482408733,15.517740558202402,3.899682887211164,2.6801834106445312,,,
dancnet:ll,0138_radio_band,radio_band,5.0,3.8165533542633057,0.9899066344322456,0.984572883650736,19.89110904379513,19.00135485790463,19.794568578344325,3.98125672340393,,,
dancnet:ll,0139_radio_band,radio_band,10.0,2.781716823577881,0.9527153368578776,0.8552960548480185,17.826315483778355,16.80394768917826,9.88162541172787,3.191148281097412,,,
dancnet:ll,0140_radio_band,radio_band,5.0,1.997409462928772,0.8404717526135107,0.6931597314341874,13.509770086396566,13.540056070032616,5.070434909525569,2.518699884414673,,,
dancnet:ll,0141_radio_band,radio_band,10.0,2.811436653137207,0.9545365249477656,0.8798753051742503,19.347118984125316,18.714474943532576,12.412901658264722,3.3225607872009277,,,
dancnet:ll,0142_radio_band,radio_band,5.0,1.7320091724395752,0.9165057298576552,0.8791109822836977,13.139020350096038,12.806626347352443,7.739017900282907,2.3425469398498535,,,
dancnet:ll,0143_radio_band,radio_band,10.0,2.638540744781494,0.9285459212772328,0.85325385014299,17.01684507685916,16.745534867064574,9.868742644970126,3.166952848434448,,,
dancnet:ll,0144_radio_band,radio_band,5.0,2.026873826980591,0.8477502215130747,0.7836638957776152,15.930529114970566,15.341180623730148,9.596495632406132,2.4936063289642334,,,
dancnet:ll,0145_radio_band,radio_band,10.0,2.2983577251434326,0.9179803269501856,0.8195654626419376,16.330400820201902,15.855104186641633,9.185752792863546,2.8181581497192383,,,
dancnet:ll,0146_radio_band,radio_band,5.0,2.1572065353393555,0.9052220369848734,0.8314971859401915,10.738911742380775,11.018261229041125,9.82620733444918,2.8899130821228027,,,
dancnet:ll,0147_radio_band,radio_band,10.0,1.6149340867996216,0.8670432473686691,0.7364800584855615,10.739343476869204,11.077012556552786,5.396629115960812,2.1614303588867188,,,
dancnet:ll,0148_radio_band,radio_band,5.0,1.9318785667419431,0.882627159255392,0.7663594905686361,9.139079031342376,9.638499456844494,5.470435743126301,2.44663143157959,,,
dancnet:ll,0149_radio_band,radio_band,10.0,2.820836067199707,0.9512182306755892,0.8619871555215731,18.65278546787218,18.14806688739382,12.539456209077157,3.292344808578491,,,
dancnet:ll,0150_noise_only,noise_only,,,,,,,,,39.40276336669922,,
dancnet:ll,0151_noise_only,noise_only,,,,,,,,,36.15726089477539,,
dancnet:ll,0152_noise_only,noise_only,,,,,,,,,39.72200012207031,,
dancnet:ll,0153_noise_only,noise_only,,,,,,,,,47.03791809082031,,
dancnet:ll,0154_noise_only,noise_only,,,,,,,,,34.759918212890625,,
dancnet:ll,0155_noise_only,noise_only,,,,,,,,,43.07424545288086,,
dancnet:ll,0156_noise_only,noise_only,,,,,,,,,41.794700622558594,,
dancnet:ll,0157_noise_only,noise_only,,,,,,,,,18.29936408996582,,
dancnet:ll,0158_noise_only,noise_only,,,,,,,,,36.65614318847656,,
dancnet:ll,0159_noise_only,noise_only,,,,,,,,,30.688573837280273,,
dancnet:ll,0160_noise_only,noise_only,,,,,,,,,21.98284912109375,,
dancnet:ll,0161_noise_only,noise_only,,,,,,,,,39.56644058227539,,
dancnet:ll,0162_noise_only,noise_only,,,,,,,,,47.97203826904297,,
dancnet:ll,0163_noise_only,noise_only,,,,,,,,,39.70501327514648,,
dancnet:ll,0164_noise_only,noise_only,,,,,,,,,31.260902404785156,,
dancnet:ll,0165_noise_only,noise_only,,,,,,,,,45.26145553588867,,
dancnet:ll,0166_noise_only,noise_only,,,,,,,,,47.41098403930664,,
dancnet:ll,0167_noise_only,noise_only,,,,,,,,,41.620452880859375,,
dancnet:ll,0168_noise_only,noise_only,,,,,,,,,34.66643524169922,,
dancnet:ll,0169_noise_only,noise_only,,,,,,,,,26.54950904846191,,
dancnet:ll,0170_noise_only,noise_only,,,,,,,,,23.964824676513672,,
dancnet:ll,0171_noise_only,noise_only,,,,,,,,,26.56116104125977,,
dancnet:ll,0172_noise_only,noise_only,,,,,,,,,30.934659957885746,,
dancnet:ll,0173_noise_only,noise_only,,,,,,,,,48.286163330078125,,
dancnet:ll,0174_noise_only,noise_only,,,,,,,,,36.62408828735352,,
dancnet:ll,0175_noise_only,noise_only,,,,,,,,,47.16461181640625,,
dancnet:ll,0176_noise_only,noise_only,,,,,,,,,42.67768096923828,,
dancnet:ll,0177_noise_only,noise_only,,,,,,,,,30.053346633911133,,
dancnet:ll,0178_noise_only,noise_only,,,,,,,,,41.51939392089844,,
dancnet:ll,0179_noise_only,noise_only,,,,,,,,,36.162723541259766,,
dancnet:ll,0180_post_blast,post_blast,15.0,2.208655834197998,0.925478565509018,0.8686971833055284,11.085645896789387,11.115260860106332,9.999436518013098,2.7197253704071045,,0.8380063798813268,1.571133017539978
dancnet:ll,0181_post_blast,post_blast,15.0,1.366266131401062,0.9499850212971996,0.9083353283926452,12.574284312986528,12.082605271930154,10.692070233747136,3.2839527130126953,,0.912190113448153,1.171846866607666
dancnet:ll,0182_post_blast,post_blast,15.0,2.0471575260162354,0.9081528167705506,0.7799452935702319,11.137834468859763,11.218670763997917,6.167992115791127,2.652125358581543,,0.9837934372743108,2.022864818572998
dancnet:ll,0183_post_blast,post_blast,15.0,1.7714152336120603,0.9184924669190035,0.8164125363107331,8.911378866383796,9.354999504450204,6.8504597982369635,2.437674045562744,,0.8644298712372631,1.3943352699279783
dancnet:ll,0184_post_blast,post_blast,15.0,2.2945070266723633,0.9660497621948452,0.8941484461076634,13.703101366200844,13.308385412503192,9.088928786531945,3.0384395122528076,,0.9847887504948332,2.2868189811706543
dancnet:ll,0185_post_blast,post_blast,15.0,2.8627822399139404,0.8771338975487031,0.7470504412537455,16.885134729698322,15.935494438854288,8.899740113578247,3.5188987255096436,,0.3153578437196868,1.1517393589019775
dancnet:ll,0186_post_blast,post_blast,15.0,1.983361005783081,0.874365329274092,0.745230112245348,8.754746427415549,9.00971385133824,5.711696263589383,2.680091857910156,,0.8941896447359359,1.938326358795166
dancnet:ll,0187_post_blast,post_blast,15.0,2.823556900024414,0.9364549759792444,0.8814227821723652,10.459068511747947,10.448826130509648,11.755109139137154,3.311596155166626,,0.8038675127047205,1.6026177406311035
dancnet:ll,0188_post_blast,post_blast,15.0,1.9684486389160156,0.9263881258048544,0.8179629570567453,7.587196079320474,8.114780915192103,7.120893056213025,2.9033756256103516,,0.9697997909055792,2.1531949043273926
dancnet:ll,0189_post_blast,post_blast,15.0,1.3338656425476074,0.7560328397777313,0.6173039181066047,4.941937959518346,6.106238121042433,7.004892711812313,1.9023289680480957,,0.8702849832584075,1.4730432033538818
dancnet:ll,0190_post_blast,post_blast,15.0,2.673680067062378,0.9306308828116038,0.8753040130355739,14.97535645583727,14.36203669982924,9.342743326521882,3.4404313564300537,,0.8630368025267278,1.79985511302948
dancnet:ll,0191_post_blast,post_blast,15.0,1.9851683378219604,0.9355573316597116,0.814287806210174,8.587371253761138,8.959627309587443,5.451084159172538,2.9771435260772705,,0.846179683416102,1.3322972059249878
dancnet:ll,0192_post_blast,post_blast,15.0,1.7185204029083252,0.8404238628803392,0.7314832772539841,10.723153240174108,10.737633308819072,6.881779676190315,2.3448967933654785,,0.9592160237427728,1.8693172931671145
dancnet:ll,0193_post_blast,post_blast,15.0,1.195305109024048,0.9060697879998264,0.7979579623052584,9.777677487498991,9.893094549646072,9.637845000405816,3.129547595977783,,0.7580295683882792,1.260498285293579
dancnet:ll,0194_post_blast,post_blast,15.0,2.245689630508423,0.9138155043603466,0.7938190206279981,16.052081475832104,14.629496021028736,5.563283435939222,2.9876558780670166,,0.9371906600452696,2.4094338417053223
dancnet:ll,0195_post_blast,post_blast,15.0,1.982940435409546,0.9373283288127257,0.8401376363573312,4.831144455600635,5.830725119640519,6.102706379154108,3.2186968326568604,,0.944403666612614,2.163461208343506
dancnet:ll,0196_post_blast,post_blast,15.0,1.8510372638702393,0.8617449476190201,0.7568902527575945,10.510116875985323,10.539617350150156,11.287688965850345,2.498358249664306,,0.8843879481239714,1.7518703937530518
dancnet:ll,0197_post_blast,post_blast,15.0,1.9855694770812988,0.7928913251894844,0.6775734598038025,5.6426530295599395,6.6890208974472465,6.1240650813178865,2.9151904582977295,,0.4487234087217214,1.3356571197509766
dancnet:ll,0198_post_blast,post_blast,15.0,1.417590618133545,0.8734725531151882,0.7801387934043666,6.881487701440623,7.684991468571579,8.041571309256515,2.283416748046875,,0.9174191645310312,1.7209550142288208
dancnet:ll,0199_post_blast,post_blast,15.0,1.7481937408447266,0.9229621468284,0.8688569298080742,11.583343015263631,11.307167751459136,7.605186854115267,2.3462584018707275,,1e-05,
dancnet:ll,0200_post_blast,post_blast,15.0,2.0033223628997803,0.8284845133814195,0.727949314982967,12.60548170309984,12.41176432429512,11.092909805640192,2.5211377143859863,,0.9716795220066596,3.210451126098633
dancnet:ll,0201_post_blast,post_blast,15.0,2.073439836502075,0.8689242293743634,0.6587280292170992,11.053942143289088,10.863154474767406,7.466417318986064,2.9129810333251953,,0.847747630560895,2.0034849643707275
dancnet:ll,0202_post_blast,post_blast,15.0,2.494230031967163,0.932893064920596,0.8187682604805955,12.132918414939471,12.218077109925476,9.358275886316168,3.266263008117676,,0.924292995231078,2.272841453552246
dancnet:ll,0203_post_blast,post_blast,15.0,2.491213083267212,0.958654916836066,0.9172019034239208,13.822608071525158,13.535057226857496,13.246889659612222,3.46509051322937,,0.8948607560060463,1.91925311088562
dancnet:ll,0204_post_blast,post_blast,15.0,2.0250871181488037,0.8379088930766013,0.7513930095389753,7.272353835956395,7.979514457077829,8.452129854902992,2.908602237701416,,0.9164314526558154,1.7338528633117676
dancnet:ll,0205_post_blast,post_blast,15.0,1.5985143184661863,0.8261375740629255,0.7412367134832908,13.161965051680664,12.840782282137688,8.743175862362294,3.221642255783081,,0.6528319844781002,1.5225557088851929
dancnet:ll,0206_post_blast,post_blast,15.0,2.1520261764526367,0.9498332883279048,0.8878456151330778,14.808985804404507,13.910576097041975,7.754601278223571,3.062671422958374,,0.903016843673586,2.212266445159912
dancnet:ll,0207_post_blast,post_blast,15.0,1.7412288188934326,0.8765328346337236,0.7623052445037555,9.825984504217004,9.895192526590568,7.970315481096963,2.4906277656555176,,0.8493119717158599,1.918884038925171
dancnet:ll,0208_post_blast,post_blast,15.0,1.8955819606781008,0.8941728419550888,0.814321405149752,10.57228941180057,10.696606754233242,10.383162176087392,2.6681933403015137,,0.7903742420302551,1.365241527557373
dancnet:ll,0209_post_blast,post_blast,15.0,2.0304524898529053,0.9375450639225352,0.8870280954355694,9.600080902380984,9.906471670511952,10.58572746799239,2.583735704421997,,0.8611294644770553,1.6611459255218506
dancnet:ll,0210_noise_switch,noise_switch,0.0,1.792395830154419,0.8676715431163595,0.6864675652972656,10.528920239246986,10.483495018497193,5.2773479652254185,2.425304889678955,,,
dancnet:ll,0211_noise_switch,noise_switch,5.0,1.9413906335830688,0.9122780015804928,0.8085244519467285,12.47783928474667,12.318874149570243,6.0760559065386595,2.5822336673736572,,,
dancnet:ll,0212_noise_switch,noise_switch,0.0,1.8852155208587649,0.8736604659462787,0.7556246373069099,11.638872690660012,11.520672376604164,6.7868872066303325,2.429091215133667,,,
dancnet:ll,0213_noise_switch,noise_switch,5.0,1.6989476680755615,0.9262611249104228,0.7736904087650172,11.842112351622392,11.741356511235148,6.674792931952173,2.6142115592956543,,,
dancnet:ll,0214_noise_switch,noise_switch,0.0,1.3908764123916626,0.8153507239015285,0.7375190752935784,9.90806718326345,9.411357873491127,3.8756724256678905,1.4309519529342651,,,
dancnet:ll,0215_noise_switch,noise_switch,5.0,2.0890328884124756,0.9500928301281694,0.8749579547480228,13.722427027035607,13.1682375349366,8.6529651496878,2.821816682815552,,,
dancnet:ll,0216_noise_switch,noise_switch,0.0,1.7892329692840576,0.6886602537926519,0.6000129093024191,10.992531423780012,10.64263218317823,5.424863017439688,2.593134880065918,,,
dancnet:ll,0217_noise_switch,noise_switch,5.0,1.9976385831832888,0.8969912071157742,0.7807494165035955,11.25184218814814,10.99039846717891,7.339128316994352,2.669013738632202,,,
dancnet:ll,0218_noise_switch,noise_switch,0.0,1.57477068901062,0.8522597668249997,0.6752444073832279,7.467614103732085,7.869575271097667,4.0195673686655145,2.0564844608306885,,,
dancnet:ll,0219_noise_switch,noise_switch,5.0,2.3357768058776855,0.958397194564266,0.8786570535215189,13.115330504441673,12.725772437630347,7.616839971718622,3.108103036880493,,,
dancnet:ll,0220_noise_switch,noise_switch,0.0,1.8383609056472776,0.8901633339583563,0.7294865021184603,8.013784334875973,8.484215740547613,5.056485012587866,2.69583797454834,,,
dancnet:ll,0221_noise_switch,noise_switch,5.0,1.8635523319244385,0.894244844340084,0.7504695608066104,12.372457940925974,11.854929766189915,7.409141256222599,3.064840793609619,,,
dancnet:ll,0222_noise_switch,noise_switch,0.0,2.085873603820801,0.8947631903010638,0.8137095289539106,11.338010435899715,11.364654599234932,8.744469232315907,2.6130571365356445,,,
dancnet:ll,0223_noise_switch,noise_switch,5.0,2.288407325744629,0.9346665184102216,0.8552129557824947,12.922289864074283,12.815396083579731,7.251229988292313,2.786428689956665,,,
dancnet:ll,0224_noise_switch,noise_switch,0.0,1.1825286149978638,0.9415974725668238,0.8720310341316713,4.9201120034539,5.489468745982608,9.358922283433046,3.0309414863586426,,,
dancnet:ll,0225_noise_switch,noise_switch,5.0,2.159351587295532,0.903526775284183,0.8024951928876836,11.562477155798572,11.484821329303166,7.288638792886532,2.6720402240753174,,,
dancnet:ll,0226_noise_switch,noise_switch,0.0,1.729997634887695,0.8344464327336687,0.705996530970849,9.319240841759594,9.425340027803935,6.723788682301174,2.427865505218506,,,
dancnet:ll,0227_noise_switch,noise_switch,5.0,1.981289625167847,0.9459441601341854,0.8151398781791815,12.072205961629654,11.759391174204609,6.831974746703108,2.8897485733032227,,,
dancnet:ll,0228_noise_switch,noise_switch,0.0,1.7331180572509766,0.8819495312285643,0.7532352074204899,6.824919096170702,7.378005395207109,6.0108334694608665,2.4025442600250244,,,
dancnet:ll,0229_noise_switch,noise_switch,5.0,2.381817102432251,0.9567402829002076,0.8796642580057011,12.950903272316578,12.786982776146523,8.912700295086436,3.1443607807159424,,,
dancnet:ll,0230_noise_switch,noise_switch,0.0,1.8647806644439695,0.8738473109605814,0.7805091574348721,10.034727025812565,10.085950151977126,7.353339917857807,2.7811472415924072,,,
dancnet:ll,0231_noise_switch,noise_switch,5.0,2.5602126121520996,0.947027168868569,0.8711380991960641,13.14856019039145,12.631462784728123,10.214558001740228,3.199618339538574,,,
dancnet:ll,0232_noise_switch,noise_switch,0.0,1.5287415981292725,0.8681608873797927,0.73331912397435,6.72087321888603,7.406291673274371,4.704098510130215,2.1937098503112793,,,
dancnet:ll,0233_noise_switch,noise_switch,5.0,2.0717315673828125,0.9287561643839154,0.8421954934212142,11.574354260235,11.48030154642287,9.63956572550101,2.6725096702575684,,,
dancnet:ll,0234_noise_switch,noise_switch,0.0,1.622610569000244,0.8467471362285255,0.6755361610597547,7.993551595126941,8.299675784933143,5.426695385606968,2.166548013687134,,,
dancnet:ll,0235_noise_switch,noise_switch,5.0,1.783047080039978,0.8396836687898449,0.7425579348893442,9.593273641043124,9.929862212865537,8.50028396878002,2.609117031097412,,,
dancnet:ll,0236_noise_switch,noise_switch,0.0,1.606112718582153,0.8863823160543401,0.7810458867111784,10.847862101567978,10.418715987414354,8.506149170804058,2.1738855838775635,,,
dancnet:ll,0237_noise_switch,noise_switch,5.0,1.9254213571548464,0.9082383429073206,0.8282859970383276,11.065424676472569,10.936374120592582,4.689795368178204,2.619978904724121,,,
dancnet:ll,0238_noise_switch,noise_switch,0.0,1.5881316661834717,0.8662627067542118,0.692921092847774,9.73000738946048,9.882095768659063,5.232147363551636,2.355442762374878,,,
dancnet:ll,0239_noise_switch,noise_switch,5.0,2.4444382190704346,0.9153645508046712,0.7797394892433711,14.348911203594026,13.784082762197254,9.294118040573366,3.1308963298797607,,,
dancnet:ll,0240_hum400,hum400,0.0,2.2751712799072266,0.8132566096275059,0.7132532559344569,10.93635292048818,11.05108442849889,6.895448568702102,2.932290554046631,,,
dancnet:ll,0241_hum400,hum400,5.0,2.5237839221954346,0.9652240480877712,0.9157962166644458,11.043655786019247,11.274664839497326,6.5408221398817314,3.040577173233032,,,
dancnet:ll,0242_hum400,hum400,0.0,2.048024892807007,0.9136273531949164,0.8145221035427351,9.97694905248019,10.228348717771514,6.951196169441871,2.761671543121338,,,
dancnet:ll,0243_hum400,hum400,5.0,2.6546409130096436,0.9729228283988764,0.9015336184028496,12.633940973833733,12.73315762575665,9.683781293867884,3.305635452270508,,,
dancnet:ll,0244_hum400,hum400,0.0,2.0306475162506104,0.9236494798954864,0.7961176924421624,9.298277366604824,9.59832860088343,5.724993904190332,2.954163074493408,,,
dancnet:ll,0245_hum400,hum400,5.0,2.590566396713257,0.961962072816873,0.8705541833659689,13.494007961064646,13.122488525345542,5.756923015278537,3.256356954574585,,,
dancnet:ll,0246_hum400,hum400,0.0,1.7088905572891235,0.8803525270740632,0.8043248370045716,7.36143898300369,8.06299943091281,4.661913690961411,2.3704683780670166,,,
dancnet:ll,0247_hum400,hum400,5.0,2.739890813827514,0.9409918146883584,0.8976088952973078,10.502617120862404,10.821192891704015,7.116733108438323,3.197572708129883,,,
dancnet:ll,0248_hum400,hum400,0.0,2.217637300491333,0.8808144595109543,0.7373415586407539,8.67947797400706,9.058584585086932,5.547401121407178,2.820521354675293,,,
dancnet:ll,0249_hum400,hum400,5.0,2.6293301582336426,0.9459477378578446,0.8714176291227781,12.180046442459425,12.122937672403069,8.090139852633715,3.166876792907715,,,
dancnet:ll,0250_hum400,hum400,0.0,2.1726298332214355,0.9341312847878156,0.8346786383665624,10.967285647397729,11.097496770940174,6.677144601443768,2.991410493850708,,,
dancnet:ll,0251_hum400,hum400,5.0,2.3584909439086914,0.9509210801466488,0.8744042362966324,13.720339048814472,13.51329434717728,6.734420760439354,3.158184289932251,,,
dancnet:ll,0252_hum400,hum400,0.0,1.980754852294922,0.9488642575412972,0.8348457187828924,8.013410564364234,8.556258459542537,5.566829927888824,2.833962917327881,,,
dancnet:ll,0253_hum400,hum400,5.0,2.491846799850464,0.849297776720868,0.6575497077049287,12.928583905654207,12.898371870028685,4.940340997075726,3.033984899520874,,,
dancnet:ll,0254_hum400,hum400,0.0,1.874711275100708,0.9177952794054344,0.8381299086261343,11.887741467146814,11.971494589960866,9.177270102615251,2.4959073066711426,,,
dancnet:ll,0255_hum400,hum400,5.0,2.227984666824341,0.9492860656235528,0.907834663933494,12.40039579913319,12.28874717493795,5.216990149304379,3.015296220779419,,,
dancnet:ll,0256_hum400,hum400,0.0,1.7996435165405271,0.924633012510787,0.8437677677070599,9.676257660970329,9.97468386158666,7.497964897776732,2.4739227294921875,,,
dancnet:ll,0257_hum400,hum400,5.0,2.4268200397491455,0.9588189785795542,0.8808865591940592,12.134734287161626,12.189823858333067,4.9487529722129695,3.046298027038574,,,
dancnet:ll,0258_hum400,hum400,0.0,2.21439790725708,0.9393299949141828,0.8205112418615458,9.22521048173348,9.641450891540511,7.2836445675947,2.897770881652832,,,
dancnet:ll,0259_hum400,hum400,5.0,2.4999196529388428,0.9528240407148242,0.8974093482819492,15.134239590654,14.73452875658613,7.061565795877895,3.191908359527588,,,
dancnet:ll,0260_hum400,hum400,0.0,2.0797600746154785,0.8867958138787592,0.8062070790515837,8.7247757998788,9.12026702059636,6.215922524863171,2.8309574127197266,,,
dancnet:ll,0261_hum400,hum400,5.0,2.7491161823272705,0.9503178415039092,0.857977120790167,12.122533125457302,11.628555158871675,6.909326143781077,3.4218642711639404,,,
dancnet:ll,0262_hum400,hum400,0.0,2.0206518173217773,0.9097633439019984,0.786788616973065,11.452756336379563,11.402998333844035,3.321497783064412,2.560056447982788,,,
dancnet:ll,0263_hum400,hum400,5.0,2.6780481338500977,0.9559797548019636,0.9010191584129214,13.635959660104106,13.706646548273469,6.568699554126507,3.4945549964904785,,,
dancnet:ll,0264_hum400,hum400,0.0,2.030700922012329,0.9230245342789296,0.8492853735439263,11.314598507774182,11.415091142170088,7.261314026280631,2.776024341583252,,,
dancnet:ll,0265_hum400,hum400,5.0,2.771648406982422,0.9540805182258388,0.9156632562593092,13.591726263868226,13.299715399023382,8.539739708953434,3.426302433013916,,,
dancnet:ll,0266_hum400,hum400,0.0,2.0659396648406982,0.9155327028163508,0.8495723797139281,9.473480356140078,9.616358316109062,7.312987224610406,2.749610662460327,,,
dancnet:ll,0267_hum400,hum400,5.0,2.497413158416748,0.9584149484998836,0.9056964355682148,12.56494401106398,12.54582925978579,2.402947092631922,2.877500534057617,,,
dancnet:ll,0268_hum400,hum400,0.0,2.1108558177948,0.9332076647399768,0.8393064762514109,9.821200678904235,9.992625912377983,7.132308073583684,2.7212905883789062,,,
dancnet:ll,0269_hum400,hum400,5.0,2.473099708557129,0.9289693722383672,0.8414600435201114,13.35438046859797,13.538664273744752,9.217748277810346,3.2678022384643555,,,
dancnet:ll,0270_crew_babble,crew_babble,0.0,1.17265522480011,0.6527479406372384,0.3904473224581009,-2.7875608565708654,-1.944011080099671,-1.50402647220311,1.6191673278808594,,,
dancnet:ll,0271_crew_babble,crew_babble,5.0,1.2420644760131836,0.8310798801684295,0.6768511590262025,5.119892553840382,4.723561739455021,2.7823099295358062,1.7118163108825684,,,
dancnet:ll,0272_crew_babble,crew_babble,10.0,1.3384779691696167,0.8836532036755483,0.7437269187142501,8.757137044553208,8.659565373370597,5.639343294128208,1.9823906421661377,,,
dancnet:ll,0273_crew_babble,crew_babble,0.0,1.1234716176986694,0.5593535323282903,0.3841563938413927,0.3034177236598963,0.6762959611225585,-0.8375241782842626,1.196691632270813,,,
dancnet:ll,0274_crew_babble,crew_babble,5.0,1.076485276222229,0.7264487517707195,0.5812413958317574,0.7398704697531076,1.7278189768271126,3.78607150964428,1.2357900142669678,,,
dancnet:ll,0275_crew_babble,crew_babble,10.0,1.427891731262207,0.8654332475249084,0.6852380782894942,9.470802444875254,9.018708079479316,3.1516463827066605,2.046696424484253,,,
dancnet:ll,0276_crew_babble,crew_babble,0.0,1.1123830080032349,0.668852338329248,0.4454050372583527,-1.343128764986955,-0.2220095048469524,-1.8026763470470573,1.3960446119308472,,,
dancnet:ll,0277_crew_babble,crew_babble,5.0,1.1971195936203003,0.7821920595971468,0.6000387614370205,3.460972205524438,4.135936776972342,3.155691655801261,1.7255898714065552,,,
dancnet:ll,0278_crew_babble,crew_babble,10.0,1.3058514595031738,0.796066418562395,0.6393173818689186,8.803578450118563,8.951787673761052,6.121470898626535,2.069346189498902,,,
dancnet:ll,0279_crew_babble,crew_babble,0.0,1.065467119216919,0.4407505695566096,0.3329281704545963,-1.1432859027594853,0.3824057587615194,0.3342725152467615,1.392156958580017,,,
dancnet:ll,0280_crew_babble,crew_babble,5.0,1.312536358833313,0.7702134984406648,0.6138878141142414,5.363100938744694,5.8390941798321725,1.658528901501435,1.7215633392333984,,,
dancnet:ll,0281_crew_babble,crew_babble,10.0,1.1354942321777344,0.8112101165974939,0.6041424449078293,4.569664623343653,5.267517727287708,0.8741373446503413,1.6745437383651731,,,
dancnet:ll,0282_crew_babble,crew_babble,0.0,1.0868569612503052,0.717624266808141,0.5704894898883738,-1.2466299659385935,-1.0377917232732634,-0.1105202427635595,1.4642053842544556,,,
dancnet:ll,0283_crew_babble,crew_babble,5.0,1.1223019361495972,0.7231599680893986,0.5146345054719027,4.161692837435406,4.291846928574056,1.4144386191183578,1.6104354858398438,,,
dancnet:ll,0284_crew_babble,crew_babble,10.0,1.4094641208648682,0.7966647671957258,0.621605943180774,9.605605384898748,9.346436486746525,2.5759606989509076,2.059913873672486,,,
dancnet:ll,0285_crew_babble,crew_babble,0.0,1.104469895362854,0.6558928274387458,0.4617682985549052,0.7396693329201988,1.1404851262245708,0.4006238281255408,1.3848531246185305,,,
dancnet:ll,0286_crew_babble,crew_babble,5.0,1.195565938949585,0.7920973990058829,0.5482322874017546,5.469183543925,5.250567872914083,1.9677615029392987,1.6892127990722656,,,
dancnet:ll,0287_crew_babble,crew_babble,10.0,1.1491749286651611,0.7226475163302525,0.6214754531293398,9.47701899504776,8.934428386071472,6.604718879323366,1.4810980558395386,,,
dancnet:ll,0288_crew_babble,crew_babble,0.0,1.1269677877426147,0.6357680658024893,0.3949037600797064,-0.8495898466427187,-0.1717660178841548,-1.3657203892526568,1.41734778881073,,,
dancnet:ll,0289_crew_babble,crew_babble,5.0,1.1950114965438845,0.8294375865764515,0.6586151965006863,4.778093720848252,4.782235309474478,2.993072616548542,1.752415657043457,,,
dancnet:ll,0290_crew_babble,crew_babble,10.0,1.6216753721237185,0.8297621568786749,0.6520615557349169,9.904060896856755,9.569632718633766,4.152641655074839,2.291590452194214,,,
dancnet:ll,0291_crew_babble,crew_babble,0.0,1.0623258352279663,0.5910267229132817,0.385003416920837,-2.4546933882109405,0.0820943309924913,0.6265429818814313,1.2852272987365725,,,
dancnet:ll,0292_crew_babble,crew_babble,5.0,1.2052342891693115,0.7679298989944088,0.623274774794258,5.906932020896797,5.726210432412548,2.1790250880279736,1.7708954811096191,,,
dancnet:ll,0293_crew_babble,crew_babble,10.0,1.746673583984375,0.8600245767367817,0.6963715399630395,7.742169585707525,7.499694821489534,5.479209255290232,2.854243516921997,,,
dancnet:ll,0294_crew_babble,crew_babble,0.0,1.067085862159729,0.638792905928944,0.4284488343452984,-0.861414512714342,-0.1201281922189969,-0.5299786693205547,1.261441707611084,,,
dancnet:ll,0295_crew_babble,crew_babble,5.0,1.1064647436141968,0.8027484920755376,0.587374956489767,3.314229905676359,3.555376577863303,2.287674834444122,1.4673027992248535,,,
dancnet:ll,0296_crew_babble,crew_babble,10.0,1.2949745655059814,0.8593475735860758,0.6749756285280005,9.93694332512313,9.8299164454599,3.475361946274473,2.232952117919922,,,
dancnet:ll,0297_crew_babble,crew_babble,0.0,1.0514131784439087,0.6555451719558237,0.3957791860700736,1.3718130476426595,2.074106108484496,-0.4968182851566219,1.2565357685089111,,,
dancnet:ll,0298_crew_babble,crew_babble,5.0,1.203738808631897,0.6756147366399138,0.5296063450630155,4.83623739210237,4.9227899225587795,3.86428963487723,1.834498167037964,,,
dancnet:ll,0299_crew_babble,crew_babble,10.0,1.607158899307251,0.9006311743096552,0.7919171657961904,10.498296077462683,10.415178711355646,8.030003653993177,2.3238425254821777,,,
dancnet:ll,0300_long_stream,long_stream,5.0,2.1585633754730225,0.9120138821545454,0.814565705171559,12.299829758500245,11.885983104085224,8.890040696861314,2.8800816535949707,,,
dancnet:ll,0301_long_stream,long_stream,5.0,2.3712494373321533,0.926729613130329,0.8492951900800767,12.016345606688764,11.86872785721114,8.436934065695478,2.9412951469421387,,,
dancnet:ll,0302_long_stream,long_stream,5.0,2.3539528846740723,0.9134073415362148,0.8351010028080281,12.035630702876125,11.88929270408763,7.345005582546712,3.048250675201416,,,
dancnet:ll,0303_long_stream,long_stream,5.0,2.32287859916687,0.9249641032356156,0.8518029824661278,10.216719439130909,10.320210256956768,6.997880405675346,3.0623419284820557,,,
dancnet:v3hq,0000_clip_heavy,clip_heavy,0.0,1.7428219318389893,0.9180211502542094,0.8136105501708757,6.8877978293726425,7.568502326087945,4.863197471176814,2.5603249073028564,,,
dancnet:v3hq,0001_clip_heavy,clip_heavy,5.0,1.4983785152435305,0.8284688196236302,0.6953819844494001,6.965518123385481,6.680295767858042,6.018738696339932,2.18623948097229,,,
dancnet:v3hq,0002_clip_heavy,clip_heavy,0.0,2.506981372833252,0.9696845019605148,0.9106127952020946,16.10352275093631,15.99518081473522,9.882595523206804,3.021200180053711,,,
dancnet:v3hq,0003_clip_heavy,clip_heavy,5.0,1.8499839305877688,0.8753602138192608,0.7169833138935304,10.820468202135851,10.93889985444671,6.783479407076244,2.7639689445495605,,,
dancnet:v3hq,0004_clip_heavy,clip_heavy,0.0,4.019108295440674,0.9667405342902272,0.9568705461959796,26.03833401692246,25.40731764861278,25.869100996547424,4.121148586273193,,,
dancnet:v3hq,0005_clip_heavy,clip_heavy,5.0,1.4906487464904783,0.8807864727565613,0.7279026555825191,7.451292318214669,7.182732547174221,4.946442260823885,2.263840913772583,,,
dancnet:v3hq,0006_clip_heavy,clip_heavy,0.0,2.7746028900146484,0.9811042430728342,0.9707599395925802,13.95562931817688,13.820081075923362,18.58777010225211,3.551825761795044,,,
dancnet:v3hq,0007_clip_heavy,clip_heavy,5.0,1.7947909832000732,0.8597892510163377,0.8010604425083337,6.854214033011891,7.102774448987436,5.144185153683113,2.6196165084838867,,,
dancnet:v3hq,0008_clip_heavy,clip_heavy,0.0,3.207127571105957,0.9856084059763888,0.9705529846420606,17.314674821189396,17.11778201342861,17.81998744276071,3.852317571640014,,,
dancnet:v3hq,0009_clip_heavy,clip_heavy,5.0,2.0425660610198975,0.9079362822484868,0.8046483735624459,10.862787814078803,11.03539351076418,7.967956757438734,2.967963218688965,,,
dancnet:v3hq,0010_clip_heavy,clip_heavy,0.0,1.4757026433944702,0.7961501382829324,0.6627706425362428,6.269453275666478,6.85668142577847,7.448807632829752,1.9613828659057615,,,
dancnet:v3hq,0011_clip_heavy,clip_heavy,5.0,1.458259105682373,0.9191970814605892,0.7978585144073375,8.039224289065244,7.900290429721451,5.0474524362406745,2.8084051609039307,,,
dancnet:v3hq,0012_clip_heavy,clip_heavy,0.0,3.2632107734680176,0.9841739184342626,0.9571714658293128,15.512830972718486,15.50104077208333,7.362270340675673,3.756992816925049,,,
dancnet:v3hq,0013_clip_heavy,clip_heavy,5.0,2.4742953777313232,0.943247552910041,0.9186161836671092,9.496413385862224,9.444379309195206,6.657029944611051,3.2745747566223145,,,
dancnet:v3hq,0014_clip_heavy,clip_heavy,0.0,1.6356160640716553,0.9308607095965844,0.8104161559766819,7.645612618657297,8.326272067402831,6.095707574456936,2.2672715187072754,,,
dancnet:v3hq,0015_clip_heavy,clip_heavy,5.0,1.7907233238220217,0.916274296404092,0.7980915471868762,7.706211919375927,8.117688792909183,5.7751154068007216,2.7140979766845703,,,
dancnet:v3hq,0016_clip_heavy,clip_heavy,0.0,2.711777687072754,0.9263884862877892,0.8779249039063254,12.413130787124713,12.639537164032204,14.962263133908994,3.331900119781494,,,
dancnet:v3hq,0017_clip_heavy,clip_heavy,5.0,1.8300285339355469,0.91696850605319,0.7976083354027589,9.456270926813076,9.47336603268283,5.335661158316241,2.449349880218506,,,
dancnet:v3hq,0018_clip_heavy,clip_heavy,0.0,1.9244260787963867,0.931638948648131,0.8631906050822764,8.294247846198129,8.49237131928646,8.980419366751553,2.8907830715179443,,,
dancnet:v3hq,0019_clip_heavy,clip_heavy,5.0,2.604236602783203,0.9820631809581268,0.9649174486093992,16.625606346829787,16.32541240608081,14.376100779243789,3.702081203460694,,,
dancnet:v3hq,0020_clip_heavy,clip_heavy,0.0,2.1566011905670166,0.9050543537346064,0.8388086953074003,8.250047374470617,8.136075788634722,10.661382934297755,2.9346747398376465,,,
dancnet:v3hq,0021_clip_heavy,clip_heavy,5.0,2.089470386505127,0.955064966532998,0.8836177900049796,11.984866892158143,11.958367752007597,6.862163299434607,2.9155168533325195,,,
dancnet:v3hq,0022_clip_heavy,clip_heavy,0.0,4.110154151916504,0.9918560261443016,0.9846017734027092,22.545672807866293,22.349925948145565,26.62916222017964,4.1279988288879395,,,
dancnet:v3hq,0023_clip_heavy,clip_heavy,5.0,1.794305443763733,0.8428701709817047,0.7403655545003069,7.297566764225762,7.28356089863493,6.284920118433609,2.529979467391968,,,
dancnet:v3hq,0024_clip_heavy,clip_heavy,0.0,1.9411447048187256,0.8970329818502097,0.7858174331373812,9.86700992921775,10.196655693818084,9.439142178276164,2.558850049972534,,,
dancnet:v3hq,0025_clip_heavy,clip_heavy,5.0,1.969632625579834,0.9129916810983132,0.7937416861509882,9.755848183323012,10.180892597155456,8.231873299354726,2.903067827224731,,,
dancnet:v3hq,0026_clip_heavy,clip_heavy,0.0,1.5622198581695557,0.8207712162834117,0.6315791994334242,9.711826251636332,10.1347750071747,9.637235101928717,2.2252731323242188,,,
dancnet:v3hq,0027_clip_heavy,clip_heavy,5.0,1.7173542976379397,0.8982548042497869,0.7490016547399971,8.624459716469984,8.23587252478741,6.401740829029584,2.4348747730255127,,,
dancnet:v3hq,0028_clip_heavy,clip_heavy,0.0,1.7278289794921875,0.9535124641249264,0.921258437814223,14.165385350290308,14.185649798962526,10.77243749474847,3.24397611618042,,,
dancnet:v3hq,0029_clip_heavy,clip_heavy,5.0,1.595796823501587,0.918114941411922,0.851592179864385,13.026003971959367,13.022765831191965,8.9751051374566,2.2969954013824463,,,
dancnet:v3hq,0030_level_low,level_low,0.0,1.9144175052642824,0.8440748458227625,0.7077460711644221,10.830040718532832,10.832367694328855,4.98208753614347,2.336160898208618,,,
dancnet:v3hq,0031_level_low,level_low,5.0,2.1649038791656494,0.8909241581585533,0.7633346627238191,10.917173189207515,11.09581135122694,8.021932954662143,2.787386178970337,,,
dancnet:v3hq,0032_level_low,level_low,10.0,3.633856296539306,0.9912136378224934,0.9763917456708184,16.0201163324651,15.97516676619641,18.925943735576418,4.05214262008667,,,
dancnet:v3hq,0033_level_low,level_low,0.0,2.134492874145508,0.9307196697383652,0.8491880163664268,11.211202267239944,11.507333058414872,8.749369236316864,3.0544843673706055,,,
dancnet:v3hq,0034_level_low,level_low,5.0,2.1248228549957275,0.932988710896854,0.7568880072346449,12.896868969166157,12.583303391658047,6.225050742386251,2.967839479446411,,,
dancnet:v3hq,0035_level_low,level_low,10.0,2.881869077682495,0.9673788028604292,0.933646407803137,17.968469099227875,17.566840688232336,11.293302013997836,3.709397315979004,,,
dancnet:v3hq,0036_level_low,level_low,0.0,2.3518829345703125,0.9187143674509572,0.8033194949325828,11.96979719890275,12.142506532196366,9.537512107854722,3.411900520324707,,,
dancnet:v3hq,0037_level_low,level_low,5.0,2.9124507904052734,0.9425211001718636,0.8800863963644387,14.10831928007141,14.058524161702293,11.10443831787297,3.5882761478424072,,,
dancnet:v3hq,0038_level_low,level_low,10.0,2.1526899337768555,0.948226172870502,0.8594210008936279,16.51931274541644,16.072818951382203,10.21889223352341,2.801572561264038,,,
dancnet:v3hq,0039_level_low,level_low,0.0,3.042922019958496,0.9768198738307612,0.9270799865652288,12.922526916222832,13.030622758724306,9.961716721703349,3.875305652618408,,,
dancnet:v3hq,0040_level_low,level_low,5.0,2.2908363342285156,0.9399746880705392,0.8623503912870236,13.600229612454472,13.558763956077708,9.32992702512814,2.954369068145752,,,
dancnet:v3hq,0041_level_low,level_low,10.0,2.8418033123016357,0.93747908886228,0.8432656669307378,14.929859572783732,14.61379856578642,10.71546996112746,3.4350452423095703,,,
dancnet:v3hq,0042_level_low,level_low,0.0,2.015282154083252,0.8987237629377711,0.7704353650471922,9.97591919794226,10.021779371935962,4.022660746753984,2.896627902984619,,,
dancnet:v3hq,0043_level_low,level_low,5.0,2.8827953338623047,0.9121188690613704,0.8839490727045706,16.545146472179507,16.45510448570553,13.665664341520769,3.1253066062927246,,,
dancnet:v3hq,0044_level_low,level_low,10.0,3.042936325073242,0.9712186752621462,0.9138961022292452,17.50150735431766,17.25390064138674,14.11016876646886,3.5882811546325684,,,
dancnet:v3hq,0045_level_low,level_low,0.0,2.0135507583618164,0.7954669893293191,0.63538780400977,10.54835065426502,10.753598696094224,5.938689413301856,2.778141498565674,,,
dancnet:v3hq,0046_level_low,level_low,5.0,2.454459428787231,0.9540133918661704,0.8533070489527366,10.68626855110609,10.740909156805396,7.563025837461591,3.374099016189575,,,
dancnet:v3hq,0047_level_low,level_low,10.0,3.626023769378662,0.9036352458507484,0.8453881418733218,21.25811939825376,20.791447680709368,13.495931395488444,4.273617267608643,,,
dancnet:v3hq,0048_level_low,level_low,0.0,2.412701368331909,0.9795902590669991,0.9394094443747107,13.461878557004422,13.489678063490857,18.42839607339228,3.1832685470581055,,,
dancnet:v3hq,0049_level_low,level_low,5.0,2.173800468444824,0.8671423600394408,0.77547282393516,13.539645460568137,13.373006966028084,8.904375303431683,2.6770830154418945,,,
dancnet:v3hq,0050_level_low,level_low,10.0,2.8514368534088135,0.9550016611868988,0.8915116351816237,17.879898010620494,17.455263510405313,11.611502671035783,3.312779664993286,,,
dancnet:v3hq,0051_level_low,level_low,0.0,2.348708391189575,0.9762626552454452,0.8772039989679683,4.363219148447742,4.372825450240801,4.403316942434454,3.3165266513824463,,,
dancnet:v3hq,0052_level_low,level_low,5.0,1.4857836961746216,0.9718798699430437,0.888121644711466,12.93616213814911,12.71996266107195,6.390694234856697,2.6887643337249756,,,
dancnet:v3hq,0053_level_low,level_low,10.0,1.7990262508392334,0.8934523606279102,0.826277335685459,16.417140341936516,16.01067465311768,17.343402690622813,2.263920307159424,,,
dancnet:v3hq,0054_level_low,level_low,0.0,1.7104501724243164,0.797145524105101,0.599397072800849,8.617057811331936,8.980347770135124,3.963948113142165,2.1943228244781494,,,
dancnet:v3hq,0055_level_low,level_low,5.0,2.535412311553955,0.9120294598361772,0.8647512708967574,17.225684961912986,16.835687740055654,10.243482114661498,3.0176827907562256,,,
dancnet:v3hq,0056_level_low,level_low,10.0,4.220885753631592,0.9918970535819084,0.9866174090876566,23.851537889110407,23.282940752879163,24.94572711159104,4.298898696899414,,,
dancnet:v3hq,0057_level_low,level_low,0.0,1.727855920791626,0.8852054235493123,0.7361839387095881,8.547020899553145,8.658564246233498,4.687928123461324,2.4925129413604736,,,
dancnet:v3hq,0058_level_low,level_low,5.0,2.5638625621795654,0.8139274226781475,0.7025725368690087,13.731065330433962,13.73879748187904,8.22297816012822,3.4763967990875244,,,
dancnet:v3hq,0059_level_low,level_low,10.0,2.7066967487335205,0.9538700398128614,0.8912039256516053,13.696727976939338,13.79798876539191,10.947063454616442,3.573479652404785,,,
dancnet:v3hq,0060_level_high,level_high,5.0,1.9593703746795657,0.8966709000481901,0.7121064498914879,13.031990164732967,13.008455187482904,8.272118854566509,2.8294081687927246,,,
dancnet:v3hq,0061_level_high,level_high,10.0,3.466169834136963,0.9499044304658376,0.8911009591641219,16.78116932389298,16.59886286043257,15.685452084324888,3.643044948577881,,,
dancnet:v3hq,0062_level_high,level_high,5.0,2.8274006843566895,0.9651489725528436,0.8849999338847403,15.078787984206969,15.147485150816763,12.944427466671534,3.688000917434693,,,
dancnet:v3hq,0063_level_high,level_high,10.0,2.921485662460327,0.955951816085108,0.8857400676925918,16.753949032880463,16.331976189511785,12.219307800496054,3.544032573699951,,,
dancnet:v3hq,0064_level_high,level_high,5.0,2.400698184967041,0.947743691526105,0.855899445133569,11.643658549692258,11.72687318806304,5.764991686902595,3.6260979175567623,,,
dancnet:v3hq,0065_level_high,level_high,10.0,3.0437982082366943,0.9236178352799488,0.8379374820939994,19.924477051433502,18.466667516433784,11.229774572909694,3.692655086517334,,,
dancnet:v3hq,0066_level_high,level_high,5.0,2.482858180999756,0.9038262289120748,0.814950966787532,12.844857085847242,12.890100174007411,9.879469089332265,3.3315675258636475,,,
dancnet:v3hq,0067_level_high,level_high,10.0,2.4286210536956787,0.9606975188297934,0.9075225231240376,16.31485064870377,16.03406546479939,7.514365160486644,3.309018850326538,,,
dancnet:v3hq,0068_level_high,level_high,5.0,2.479109764099121,0.8785864437970775,0.7331115175067594,12.662658821566218,12.664467733065145,7.677991744671544,3.2118818759918213,,,
dancnet:v3hq,0069_level_high,level_high,10.0,2.9704701900482178,0.9740914866918634,0.899875498808099,16.553547212384824,15.940208758641727,10.02974702929252,3.5889999866485596,,,
dancnet:v3hq,0070_level_high,level_high,5.0,2.3664567470550537,0.964886833648476,0.8897799687390269,20.07292517685596,19.736549329268044,13.187259051744602,3.115639925003052,,,
dancnet:v3hq,0071_level_high,level_high,10.0,2.882505178451538,0.966582409280846,0.8934333346307137,19.19728811861992,18.69519880649116,11.232000837140344,3.549839973449707,,,
dancnet:v3hq,0072_level_high,level_high,5.0,2.251852035522461,0.9429579166785298,0.8564908234388325,13.593940927954474,13.260353215573248,7.496873110380342,2.850849151611328,,,
dancnet:v3hq,0073_level_high,level_high,10.0,2.5745482444763184,0.9488482267273732,0.8776365114135324,15.337619678282447,15.112714706426225,10.15247914042961,3.0501720905303955,,,
dancnet:v3hq,0074_level_high,level_high,5.0,2.8497426509857178,0.97609145761088,0.9157015805556108,13.350365993652764,13.446402444030907,10.740877442905504,3.430821657180786,,,
dancnet:v3hq,0075_level_high,level_high,10.0,3.206164598464966,0.973603128186893,0.9397661269215593,19.747198196882728,19.108245597815326,12.041642875851617,3.54996919631958,,,
dancnet:v3hq,0076_level_high,level_high,5.0,2.127873659133911,0.911176659913467,0.8413067860528927,12.122157980098644,12.322987610738116,9.235354484745296,2.5688984394073486,,,
dancnet:v3hq,0077_level_high,level_high,10.0,4.199465274810791,0.9877448735265726,0.9597878340755316,23.84448551234772,23.47228367310819,20.793909763638272,4.229447841644287,,,
dancnet:v3hq,0078_level_high,level_high,5.0,3.0376620292663574,0.9506296440638105,0.8837159414635046,12.933891063120557,13.079404877414031,15.164916026906669,3.497481107711792,,,
dancnet:v3hq,0079_level_high,level_high,10.0,2.0436065196990967,0.9554433655165,0.9075190507716504,15.17748687957895,15.012619747324692,9.460779205020703,2.670980930328369,,,
dancnet:v3hq,0080_level_high,level_high,5.0,2.0903513431549072,0.9400622227230568,0.8395100609526532,12.756999929562603,12.701758194330576,7.579981272620665,2.8225135803222656,,,
dancnet:v3hq,0081_level_high,level_high,10.0,2.279670000076294,0.9473265359568084,0.8604087942229911,16.674689326323286,16.397313260571018,9.123028750903591,3.1775171756744385,,,
dancnet:v3hq,0082_level_high,level_high,5.0,3.600493907928467,0.9751488757911624,0.936468867280168,17.285019883187342,17.141132803116903,13.675802739017424,4.057843208312988,,,
dancnet:v3hq,0083_level_high,level_high,10.0,2.59610366821289,0.9721265163499272,0.9170821761077836,16.941575363077998,16.47204520234164,9.903618605179611,3.2172603607177734,,,
dancnet:v3hq,0084_level_high,level_high,5.0,2.1811816692352295,0.8834694696621185,0.7233133397466449,11.913646406439252,11.81922681115034,6.868593634833704,3.00400710105896,,,
dancnet:v3hq,0085_level_high,level_high,10.0,2.8995814323425293,0.97765304160018,0.9578043697904652,16.4296234148811,16.029181776511823,13.924929740937005,3.5604159832000732,,,
dancnet:v3hq,0086_level_high,level_high,5.0,2.5958094596862793,0.9789322306299576,0.9375585522122184,12.011412853410086,12.22577312332893,11.945255964333862,3.470341920852661,,,
dancnet:v3hq,0087_level_high,level_high,10.0,2.781742572784424,0.9757610000950114,0.910763391228078,16.039399458642333,15.557066844236378,12.174276557083882,3.32410192489624,,,
dancnet:v3hq,0088_level_high,level_high,5.0,2.1168324947357178,0.90869763321429,0.8155720422409501,8.669277366545986,9.10273024351372,6.54270623221949,2.8962652683258057,,,
dancnet:v3hq,0089_level_high,level_high,10.0,2.714158058166504,0.9582012325130674,0.8902943446754159,15.731275273067716,15.584780302619471,8.938760337253944,3.4507224559783936,,,
dancnet:v3hq,0090_reverb_cabin,reverb_cabin,5.0,3.534555673599243,0.993397921359621,0.9817286803198656,24.907827890969948,23.577684522471618,11.073870905975346,4.1296916007995605,,,
dancnet:v3hq,0091_reverb_cabin,reverb_cabin,10.0,2.964036464691162,0.9797126587254632,0.940155709431094,16.901739594490294,16.5790796947568,8.765313539933661,3.722797155380249,,,
dancnet:v3hq,0092_reverb_cabin,reverb_cabin,5.0,1.4344418048858645,0.8856195160111535,0.7575728825549441,7.103377010567209,7.287523897734402,4.562495297591999,2.119027614593506,,,
dancnet:v3hq,0093_reverb_cabin,reverb_cabin,10.0,2.0621602535247803,0.8708282627904116,0.7525301091814542,14.309309292978302,14.143771750393256,9.627351383702052,2.9572842121124268,,,
dancnet:v3hq,0094_reverb_cabin,reverb_cabin,5.0,1.1818405389785769,0.7692048600667031,0.5706603492734398,2.743804054375007,4.168312519076794,2.490226803274347,1.639915943145752,,,
dancnet:v3hq,0095_reverb_cabin,reverb_cabin,10.0,1.413576602935791,0.8131499299784176,0.6086206967060583,5.0175096029440835,5.527682072700122,2.6037407462636035,2.3176915645599365,,,
dancnet:v3hq,0096_reverb_cabin,reverb_cabin,5.0,1.3663935661315918,0.8041776438726316,0.563591631417586,5.227396808232948,6.05927314052667,2.8098422637375777,2.279531478881836,,,
dancnet:v3hq,0097_reverb_cabin,reverb_cabin,10.0,1.3095817565917969,0.8122279059233954,0.6337156073570606,1.8290799122108687,2.0178984826834467,0.3178611287243792,1.709968090057373,,,
dancnet:v3hq,0098_reverb_cabin,reverb_cabin,5.0,2.021538496017456,0.9256334915453522,0.8439365947177153,13.440717659360732,13.40898893138636,9.49076102357524,3.2722690105438232,,,
dancnet:v3hq,0099_reverb_cabin,reverb_cabin,10.0,3.6326870918273926,0.9771903288955244,0.9387100974446568,16.765952321823768,16.68003470624794,12.707373929069156,3.838377714157105,,,
dancnet:v3hq,0100_reverb_cabin,reverb_cabin,5.0,1.4471104145050049,0.8384481894023011,0.5795083022231811,4.222356750125442,4.562867605347487,-1.621506842489142,2.0711686611175537,,,
dancnet:v3hq,0101_reverb_cabin,reverb_cabin,10.0,3.2003066539764404,0.9682105299046366,0.8867265822899401,18.341146302116627,17.919545285179126,10.750331612509088,3.763064384460449,,,
dancnet:v3hq,0102_reverb_cabin,reverb_cabin,5.0,1.5246915817260742,0.8324262121274392,0.6700813184762967,4.05326063994541,4.782808120126254,3.565570104740398,2.3894429206848145,,,
dancnet:v3hq,0103_reverb_cabin,reverb_cabin,10.0,1.3114244937896729,0.7504950230773698,0.5599602973420528,1.064325763640183,1.882290149521588,1.4352485228613132,2.040570020675659,,,
dancnet:v3hq,0104_reverb_cabin,reverb_cabin,5.0,1.872868895530701,0.7633729858456015,0.5512495134469022,6.275918580897805,7.075301684103312,3.7130562715982234,2.6224865913391113,,,
dancnet:v3hq,0105_reverb_cabin,reverb_cabin,10.0,1.9153523445129397,0.924375681184066,0.8352796359865907,12.833223253586922,12.77995662260656,6.437676701711748,3.0143051147460938,,,
dancnet:v3hq,0106_reverb_cabin,reverb_cabin,5.0,1.8455212116241455,0.8531401456766855,0.6083872413060849,9.781074442134818,9.87952487432748,3.4868500191486524,2.916468381881714,,,
dancnet:v3hq,0107_reverb_cabin,reverb_cabin,10.0,2.3978981971740723,0.9627564963187728,0.9030645974028508,14.400460162457254,14.23424009574646,9.029567671698986,3.4810631275177,,,
dancnet:v3hq,0108_reverb_cabin,reverb_cabin,5.0,1.6402983665466309,0.8390298633493062,0.6794619648730854,5.719445258989876,5.953699684482268,2.7818490891725416,2.4440832138061523,,,
dancnet:v3hq,0109_reverb_cabin,reverb_cabin,10.0,2.1074211597442627,0.9191240685238896,0.8507416293691608,10.470222508992077,10.814568558676086,6.664971117926348,2.544302463531494,,,
dancnet:v3hq,0110_reverb_cabin,reverb_cabin,5.0,2.432764768600464,0.9659500490037908,0.901325776379112,12.996439297515112,12.926649637733952,7.5473387801328,2.865107774734497,,,
dancnet:v3hq,0111_reverb_cabin,reverb_cabin,10.0,1.753098964691162,0.8787322388014711,0.7568469663746562,12.601404374247736,12.615295422006872,6.555069145775719,2.256511926651001,,,
dancnet:v3hq,0112_reverb_cabin,reverb_cabin,5.0,2.270433187484741,0.9214854968033726,0.7950154896897607,11.636022312523298,11.75722076677317,4.995592139582458,3.1252188682556152,,,
dancnet:v3hq,0113_reverb_cabin,reverb_cabin,10.0,2.189030885696411,0.953910902806182,0.8937818662514921,15.140432365304893,14.785300495755536,7.707401450763835,3.219423532485962,,,
dancnet:v3hq,0114_reverb_cabin,reverb_cabin,5.0,1.3342303037643433,0.7433237685412474,0.5353528024868844,4.991081249768175,4.567583639984377,1.5604220379006335,1.9975719451904297,,,
dancnet:v3hq,0115_reverb_cabin,reverb_cabin,10.0,3.05682635307312,0.966203001497507,0.9097049139306836,14.623003370370958,14.426770538864336,8.898431216071902,3.6606056690216064,,,
dancnet:v3hq,0116_reverb_cabin,reverb_cabin,5.0,1.9310736656188965,0.9164477241996476,0.7942773041621678,12.971563569927318,12.799884199717557,2.527212510567206,2.4494407176971436,,,
dancnet:v3hq,0117_reverb_cabin,reverb_cabin,10.0,3.349325895309448,0.9613841828440663,0.9239722351924808,16.51981712716798,16.571805208161308,15.226663596172664,3.678537130355835,,,
dancnet:v3hq,0118_reverb_cabin,reverb_cabin,5.0,2.619344711303711,0.9386135695234844,0.8408856686186756,12.825547454749827,12.73931788292051,8.892539033787282,3.112488269805908,,,
dancnet:v3hq,0119_reverb_cabin,reverb_cabin,10.0,1.2518866062164309,0.6253702826018316,0.4587748912704996,0.1731259523746958,3.0926822388939157,2.547599579157203,1.6557793617248535,,,
dancnet:v3hq,0120_radio_band,radio_band,5.0,2.2535696029663086,0.9358696727813351,0.8700716199400552,11.809029368188371,11.853669808582534,6.534674332369101,2.694103240966797,,,
dancnet:v3hq,0121_radio_band,radio_band,10.0,1.9216692447662351,0.9349057628643788,0.8711724906998585,13.51240930337724,13.567265199058216,5.954214393848231,2.446295738220215,,,
dancnet:v3hq,0122_radio_band,radio_band,5.0,3.7155916690826416,0.983914102977112,0.960345316239155,11.767275055311284,11.96106379361585,16.19106201150548,3.9437103271484375,,,
dancnet:v3hq,0123_radio_band,radio_band,10.0,3.019505023956299,0.9576783727941032,0.8993917326763803,16.194907491361853,16.003447400752215,11.23972157804636,3.30814790725708,,,
dancnet:v3hq,0124_radio_band,radio_band,5.0,2.2696280479431152,0.9268478036156396,0.81183698599729,12.208560707056597,12.228474501233675,3.3476728017113606,2.5148122310638428,,,
dancnet:v3hq,0125_radio_band,radio_band,10.0,3.4946532249450684,0.9609607339950492,0.9166488458881492,20.615396606834945,20.201179185276835,13.3255218973327,3.7837746143341064,,,
dancnet:v3hq,0126_radio_band,radio_band,5.0,2.488630771636963,0.9318768114827702,0.8558058109599647,14.74948696866118,14.637819936750605,6.621826294889072,2.643462657928467,,,
dancnet:v3hq,0127_radio_band,radio_band,10.0,2.840079545974731,0.9637218662957228,0.919453017947427,15.17269895719128,14.992357017652392,10.019546556875037,3.197242975234986,,,
dancnet:v3hq,0128_radio_band,radio_band,5.0,2.568422794342041,0.8973706248355712,0.7184636199673259,13.440733001102528,13.39262849183834,5.979645620181306,3.00335431098938,,,
dancnet:v3hq,0129_radio_band,radio_band,10.0,2.6273813247680664,0.9605553606554575,0.9028174525436896,15.845883137873338,15.571953668747952,9.949462473390822,3.005892038345337,,,
dancnet:v3hq,0130_radio_band,radio_band,5.0,3.9703407287597656,0.98180661338322,0.9731954046967242,23.15199468800121,22.895771996912337,29.249775846909845,3.990766048431397,,,
dancnet:v3hq,0131_radio_band,radio_band,10.0,2.4144856929779053,0.963537642240412,0.9194059675642796,14.01606774324998,14.012945868120504,8.608519258989284,2.5125083923339844,,,
dancnet:v3hq,0132_radio_band,radio_band,5.0,3.81294322013855,0.9980091871434692,0.9881486057405088,27.37710085185164,26.067777657569437,16.63607201273009,4.0554633140563965,,,
dancnet:v3hq,0133_radio_band,radio_band,10.0,2.424529552459717,0.941182311692036,0.8551640429816815,15.940428283071812,15.630470119868692,5.457985502169488,2.861370325088501,,,
dancnet:v3hq,0134_radio_band,radio_band,5.0,3.3572587966918945,0.9781488659506328,0.9172980603901074,16.66593497092616,16.44540131894068,13.26203696459756,3.643352031707764,,,
dancnet:v3hq,0135_radio_band,radio_band,10.0,2.494286060333252,0.9375494783437336,0.8036714215119192,15.884521223605212,15.771472007892305,7.762595827290403,3.012202501296997,,,
dancnet:v3hq,0136_radio_band,radio_band,5.0,1.940664768218994,0.924048711192944,0.8031397245779571,12.21165408220578,12.255681680360484,4.566189655898557,2.4909236431121826,,,
dancnet:v3hq,0137_radio_band,radio_band,10.0,2.612189769744873,0.9631823378461704,0.8676979829525833,17.378360149702125,17.22598146457604,4.409267480364127,2.958510160446167,,,
dancnet:v3hq,0138_radio_band,radio_band,5.0,4.2538533210754395,0.9967592135851276,0.9913077043568184,27.74107858030431,26.570208963628566,28.203474051994412,4.2974724769592285,,,
dancnet:v3hq,0139_radio_band,radio_band,10.0,2.5552666187286377,0.964636351765574,0.893912632420026,17.58944744164028,17.157518950237996,10.362790830283627,2.899725437164306,,,
dancnet:v3hq,0140_radio_band,radio_band,5.0,2.42511248588562,0.8730579769790504,0.7549781871416082,14.268688579189446,14.21713943178598,5.779847849491383,2.8353140354156494,,,
dancnet:v3hq,0141_radio_band,radio_band,10.0,2.6606884002685547,0.9758131293381714,0.9282100359516572,21.30853980469785,20.99920169795087,14.532213680085096,3.07187819480896,,,
dancnet:v3hq,0142_radio_band,radio_band,5.0,2.294351816177368,0.9430024280681504,0.9056236531588276,14.858814764643771,14.859699790405733,11.240733458234532,2.8746278285980225,,,
dancnet:v3hq,0143_radio_band,radio_band,10.0,2.9030511379241943,0.9601267126106068,0.906588092635618,19.33816594378567,19.175439930546123,11.621505142263624,3.3196475505828857,,,
dancnet:v3hq,0144_radio_band,radio_band,5.0,1.847909688949585,0.8811562389801051,0.8343649361929092,16.33992064834438,16.143714729591643,10.21180993706682,2.3009233474731445,,,
dancnet:v3hq,0145_radio_band,radio_band,10.0,2.8277711868286133,0.9502411683110156,0.8915287182919702,18.11713711506128,17.875490057574005,10.658217063945935,3.181015729904175,,,
dancnet:v3hq,0146_radio_band,radio_band,5.0,2.417189598083496,0.9394902857196628,0.8866580980214407,13.753552892686947,13.855175975824022,11.378350895950238,3.0052454471588135,,,
dancnet:v3hq,0147_radio_band,radio_band,10.0,2.5054659843444824,0.9173854168200348,0.8254753522446185,15.89482305259298,15.853676787343977,6.936627491415059,2.89863920211792,,,
dancnet:v3hq,0148_radio_band,radio_band,5.0,2.5526187419891357,0.9343072971180368,0.8458605998607455,12.965616920270572,13.032235606139109,6.720629389755245,2.875729560852051,,,
dancnet:v3hq,0149_radio_band,radio_band,10.0,3.2890877723693848,0.9661594562395605,0.9081783898251832,18.34975505795905,18.113664877796232,15.877407451763792,3.5411946773529053,,,
dancnet:v3hq,0150_noise_only,noise_only,,,,,,,,,36.61309814453125,,
dancnet:v3hq,0151_noise_only,noise_only,,,,,,,,,39.409385681152344,,
dancnet:v3hq,0152_noise_only,noise_only,,,,,,,,,39.08503341674805,,
dancnet:v3hq,0153_noise_only,noise_only,,,,,,,,,52.85651779174805,,
dancnet:v3hq,0154_noise_only,noise_only,,,,,,,,,28.5048828125,,
dancnet:v3hq,0155_noise_only,noise_only,,,,,,,,,49.714324951171875,,
dancnet:v3hq,0156_noise_only,noise_only,,,,,,,,,49.1569938659668,,
dancnet:v3hq,0157_noise_only,noise_only,,,,,,,,,20.957944869995117,,
dancnet:v3hq,0158_noise_only,noise_only,,,,,,,,,49.30229568481445,,
dancnet:v3hq,0159_noise_only,noise_only,,,,,,,,,39.089962005615234,,
dancnet:v3hq,0160_noise_only,noise_only,,,,,,,,,31.153562545776367,,
dancnet:v3hq,0161_noise_only,noise_only,,,,,,,,,37.917930603027344,,
dancnet:v3hq,0162_noise_only,noise_only,,,,,,,,,55.79991149902344,,
dancnet:v3hq,0163_noise_only,noise_only,,,,,,,,,59.44910430908203,,
dancnet:v3hq,0164_noise_only,noise_only,,,,,,,,,27.700166702270508,,
dancnet:v3hq,0165_noise_only,noise_only,,,,,,,,,53.127197265625,,
dancnet:v3hq,0166_noise_only,noise_only,,,,,,,,,54.753360748291016,,
dancnet:v3hq,0167_noise_only,noise_only,,,,,,,,,51.88545227050781,,
dancnet:v3hq,0168_noise_only,noise_only,,,,,,,,,42.476593017578125,,
dancnet:v3hq,0169_noise_only,noise_only,,,,,,,,,26.85732078552246,,
dancnet:v3hq,0170_noise_only,noise_only,,,,,,,,,20.60909080505371,,
dancnet:v3hq,0171_noise_only,noise_only,,,,,,,,,29.31764793395996,,
dancnet:v3hq,0172_noise_only,noise_only,,,,,,,,,31.200607299804688,,
dancnet:v3hq,0173_noise_only,noise_only,,,,,,,,,50.223392486572266,,
dancnet:v3hq,0174_noise_only,noise_only,,,,,,,,,48.79624938964844,,
dancnet:v3hq,0175_noise_only,noise_only,,,,,,,,,54.97843933105469,,
dancnet:v3hq,0176_noise_only,noise_only,,,,,,,,,53.99223327636719,,
dancnet:v3hq,0177_noise_only,noise_only,,,,,,,,,42.61478805541992,,
dancnet:v3hq,0178_noise_only,noise_only,,,,,,,,,28.47374725341797,,
dancnet:v3hq,0179_noise_only,noise_only,,,,,,,,,55.492881774902344,,
dancnet:v3hq,0180_post_blast,post_blast,15.0,2.118805170059204,0.928830099354406,0.8803103661366803,12.17202522995734,12.27012727558015,10.48991070836686,2.9717650413513184,,0.840241090958969,1.5345944166183472
dancnet:v3hq,0181_post_blast,post_blast,15.0,1.5286768674850464,0.95500708484161,0.9189763007615264,14.73211573410462,14.5333104052924,11.757009530805558,3.239340305328369,,0.9194432897440348,1.2754449844360352
dancnet:v3hq,0182_post_blast,post_blast,15.0,2.1284093856811523,0.920566352103244,0.8127488191963367,11.99251048910417,12.099362415506514,6.5808293559067685,2.826871395111084,,0.9885756262534232,2.589509963989258
dancnet:v3hq,0183_post_blast,post_blast,15.0,1.792966604232788,0.9328690773660532,0.8419099978829082,9.647280393421836,10.063497428902274,7.48655718787758,2.773488759994507,,0.9032129251874348,1.343886375427246
dancnet:v3hq,0184_post_blast,post_blast,15.0,2.51884388923645,0.970864328962253,0.9052219071902812,14.69207318646429,14.55916883663809,9.557007425031667,3.3774302005767822,,0.9892924300998486,2.650571584701538
dancnet:v3hq,0185_post_blast,post_blast,15.0,2.8329544067382812,0.8876297569428492,0.7538423756858016,17.649966562284867,17.391738316209427,9.786370270048735,3.464097023010254,,0.4142962055946197,1.088785171508789
dancnet:v3hq,0186_post_blast,post_blast,15.0,2.3490347862243652,0.8991299003830289,0.7975221928084798,9.951505719558009,10.219061556846484,6.657927419075821,3.067239999771118,,0.9242095331747794,2.706296443939209
dancnet:v3hq,0187_post_blast,post_blast,15.0,3.0968706607818604,0.9484683394872238,0.904591575562234,11.65293143713548,11.648004781858852,13.926246801379875,3.6397550106048584,,0.8387102481403522,1.9476231336593628
dancnet:v3hq,0188_post_blast,post_blast,15.0,1.933575987815857,0.9406314954835352,0.8390013409410582,8.10558070035238,8.565573745231397,7.899626701062183,2.9916489124298096,,0.9759383952127878,2.264118909835815
dancnet:v3hq,0189_post_blast,post_blast,15.0,1.2748287916183472,0.7910215123209289,0.6508104082276505,4.873043942586087,6.001652174555713,7.707827522297947,2.0436596870422363,,0.8866084576111488,1.5909631252288818
dancnet:v3hq,0190_post_blast,post_blast,15.0,2.6745855808258057,0.9443926598835672,0.8965090690404995,15.983279258727732,15.689133081690349,10.56566106084733,3.622661590576172,,0.89413419339466,1.9562811851501465
dancnet:v3hq,0191_post_blast,post_blast,15.0,2.1653220653533936,0.9436675918440942,0.8313226341983236,9.205191634976028,9.61987628683726,5.908880222702154,3.151920795440674,,0.8756836057619812,1.4810439348220823
dancnet:v3hq,0192_post_blast,post_blast,15.0,1.885969161987305,0.8564621105866911,0.7598471206183699,11.473477112443382,11.411922001567822,7.765391245374024,2.611661434173584,,0.9665797213387242,2.108088254928589
dancnet:v3hq,0193_post_blast,post_blast,15.0,1.2619450092315674,0.9195995402264612,0.8213762555534476,11.91792665594747,12.045485257742394,10.241229413465335,3.370734691619873,,0.7758849019103418,1.384342908859253
dancnet:v3hq,0194_post_blast,post_blast,15.0,2.684802293777466,0.9338710930477436,0.8320115839324399,16.831363940215034,16.266754489635996,7.076001631600765,3.187272310256958,,0.9421530658585942,2.930690288543701
dancnet:v3hq,0195_post_blast,post_blast,15.0,1.9061630964279177,0.944285747443002,0.8581392088310246,4.827263143116526,5.752541954977129,6.181153068027147,3.2588000297546387,,0.9546484271769036,2.1843762397766113
dancnet:v3hq,0196_post_blast,post_blast,15.0,2.288666009902954,0.890551743298097,0.7795497299099267,12.19104401909162,12.17074405946708,12.192107532789958,2.9421117305755615,,0.9210797850917822,2.499854564666748
dancnet:v3hq,0197_post_blast,post_blast,15.0,1.910569190979004,0.7987259729921994,0.670043658275116,5.038004489797928,6.221532326375964,5.51311666386749,2.674703359603882,,0.4655670805944744,1.3922126293182373
dancnet:v3hq,0198_post_blast,post_blast,15.0,1.6923620700836182,0.9105965345747138,0.8319399446367156,8.69328618009275,9.155573978203712,9.588507228450707,2.5667457580566406,,0.9431343484265048,2.2032997608184814
dancnet:v3hq,0199_post_blast,post_blast,15.0,1.8725942373275757,0.9368401023480584,0.8831676648980438,12.07955565927868,11.972181063830863,8.139084188518325,2.577256679534912,,1e-05,
dancnet:v3hq,0200_post_blast,post_blast,15.0,2.0857293605804443,0.8470251005713838,0.7232891951101211,13.435804413829068,13.48794557296716,11.914905186384292,2.9231696128845215,,0.9750738756600206,3.305473566055298
dancnet:v3hq,0201_post_blast,post_blast,15.0,2.087729215621948,0.8791897684680572,0.6621509119246093,11.49238773417165,11.449969349052855,7.8472677647541085,2.942492723464966,,0.8449363902035555,2.093641996383667
dancnet:v3hq,0202_post_blast,post_blast,15.0,2.7782506942749023,0.9395144881582984,0.8290300660718198,12.79624510705263,12.901328093713778,9.927826542335458,3.4148716926574707,,0.9402835316455984,2.662816047668457
dancnet:v3hq,0203_post_blast,post_blast,15.0,2.5797581672668457,0.9603745033253516,0.9236822565839836,14.447688769692707,14.41927593508608,14.416166021449063,3.4291434288024902,,0.8946888322911816,1.9239287376403809
dancnet:v3hq,0204_post_blast,post_blast,15.0,2.1865549087524414,0.8499206559602772,0.7721726777874972,7.837339131034512,8.487421908898776,8.842407187465701,3.115994691848755,,0.928140582253732,2.08799409866333
dancnet:v3hq,0205_post_blast,post_blast,15.0,1.6697145700454712,0.8388071013038807,0.7565967679455275,14.212849858226198,14.00981456783586,9.356102085354964,3.301837205886841,,0.6755594122151929,1.568422555923462
dancnet:v3hq,0206_post_blast,post_blast,15.0,2.404275417327881,0.9563117238524708,0.9004870158449527,15.696828289784806,15.298125110442571,8.804096577435539,3.2750000953674316,,0.9160802683524024,2.4147419929504395
dancnet:v3hq,0207_post_blast,post_blast,15.0,1.8218979835510256,0.8765612128545127,0.7600944513236019,10.315041921947618,10.457310503228852,8.477890919763908,2.524517297744751,,0.8387191291319424,1.886667251586914
dancnet:v3hq,0208_post_blast,post_blast,15.0,2.210686206817627,0.9237749496587392,0.8440227945832275,11.76023547486077,11.86752773090226,11.376963923657502,3.0627987384796143,,0.8442037335053001,1.7311925888061523
dancnet:v3hq,0209_post_blast,post_blast,15.0,2.0770137310028076,0.9526423842415336,0.9013196311296052,10.129749521105518,10.280653480194864,11.235281447606337,2.764683723449707,,0.8982783813245554,1.6460320949554443
dancnet:v3hq,0210_noise_switch,noise_switch,0.0,1.888664960861206,0.8879430003786776,0.7138018040687334,10.834425879030968,10.887345464023374,5.748259634701051,2.620232105255127,,,
dancnet:v3hq,0211_noise_switch,noise_switch,5.0,2.0130741596221924,0.9181388485798349,0.817845562001623,13.042487939134542,12.956011780522994,6.585991479817192,2.6243367195129395,,,
dancnet:v3hq,0212_noise_switch,noise_switch,0.0,2.044421672821045,0.8957498890519137,0.7781430339539507,12.30573631764852,12.337661303958711,7.936075806029342,2.6734113693237305,,,
dancnet:v3hq,0213_noise_switch,noise_switch,5.0,1.9995744228363037,0.940643609215474,0.8017447934292745,12.540551756276358,12.42922069938643,7.238991042820357,2.9360554218292236,,,
dancnet:v3hq,0214_noise_switch,noise_switch,0.0,1.4921032190322876,0.8520529173616559,0.7600853940585027,12.04583368486654,11.884389842054466,4.347996845726235,1.9377789497375488,,,
dancnet:v3hq,0215_noise_switch,noise_switch,5.0,2.219996929168701,0.9564844906978864,0.8819173098253161,13.870300474445909,13.637000713950057,8.932499601867871,2.932605743408203,,,
dancnet:v3hq,0216_noise_switch,noise_switch,0.0,1.870246648788452,0.6942881446737724,0.6085565058874668,11.631084146259976,11.461825038471105,6.2158303506449055,2.747690200805664,,,
dancnet:v3hq,0217_noise_switch,noise_switch,5.0,2.170324325561523,0.9034802116962096,0.7974604048409115,11.77128640557191,11.64601734865972,7.991747131635015,2.832244873046875,,,
dancnet:v3hq,0218_noise_switch,noise_switch,0.0,1.8418917655944824,0.8713042967848802,0.6979490741985338,8.848527840578011,9.120733731313514,4.578026036207595,2.5101940631866455,,,
dancnet:v3hq,0219_noise_switch,noise_switch,5.0,2.435469150543213,0.9626403174577948,0.8921280158572246,13.696408245338692,13.601743817171442,8.905883244799014,3.203021287918091,,,
dancnet:v3hq,0220_noise_switch,noise_switch,0.0,1.1923000812530518,0.9001393715231083,0.7400727501414291,8.595047144304486,8.99282642011596,5.757276010865352,2.7804901599884033,,,
dancnet:v3hq,0221_noise_switch,noise_switch,5.0,1.8623127937316897,0.8997296172679946,0.7586997774999948,12.661300329284986,12.264942280700598,7.574928934812592,3.1367897987365723,,,
dancnet:v3hq,0222_noise_switch,noise_switch,0.0,2.3816378116607666,0.92263419376143,0.8577701448376192,12.228812120478212,12.225026923938556,10.53280630563192,2.8920397758483887,,,
dancnet:v3hq,0223_noise_switch,noise_switch,5.0,2.2929859161376953,0.933934727096463,0.8608064501453458,13.029209614077317,13.015926845246842,7.423677863457496,2.7574918270111084,,,
dancnet:v3hq,0224_noise_switch,noise_switch,0.0,2.240928888320923,0.9419776678684514,0.8790871033948636,6.347066543302059,6.89874001982854,9.238054722066936,3.3154561519622803,,,
dancnet:v3hq,0225_noise_switch,noise_switch,5.0,2.388298749923706,0.9221318443039892,0.8304444589546601,12.0636712256486,12.058612758287948,8.081206590634272,2.83510684967041,,,
dancnet:v3hq,0226_noise_switch,noise_switch,0.0,1.9220300912857056,0.8591114985526933,0.73805370665732,9.916531604790574,10.016523225237725,7.320000426286682,2.5411057472229004,,,
dancnet:v3hq,0227_noise_switch,noise_switch,5.0,2.070709705352783,0.952432020898271,0.8346074996263877,12.67416268460588,12.592282280745817,7.669745701383099,3.009359359741211,,,
dancnet:v3hq,0228_noise_switch,noise_switch,0.0,1.8959437608718872,0.8893226491951108,0.7672737756142549,7.707130514973929,8.19402219049833,6.37461743607353,2.6096959114074707,,,
dancnet:v3hq,0229_noise_switch,noise_switch,5.0,2.7129228115081787,0.9630344089469488,0.8929941349978385,14.033873740990613,14.005246564719837,9.47632212443376,3.396205425262451,,,
dancnet:v3hq,0230_noise_switch,noise_switch,0.0,1.9799845218658447,0.8825990608051476,0.8095116185367239,10.536406567808026,10.70784543903954,7.875245294983666,2.962712287902832,,,
dancnet:v3hq,0231_noise_switch,noise_switch,5.0,2.856070756912231,0.9567074741989576,0.8828744637018404,14.118830060819963,13.847956542830852,11.455426000904534,3.386035203933716,,,
dancnet:v3hq,0232_noise_switch,noise_switch,0.0,1.635692834854126,0.8907858909817123,0.7788995046913025,7.857485525203157,8.360421341628872,5.810923435691297,2.424375295639038,,,
dancnet:v3hq,0233_noise_switch,noise_switch,5.0,2.418773651123047,0.9462535147484123,0.8781155051783294,12.988201869839898,12.935217597276988,10.83249343945029,2.9957661628723145,,,
dancnet:v3hq,0234_noise_switch,noise_switch,0.0,1.8094780445098877,0.8619760387165927,0.6994276723577689,8.73395327690954,8.933809402064263,5.762533956239824,2.4446239471435547,,,
dancnet:v3hq,0235_noise_switch,noise_switch,5.0,1.8169927597045896,0.837661719887183,0.7426827128820019,9.809859926207784,10.17763285294939,8.912310091129491,2.6173789501190186,,,
dancnet:v3hq,0236_noise_switch,noise_switch,0.0,1.9852787256240845,0.8999116460694312,0.8000951644846847,12.52286111832188,12.195058504217474,9.501925621701456,2.6229374408721924,,,
dancnet:v3hq,0237_noise_switch,noise_switch,5.0,2.571955919265747,0.9285867937237572,0.8504604650075706,11.939270250095134,11.827138540709257,5.208722166510098,3.1998305320739746,,,
dancnet:v3hq,0238_noise_switch,noise_switch,0.0,1.759296178817749,0.8843258608975091,0.7368595212796343,10.253736403122865,10.43188655819682,5.7220879924557675,2.577378511428833,,,
dancnet:v3hq,0239_noise_switch,noise_switch,5.0,2.4242806434631348,0.9235171900515852,0.7971081326084042,14.801405079708744,14.544767295051038,9.772921621221933,3.1376261711120605,,,
dancnet:v3hq,0240_hum400,hum400,0.0,2.5429580211639404,0.8323526530125829,0.7386690596956417,11.527877783172922,11.595605418256266,7.49529798920296,3.2791597843170166,,,
dancnet:v3hq,0241_hum400,hum400,5.0,2.7193784713745117,0.9706915310986792,0.9230305158284312,11.277069259467371,11.572415864821169,6.854668307053938,3.2112138271331787,,,
dancnet:v3hq,0242_hum400,hum400,0.0,2.216930627822876,0.923912442527434,0.8262352925667557,10.38593409501717,10.440187021072305,7.550478488768816,2.834542989730835,,,
dancnet:v3hq,0243_hum400,hum400,5.0,2.9154679775238037,0.97581712833628,0.9092769809574068,13.173184988098024,13.229012159957424,9.892535119100373,3.4916791915893555,,,
dancnet:v3hq,0244_hum400,hum400,0.0,2.104898452758789,0.932920223003289,0.8179555621872946,10.200477181882558,10.3325802330847,6.192608189821242,3.0693953037261963,,,
dancnet:v3hq,0245_hum400,hum400,5.0,2.923173189163208,0.9704972024262468,0.8972082045265307,14.879384241598446,14.251292029077858,6.285735267250697,3.45908260345459,,,
dancnet:v3hq,0246_hum400,hum400,0.0,2.043109655380249,0.9085287586625458,0.8500718643810377,7.732490506846361,8.252315799924952,5.0553974402654545,2.8423683643341064,,,
dancnet:v3hq,0247_hum400,hum400,5.0,2.6386914253234863,0.9525009694130004,0.9110490476916064,11.507922321636716,11.729452646526324,7.689527144782374,3.3329691886901855,,,
dancnet:v3hq,0248_hum400,hum400,0.0,2.4850313663482666,0.9024792234223546,0.7588504391620041,9.932018726434622,9.902112821670382,6.233939237572763,3.0711300373077393,,,
dancnet:v3hq,0249_hum400,hum400,5.0,2.8203859329223633,0.9556974122156084,0.8899768700963306,12.786296683399192,12.848509836385762,8.647694898351952,3.350832462310791,,,
dancnet:v3hq,0250_hum400,hum400,0.0,2.4054439067840576,0.9449784312750864,0.8497027068752149,11.148900972953404,11.081609986794396,6.859011643352313,3.2114551067352295,,,
dancnet:v3hq,0251_hum400,hum400,5.0,2.8024332523345947,0.9579946365579862,0.8806401141816602,14.855594931075755,14.705432042523949,8.263095821032518,3.548313617706299,,,
dancnet:v3hq,0252_hum400,hum400,0.0,2.2631003856658936,0.9554786833455114,0.8470468166894636,9.51751995416324,9.75694124923252,6.186402565855904,2.999227523803711,,,
dancnet:v3hq,0253_hum400,hum400,5.0,2.664031505584717,0.8648638592473695,0.6802658832791432,13.451976108625333,13.42724046948097,5.182185979311618,3.3000760078430176,,,
dancnet:v3hq,0254_hum400,hum400,0.0,2.0939362049102783,0.9339043391531144,0.8550877717591544,13.04865147380844,12.582467219756602,9.763832846703329,2.8026340007781982,,,
dancnet:v3hq,0255_hum400,hum400,5.0,2.4378678798675537,0.9529635046173864,0.917053715620266,12.890851397356249,12.8498150246987,4.825870236241253,3.2609293460845947,,,
dancnet:v3hq,0256_hum400,hum400,0.0,1.9978103637695312,0.9345077076307318,0.8699908406196372,10.68416269109015,10.906597208249313,8.073336801436604,2.691293716430664,,,
dancnet:v3hq,0257_hum400,hum400,5.0,2.4694199562072754,0.961138189134806,0.8845443054487607,12.353851121845222,12.444706125833353,5.498090692350274,3.1932053565979004,,,
dancnet:v3hq,0258_hum400,hum400,0.0,2.441279888153076,0.9508452067453544,0.8353987195347433,10.154893078195846,10.392035123692596,7.349099553617275,3.083721399307251,,,
dancnet:v3hq,0259_hum400,hum400,5.0,2.85339617729187,0.9585958850450956,0.9055050541698112,15.812011569871489,15.278585584318918,8.021245632694175,3.655705213546753,,,
dancnet:v3hq,0260_hum400,hum400,0.0,2.158196210861206,0.8942549237326345,0.8100200210088165,8.980459831738381,9.39146960463679,6.905320112206985,2.947216749191284,,,
dancnet:v3hq,0261_hum400,hum400,5.0,2.790123701095581,0.9527347320233112,0.8622169348171634,13.033354463097249,12.357001089291394,7.4976320242662355,3.3467037677764893,,,
dancnet:v3hq,0262_hum400,hum400,0.0,2.170398712158203,0.9267159517755278,0.8195526901573214,12.341880634681624,12.195522585800806,1.8585723648191157,2.740654706954956,,,
dancnet:v3hq,0263_hum400,hum400,5.0,2.7299203872680664,0.9584823177313913,0.9054052794463144,14.77673989667927,14.713248097936347,7.229265749569628,3.480774164199829,,,
dancnet:v3hq,0264_hum400,hum400,0.0,2.338659286499023,0.9361317942872084,0.8750552458127709,11.715827462251436,11.54696553998418,7.111348697597858,2.9805405139923096,,,
dancnet:v3hq,0265_hum400,hum400,5.0,3.099248170852661,0.9670574250026004,0.9376999063924178,14.688183686877386,14.519640635011084,9.578032401574673,3.564265251159668,,,
dancnet:v3hq,0266_hum400,hum400,0.0,2.3918066024780273,0.9291253789509454,0.8622788310102567,10.036227898090504,9.861485085637923,7.8059818149655955,3.056379556655884,,,
dancnet:v3hq,0267_hum400,hum400,5.0,2.5990355014801025,0.9618562546699642,0.9166660083533502,13.118721766545576,13.09691697103009,3.239063498414693,3.017249822616577,,,
dancnet:v3hq,0268_hum400,hum400,0.0,2.326693534851074,0.950391055627578,0.8696059385792556,10.422374889766871,10.419616773782586,7.691066540374979,2.8437089920043945,,,
dancnet:v3hq,0269_hum400,hum400,5.0,2.8349127769470215,0.9415165456990816,0.861948438296965,13.881260611198636,14.028723841497763,9.689011441431417,3.495978832244873,,,
dancnet:v3hq,0270_crew_babble,crew_babble,0.0,1.1606495380401611,0.6574286814232253,0.3713294579633288,-2.58761974648624,-1.715761372640504,-0.9220672323995028,1.5766950845718384,,,
dancnet:v3hq,0271_crew_babble,crew_babble,5.0,1.230705499649048,0.8340752004820055,0.6801207843741297,5.258503513067319,5.064922162815457,3.452034773564338,1.7324562072753906,,,
dancnet:v3hq,0272_crew_babble,crew_babble,10.0,1.3791718482971191,0.8915603825685585,0.7530337840547258,9.478335752002998,9.522604992842536,6.338788360053943,2.0375826358795166,,,
dancnet:v3hq,0273_crew_babble,crew_babble,0.0,1.0511690378189087,0.546858256167143,0.3641546566585103,-0.0680711222106188,0.4873680876161654,-0.7902684325044864,1.1829365491867063,,,
dancnet:v3hq,0274_crew_babble,crew_babble,5.0,1.0814054012298584,0.7455602170270753,0.6028586173615744,1.6820294439285743,2.1055101345832323,4.351288482186206,1.2481894493103027,,,
dancnet:v3hq,0275_crew_babble,crew_babble,10.0,1.416692137718201,0.8695069077882037,0.6937798415393378,9.477035181055031,9.246201650520469,3.768182991878265,2.109605073928833,,,
dancnet:v3hq,0276_crew_babble,crew_babble,0.0,1.1034561395645142,0.6590361502396862,0.4309360024440291,-1.5299296326016414,-0.4490363853190495,-1.9497726228846912,1.426157832145691,,,
dancnet:v3hq,0277_crew_babble,crew_babble,5.0,1.179646611213684,0.7918859997417954,0.5957137574008117,3.637217464900325,4.3325266235155455,3.4185031874335525,1.7596724033355713,,,
dancnet:v3hq,0278_crew_babble,crew_babble,10.0,1.3257005214691162,0.8013163177312742,0.6406921501659463,8.884738189484764,9.10803625633372,6.178434654746995,2.043550729751587,,,
dancnet:v3hq,0279_crew_babble,crew_babble,0.0,1.0659687519073486,0.4671921955114907,0.3460690057915208,-0.6388068924190488,0.2386990111148366,0.5868616859757322,1.4751155376434326,,,
dancnet:v3hq,0280_crew_babble,crew_babble,5.0,1.345412015914917,0.7753022273913033,0.609920213678558,5.570238156844117,5.991350092122377,1.7908328996521228,1.811549186706543,,,
dancnet:v3hq,0281_crew_babble,crew_babble,10.0,1.1459898948669434,0.8281614440331428,0.6286267111094856,5.218393801878406,5.779176685020815,1.394916232320156,1.7481024265289309,,,
dancnet:v3hq,0282_crew_babble,crew_babble,0.0,1.0967345237731934,0.7308304219102453,0.5869047261543181,-1.004831298859206,-0.7849123418632765,0.4363699168983328,1.472564935684204,,,
dancnet:v3hq,0283_crew_babble,crew_babble,5.0,1.110558271408081,0.7384632029501291,0.5253252855884725,4.437600475199013,4.392161238773123,1.5149841001479385,1.6192142963409424,,,
dancnet:v3hq,0284_crew_babble,crew_babble,10.0,1.475661277770996,0.8106332619461802,0.6435309704986466,9.667248622177585,9.474991490240006,3.0645228614471427,2.1470675468444824,,,
dancnet:v3hq,0285_crew_babble,crew_babble,0.0,1.093448281288147,0.651791130248328,0.4402724562575781,0.1664036209319699,0.5785930883499282,-0.0942658108420603,1.3780343532562256,,,
dancnet:v3hq,0286_crew_babble,crew_babble,5.0,1.2167075872421265,0.8047139042641863,0.5568213159593774,5.5512760760104065,5.515377740455746,2.307920508234244,1.7005829811096191,,,
dancnet:v3hq,0287_crew_babble,crew_babble,10.0,1.1601966619491575,0.7256124881108925,0.6312792282429961,9.767491378497915,9.51356276556503,7.575338693671114,1.4929133653640747,,,
dancnet:v3hq,0288_crew_babble,crew_babble,0.0,1.131794571876526,0.6446048297736768,0.3914817872426686,-0.4814267114244466,0.0417406247948192,-0.9695554079039186,1.417985200881958,,,
dancnet:v3hq,0289_crew_babble,crew_babble,5.0,1.230367660522461,0.8514430730807704,0.6912565395635996,5.264556646639884,5.318391151955121,3.8154270344572,1.8991633653640747,,,
dancnet:v3hq,0290_crew_babble,crew_babble,10.0,1.6946548223495483,0.8359957783758518,0.6594446020821023,9.92328859742255,9.85802042843044,4.79624665666704,2.3780996799468994,,,
dancnet:v3hq,0291_crew_babble,crew_babble,0.0,1.0695936679840088,0.6284561428068156,0.415474007460355,-1.126625404351742,0.5173518438835818,1.3785050659155502,1.324959397315979,,,
dancnet:v3hq,0292_crew_babble,crew_babble,5.0,1.2103904485702517,0.7758564764842335,0.627094405333126,6.13312503902833,6.02747086512755,2.573716022444327,1.80005145072937,,,
dancnet:v3hq,0293_crew_babble,crew_babble,10.0,1.7811317443847656,0.8610978344066588,0.6963678150602539,7.810770983841854,7.741581196340031,5.606301663357971,2.8627524375915527,,,
dancnet:v3hq,0294_crew_babble,crew_babble,0.0,1.066458821296692,0.6521915160355345,0.4393310521617253,-0.8799575004652984,-0.0933866982916275,-0.5333234386633745,1.2567449808120728,,,
dancnet:v3hq,0295_crew_babble,crew_babble,5.0,1.100533366203308,0.8088096209227169,0.5832680547304224,3.6733145223993025,3.9402460921558857,2.637204525877072,1.4674667119979858,,,
dancnet:v3hq,0296_crew_babble,crew_babble,10.0,1.3242179155349731,0.8766151788036664,0.6946123369451618,9.853632128478646,9.921470224424803,3.558727248066593,2.297251462936402,,,
dancnet:v3hq,0297_crew_babble,crew_babble,0.0,1.053714394569397,0.6676234669265632,0.4264850310647581,1.0392883069934358,1.942045233456824,-0.0453835445603078,1.2987406253814695,,,
dancnet:v3hq,0298_crew_babble,crew_babble,5.0,1.2058032751083374,0.6730427472604241,0.529557217848087,4.853387629136478,5.115215950522187,4.417983669016918,1.8522884845733645,,,
dancnet:v3hq,0299_crew_babble,crew_babble,10.0,1.6712944507598877,0.9075134665826096,0.8042429159545196,11.012541662230014,10.982587316032038,8.534951751337754,2.4575445652008057,,,
dancnet:v3hq,0300_long_stream,long_stream,5.0,2.371647834777832,0.9250927732806242,0.8334828916427176,13.34028529438265,13.231634058692675,10.126769373161098,3.114551544189453,,,
dancnet:v3hq,0301_long_stream,long_stream,5.0,2.6531076431274414,0.9395319299329752,0.8702248506432039,12.88074954108844,12.8838729780917,9.29305469282884,3.175143241882324,,,
dancnet:v3hq,0302_long_stream,long_stream,5.0,2.537012815475464,0.9264966137804316,0.8539972737585672,13.094393129759386,13.035642591349095,8.402480569362693,3.179344654083252,,,
dancnet:v3hq,0303_long_stream,long_stream,5.0,2.5122904777526855,0.9403703288978372,0.8740186175436615,11.058807931600684,11.22675599737591,8.051182190892469,3.23527193069458,,,
dancnet:v3ll,0000_clip_heavy,clip_heavy,0.0,1.6384856700897217,0.9000217024823639,0.7809634065736795,6.237503797589936,7.093279105702393,4.376420239651182,2.1945486068725586,,,
dancnet:v3ll,0001_clip_heavy,clip_heavy,5.0,1.4655396938323977,0.8196793074657878,0.6861022721572322,6.906993377298232,6.6486229305609985,5.713226239162609,2.100076913833618,,,
dancnet:v3ll,0002_clip_heavy,clip_heavy,0.0,2.504235029220581,0.9664413607408278,0.9058613864643908,15.811319813131488,15.600239606783132,9.134328753109472,2.930109739303589,,,
dancnet:v3ll,0003_clip_heavy,clip_heavy,5.0,1.7713474035263062,0.8649033423893974,0.711410274107769,10.374605374656348,10.51798061071822,6.431730251986527,2.7549359798431396,,,
dancnet:v3ll,0004_clip_heavy,clip_heavy,0.0,3.789421319961548,0.9552194596004318,0.9463367472764213,22.34821680541629,21.52003813291598,21.952802059722657,3.800615072250366,,,
dancnet:v3ll,0005_clip_heavy,clip_heavy,5.0,1.497506022453308,0.8723100555955361,0.7271078571532632,7.0977816752048986,6.998490776958852,4.808378952906232,2.25028657913208,,,
dancnet:v3ll,0006_clip_heavy,clip_heavy,0.0,2.6252827644348145,0.972667329135321,0.9642754253310106,12.94215479935124,12.86698655682882,17.417192224523276,3.3532772064208984,,,
dancnet:v3ll,0007_clip_heavy,clip_heavy,5.0,1.7067960500717163,0.8432967972839811,0.7770644780938112,6.588165567317736,6.993137879005676,4.409488365288606,2.537228584289551,,,
dancnet:v3ll,0008_clip_heavy,clip_heavy,0.0,2.869783401489258,0.9782918912536188,0.9599624400508082,16.175988570188572,15.878988122900308,16.113434819513575,3.5580873489379883,,,
dancnet:v3ll,0009_clip_heavy,clip_heavy,5.0,1.6499826908111572,0.883565969155122,0.7714622577197549,9.114866979595554,9.351205611447591,6.9275745244615985,2.5991413593292236,,,
dancnet:v3ll,0010_clip_heavy,clip_heavy,0.0,1.3782649040222168,0.7814442963570988,0.6310518885396755,5.092611851482507,6.048322834695405,6.807323124124034,1.908600091934204,,,
dancnet:v3ll,0011_clip_heavy,clip_heavy,5.0,1.391524076461792,0.907237505717787,0.7758164671040904,7.600957128856278,7.660117999433917,4.551501885757459,2.507051944732666,,,
dancnet:v3ll,0012_clip_heavy,clip_heavy,0.0,3.111253261566162,0.9799106079792564,0.9506501862552268,14.868353712004208,14.820820878743492,6.9613294668398895,3.612458467483521,,,
dancnet:v3ll,0013_clip_heavy,clip_heavy,5.0,2.208660840988159,0.9328115206014262,0.8960918515663244,9.216299410843062,9.291491536659112,5.930803063646415,2.9466631412506104,,,
dancnet:v3ll,0014_clip_heavy,clip_heavy,0.0,1.5029654502868652,0.909647943424762,0.7917074616640717,6.600854254553692,7.454033094638818,5.721439537567636,2.03732967376709,,,
dancnet:v3ll,0015_clip_heavy,clip_heavy,5.0,1.6118733882904053,0.9050746314248777,0.7775218345718473,7.307955191888695,7.866460595658465,5.2882899566318935,2.6231839656829834,,,
dancnet:v3ll,0016_clip_heavy,clip_heavy,0.0,2.5914065837860107,0.9243389571920568,0.8742645438690123,11.955537020710397,12.137311748016224,14.112949158417104,3.2217857837677,,,
dancnet:v3ll,0017_clip_heavy,clip_heavy,5.0,1.5083684921264648,0.9007918626512716,0.7646079668088637,8.450165896287078,8.76257167338956,4.260248824163176,2.1614716053009033,,,
dancnet:v3ll,0018_clip_heavy,clip_heavy,0.0,1.5914582014083862,0.9154331660307448,0.8419164954519208,6.632692908826057,6.830843013928797,8.038253292427989,2.566908121109009,,,
dancnet:v3ll,0019_clip_heavy,clip_heavy,5.0,2.180912494659424,0.9751078892410002,0.9516081458837168,14.311337156499023,13.978646109937532,12.90014985466832,3.3660683631896973,,,
dancnet:v3ll,0020_clip_heavy,clip_heavy,0.0,1.992703199386597,0.8934228973980708,0.830678497308502,8.061158533692668,8.129809340316466,10.554394920807288,2.8172719478607178,,,
dancnet:v3ll,0021_clip_heavy,clip_heavy,5.0,1.8438440561294556,0.949010949956354,0.8684814625011164,10.758630789590782,10.819564554216194,6.384106408688956,2.737255096435547,,,
dancnet:v3ll,0022_clip_heavy,clip_heavy,0.0,4.048907279968262,0.9923852402806024,0.9851303679367608,21.268346541751292,20.825286869045662,24.172571809621715,4.085161209106445,,,
dancnet:v3ll,0023_clip_heavy,clip_heavy,5.0,1.6590347290039062,0.8265472748564409,0.7194050440092737,6.881417254943573,7.03907483739936,6.140396409536194,2.383386611938477,,,
dancnet:v3ll,0024_clip_heavy,clip_heavy,0.0,1.693601369857788,0.8640592386087979,0.7455605730848623,8.552276448343692,9.03804493096539,8.464606078636429,2.1991729736328125,,,
dancnet:v3ll,0025_clip_heavy,clip_heavy,5.0,1.7875006198883057,0.9005095784467352,0.7660515778254582,9.738679545545732,10.147452227567664,8.421458838614996,2.6124019622802734,,,
dancnet:v3ll,0026_clip_heavy,clip_heavy,0.0,1.454223871231079,0.8051698315769038,0.62174028144991,8.885333766439121,9.33981703679353,8.212804171633532,2.0803163051605225,,,
dancnet:v3ll,0027_clip_heavy,clip_heavy,5.0,1.650485277175903,0.8858679039208107,0.7282011686001848,8.228127300076526,8.004253162112974,6.121018474029678,2.2950944900512695,,,
dancnet:v3ll,0028_clip_heavy,clip_heavy,0.0,1.7111245393753052,0.9311827859735644,0.8920233125432785,12.891404060605346,12.919167746805387,9.565518743937933,2.883812427520752,,,
dancnet:v3ll,0029_clip_heavy,clip_heavy,5.0,1.440205454826355,0.9075527978005256,0.8346339736581707,12.320140031013464,12.284486648859566,8.169098279863498,2.054196834564209,,,
dancnet:v3ll,0030_level_low,level_low,0.0,1.7766766548156738,0.8260820931864742,0.6860775279856334,10.535335880362652,10.508046665744944,4.572732314116151,2.3296799659729004,,,
dancnet:v3ll,0031_level_low,level_low,5.0,2.012057304382324,0.8802692823957183,0.745153695860028,10.374109027241747,10.568345061769913,7.665711460021048,2.7241432666778564,,,
dancnet:v3ll,0032_level_low,level_low,10.0,3.2809622287750244,0.9880334633018292,0.9682011561579228,14.38264265189314,14.308780369113538,17.346797049863543,3.909454584121704,,,
dancnet:v3ll,0033_level_low,level_low,0.0,1.9862921237945557,0.9198394370622212,0.8305904986759594,10.245819843495337,10.600381854265631,8.131960088483085,2.8732750415802,,,
dancnet:v3ll,0034_level_low,level_low,5.0,1.931328535079956,0.9222154804726792,0.7361199557567271,12.362510980532653,12.007171208629952,5.832161675380921,2.7324845790863037,,,
dancnet:v3ll,0035_level_low,level_low,10.0,2.7960879802703857,0.9607571622903892,0.923352563811051,17.127978778709497,16.39138541361212,10.336252430103256,3.66211462020874,,,
dancnet:v3ll,0036_level_low,level_low,0.0,2.1978142261505127,0.9045402302740484,0.7699894432770709,11.035403898299595,11.26992350147583,9.01187553028231,3.159773826599121,,,
dancnet:v3ll,0037_level_low,level_low,5.0,2.541067600250244,0.927444409940708,0.8585028236955845,13.319678430315264,13.213421956029215,10.533345951922874,3.4117820262908936,,,
dancnet:v3ll,0038_level_low,level_low,10.0,2.009683847427368,0.9429763961175482,0.8504036192913464,16.002924799090607,15.36483509851841,9.605307930723098,2.6547255516052246,,,
dancnet:v3ll,0039_level_low,level_low,0.0,2.9563562870025635,0.9734356780306268,0.9204028053531264,12.432116448752767,12.51798031145723,9.69620764850537,3.805853843688965,,,
dancnet:v3ll,0040_level_low,level_low,5.0,2.1103835105895996,0.9266542630691822,0.848466430632839,12.542563283331456,12.443530953390932,8.444855372640017,2.7488603591918945,,,
dancnet:v3ll,0041_level_low,level_low,10.0,2.4628398418426514,0.9238590552144172,0.8285014890255946,13.693156638454411,13.350263967169491,9.790650213832055,3.2382724285125732,,,
dancnet:v3ll,0042_level_low,level_low,0.0,1.940565824508667,0.883252382992139,0.7662217584398443,9.198836068543883,9.319258754372802,3.554758106488582,2.739335060119629,,,
dancnet:v3ll,0043_level_low,level_low,5.0,2.568213701248169,0.89814396293006,0.8686798285542237,15.371143176443836,15.316413983489223,12.738869582410569,2.8427376747131348,,,
dancnet:v3ll,0044_level_low,level_low,10.0,2.837806701660156,0.9622373138595356,0.9055836320011936,17.00871494851664,16.581024065474182,13.29463235741531,3.4546689987182617,,,
dancnet:v3ll,0045_level_low,level_low,0.0,1.816886305809021,0.7761755708670216,0.6187407155151727,10.10489428590752,10.25997049164365,5.700818346409286,2.5556976795196533,,,
dancnet:v3ll,0046_level_low,level_low,5.0,2.1164398193359375,0.9420305340601,0.8281160510430337,9.377253737360116,9.58798347415736,6.463694548471496,3.220822811126709,,,
dancnet:v3ll,0047_level_low,level_low,10.0,3.508236885070801,0.9036770221717126,0.8491869100139374,21.094903370870984,20.4216199686118,13.165448756364649,4.2376179695129395,,,
dancnet:v3ll,0048_level_low,level_low,0.0,2.341764450073242,0.975528895133012,0.9371981940655936,12.371104039706257,12.46362848290951,16.21381270802983,3.0360593795776367,,,
dancnet:v3ll,0049_level_low,level_low,5.0,2.0157504081726074,0.8546993974391148,0.7600920628937388,12.995136487982306,12.696165906589938,8.458420579706031,2.534808874130249,,,
dancnet:v3ll,0050_level_low,level_low,10.0,2.6641643047332764,0.9504921277736268,0.8865519041768357,17.291770824350753,16.763585152640815,11.094712111016504,3.138699531555176,,,
dancnet:v3ll,0051_level_low,level_low,0.0,2.042494773864746,0.9707526935871198,0.8622153213551549,3.0190008865727727,2.9925961963125154,3.880513725311499,3.041861057281494,,,
dancnet:v3ll,0052_level_low,level_low,5.0,1.4623148441314695,0.9719057892115032,0.8858005237051223,13.120007999338728,12.826258450109604,6.356906646454246,2.600731611251831,,,
dancnet:v3ll,0053_level_low,level_low,10.0,1.6212671995162964,0.8827300255179449,0.8143304716991627,14.997885064881116,14.420267496037368,15.804543546033214,2.0650863647460938,,,
dancnet:v3ll,0054_level_low,level_low,0.0,1.5001752376556396,0.774022811170641,0.5728755116347286,7.668232008348791,8.21110279379371,3.4003902071819216,1.9759774208068848,,,
dancnet:v3ll,0055_level_low,level_low,5.0,2.243250846862793,0.903542777975626,0.8560311822005181,16.501550186134754,15.650331713467128,9.199198545061527,2.7790050506591797,,,
dancnet:v3ll,0056_level_low,level_low,10.0,4.120664596557617,0.9903062699591564,0.984781300706547,22.22666603181769,21.273903621098206,22.45689004696911,4.158868312835693,,,
dancnet:v3ll,0057_level_low,level_low,0.0,1.4766892194747925,0.8687427528693547,0.7005129211408345,7.503377040992227,7.702598996215727,4.193833768268285,2.044752836227417,,,
dancnet:v3ll,0058_level_low,level_low,5.0,2.358750820159912,0.8005527245560764,0.695079066726072,12.332762415456315,12.431544543145725,7.1657778625058075,3.4030139446258545,,,
dancnet:v3ll,0059_level_low,level_low,10.0,2.4973323345184326,0.9495800313356488,0.8781662522282808,13.172315390909002,13.265111337506548,10.390108776386048,3.373185634613037,,,
dancnet:v3ll,0060_level_high,level_high,5.0,1.9956538677215576,0.8925748165619889,0.7033470601133416,12.75458290997387,12.598842222700007,8.071077842920188,2.786520004272461,,,
dancnet:v3ll,0061_level_high,level_high,10.0,3.201087951660156,0.9419921930671824,0.8807852486482333,16.610727355212646,16.20160597346247,16.340875805276777,3.472482919692993,,,
dancnet:v3ll,0062_level_high,level_high,5.0,2.605180501937866,0.9570455434521452,0.8704344875189163,13.915124014786484,13.97352818666868,11.905728758422295,3.5060462951660156,,,
dancnet:v3ll,0063_level_high,level_high,10.0,2.691673994064331,0.9497595596364484,0.8746930773838902,15.99462335608009,15.324955625122,11.441240857607864,3.3651115894317627,,,
dancnet:v3ll,0064_level_high,level_high,5.0,2.1881589889526367,0.9342433437904172,0.8261661634325174,10.36836771986876,10.510621569708867,4.8704219419068675,3.3765292167663574,,,
dancnet:v3ll,0065_level_high,level_high,10.0,2.88212251663208,0.9196535262374964,0.826037150578192,19.28235374303632,17.44661800814794,10.312534281942895,3.6635470390319824,,,
dancnet:v3ll,0066_level_high,level_high,5.0,2.1998329162597656,0.900725389794894,0.8081629647943309,12.756513847120484,12.630657020685716,9.516116079955104,3.0090956687927246,,,
dancnet:v3ll,0067_level_high,level_high,10.0,2.2689554691314697,0.9553667428911884,0.9012494602170048,15.19446383188723,14.654333443016116,6.493601192166556,3.1156623363494873,,,
dancnet:v3ll,0068_level_high,level_high,5.0,2.317756414413452,0.8779130354150441,0.7311693024668826,12.167439597868196,12.127131556020744,7.292231199869951,3.1452505588531494,,,
dancnet:v3ll,0069_level_high,level_high,10.0,2.8187031745910645,0.9693506085470556,0.8861485739678044,15.872019196506876,15.101462718610414,9.266922819728546,3.489177942276001,,,
dancnet:v3ll,0070_level_high,level_high,5.0,1.7486250400543213,0.954042116084944,0.8655113907222891,17.94691767186326,17.255853763177434,11.795501980297775,2.5307364463806152,,,
dancnet:v3ll,0071_level_high,level_high,10.0,2.7233433723449707,0.9616946523194484,0.8797882998804337,18.5214872667289,17.76430285894739,10.342073370043508,3.3929686546325684,,,
dancnet:v3ll,0072_level_high,level_high,5.0,2.1812832355499268,0.9318962509602196,0.8382836279943501,12.909959177149291,12.683397812699244,7.044257206284812,2.7351953983306885,,,
dancnet:v3ll,0073_level_high,level_high,10.0,2.475522518157959,0.9410163873819256,0.8693306175790264,15.021512368660607,14.576688601670645,9.687111691407493,2.9681148529052734,,,
dancnet:v3ll,0074_level_high,level_high,5.0,2.4201087951660156,0.969369017757004,0.9000427388517016,12.06688955916751,12.091686434223655,9.986113566436693,3.1818556785583496,,,
dancnet:v3ll,0075_level_high,level_high,10.0,3.060300827026367,0.9639607814035572,0.9280178945800498,19.28160790110757,17.86934751593313,11.192972942206186,3.3866055011749268,,,
dancnet:v3ll,0076_level_high,level_high,5.0,1.845985412597656,0.8822244128669661,0.8094858320276994,5.95765337041059,6.879624007121471,8.035064592205432,2.3674373626708984,,,
dancnet:v3ll,0077_level_high,level_high,10.0,3.9705967903137207,0.985073064703934,0.9534700167716944,22.64726604254447,21.748991633558585,19.16360257848798,4.071669101715088,,,
dancnet:v3ll,0078_level_high,level_high,5.0,2.624078273773194,0.9464897454794904,0.8746641420341063,12.274370228564145,12.452257730258747,14.30156196341069,3.263854742050171,,,
dancnet:v3ll,0079_level_high,level_high,10.0,1.9415004253387451,0.9526044095086428,0.900120017953616,14.164806771902306,13.85330327653024,8.757627671630035,2.534167766571045,,,
dancnet:v3ll,0080_level_high,level_high,5.0,1.8952372074127195,0.9286959723153744,0.8153916748649341,11.875829124041534,11.83732477586524,6.760954738561207,2.670541524887085,,,
dancnet:v3ll,0081_level_high,level_high,10.0,2.1339738368988037,0.9412130205007704,0.8431662606595858,16.16946054191657,15.63830043635126,8.571890565040611,2.9253573417663574,,,
dancnet:v3ll,0082_level_high,level_high,5.0,3.2839930057525635,0.9742886774729876,0.9353094894630616,15.371891345834678,15.137970407891055,12.802422081696362,3.784160852432251,,,
dancnet:v3ll,0083_level_high,level_high,10.0,2.4186275005340576,0.9669046561641188,0.9034266893862226,16.35093766281764,15.70766326170336,9.101179601204487,3.068772554397583,,,
dancnet:v3ll,0084_level_high,level_high,5.0,2.081479072570801,0.8733882839396618,0.7014447614805894,11.432863301477362,11.229256225718736,6.3916028120940425,2.8849964141845703,,,
dancnet:v3ll,0085_level_high,level_high,10.0,2.3479979038238525,0.9672860332476212,0.9484509854259724,15.339965924526132,14.795866422019802,12.942756852013543,2.9459779262542725,,,
dancnet:v3ll,0086_level_high,level_high,5.0,2.3572592735290527,0.970567874217654,0.9217225046915392,10.058359256161102,10.313707588906588,10.90947764171258,3.365750551223755,,,
dancnet:v3ll,0087_level_high,level_high,10.0,2.635603427886963,0.9709767801128218,0.9015985190478968,15.123301590192618,14.677899197060828,11.487929824087672,3.1627864837646484,,,
dancnet:v3ll,0088_level_high,level_high,5.0,1.885623574256897,0.8949039999992414,0.7890718740630286,7.856560854357648,8.344954047168589,5.979453497320744,2.6754496097564697,,,
dancnet:v3ll,0089_level_high,level_high,10.0,2.4919469356536865,0.9495165505277616,0.8702091378324194,15.106021556289985,14.820014060221949,8.355049672479485,3.3746302127838135,,,
dancnet:v3ll,0090_reverb_cabin,reverb_cabin,5.0,3.4396185874938965,0.992300455289203,0.9795129742117484,23.597978136104743,21.598164291822563,9.869316766531648,4.115057945251465,,,
dancnet:v3ll,0091_reverb_cabin,reverb_cabin,10.0,2.7155542373657227,0.9787349009591338,0.9328335908758376,16.634823369966078,16.01036724693609,8.095717974751237,3.5834546089172363,,,
dancnet:v3ll,0092_reverb_cabin,reverb_cabin,5.0,1.4420629739761353,0.8712758805628114,0.738432360823247,6.7806276856160705,6.939866450472651,4.334815185606819,2.119958877563477,,,
dancnet:v3ll,0093_reverb_cabin,reverb_cabin,10.0,1.9198124408721924,0.8576986899202116,0.7428990443428464,13.48965773162784,13.328451812926312,8.80602442253163,2.831838846206665,,,
dancnet:v3ll,0094_reverb_cabin,reverb_cabin,5.0,1.1776244640350342,0.7533733373143572,0.5551679013243704,2.3401774834745654,3.696673254002963,2.218370986113442,1.6459556818008425,,,
dancnet:v3ll,0095_reverb_cabin,reverb_cabin,10.0,1.3711278438568115,0.7961153508438122,0.5855192791741678,4.553891971247064,5.17774862065569,2.365081808259371,2.2154345512390137,,,
dancnet:v3ll,0096_reverb_cabin,reverb_cabin,5.0,1.3228623867034912,0.7878018597406036,0.5378313412202235,5.056292355632942,5.826107778225956,2.562086329913911,2.2216763496398926,,,
dancnet:v3ll,0097_reverb_cabin,reverb_cabin,10.0,1.3269022703170776,0.809229306852756,0.6361089594325099,1.701533737328127,1.732687200252526,0.265309449379767,1.706971526145935,,,
dancnet:v3ll,0098_reverb_cabin,reverb_cabin,5.0,1.8615779876708984,0.9136282421541476,0.8201547672707995,13.000959190137287,12.85040448185908,9.038210205393144,3.232140302658081,,,
dancnet:v3ll,0099_reverb_cabin,reverb_cabin,10.0,3.484461545944214,0.9742379315086304,0.9321220266061758,16.44253016360783,16.19892845713732,12.182229132714763,3.7142508029937744,,,
dancnet:v3ll,0100_reverb_cabin,reverb_cabin,5.0,1.3264055252075195,0.8218004922988734,0.5578295342505967,4.068745015721743,4.2474416945062625,-1.922596444722934,1.9533305168151855,,,
dancnet:v3ll,0101_reverb_cabin,reverb_cabin,10.0,3.0380544662475586,0.960602919188969,0.8695549576341003,17.607628880465114,16.888540549109226,10.08877585740777,3.698129177093506,,,
dancnet:v3ll,0102_reverb_cabin,reverb_cabin,5.0,1.511413812637329,0.8328702187289191,0.6702499191032707,4.214301086700677,4.692887817671257,3.431691238327804,2.3229010105133057,,,
dancnet:v3ll,0103_reverb_cabin,reverb_cabin,10.0,1.3159843683242798,0.7410882407707862,0.5492564630535508,0.9558784559749812,1.6114707864260125,1.1311708710091886,2.049535036087036,,,
dancnet:v3ll,0104_reverb_cabin,reverb_cabin,5.0,1.8424769639968872,0.7473468294137879,0.5300448069998407,6.240611968196451,7.043793735939242,3.68266399107434,2.497976303100586,,,
dancnet:v3ll,0105_reverb_cabin,reverb_cabin,10.0,1.8367011547088623,0.9148178222501904,0.819629544269889,12.571350736935514,12.3475595443517,6.183189883109068,2.9545044898986816,,,
dancnet:v3ll,0106_reverb_cabin,reverb_cabin,5.0,1.810288667678833,0.858737888838515,0.6108554927965401,9.780017451864696,9.73851643272591,3.412870726112076,2.833444356918335,,,
dancnet:v3ll,0107_reverb_cabin,reverb_cabin,10.0,2.2960522174835205,0.9610201656883994,0.8951540800043584,14.35967162072622,13.900562544807878,8.471976181772012,3.3865134716033936,,,
dancnet:v3ll,0108_reverb_cabin,reverb_cabin,5.0,1.5569472312927246,0.8195880954181376,0.6465747058799473,5.305932352346206,5.610242555216481,2.4908433461062742,2.3468496799468994,,,
dancnet:v3ll,0109_reverb_cabin,reverb_cabin,10.0,2.1329054832458496,0.921868186795741,0.8560327084871653,10.560842550883622,10.890858044587317,6.434801157382072,2.5654406547546387,,,
dancnet:v3ll,0110_reverb_cabin,reverb_cabin,5.0,2.142906188964844,0.958706193477238,0.8820064344468298,12.414900392233976,12.227126676287476,7.074731693116156,2.6944870948791504,,,
dancnet:v3ll,0111_reverb_cabin,reverb_cabin,10.0,1.710850477218628,0.8601259678213135,0.740021570283263,12.353589056923743,12.275908969783274,6.2146572827453825,2.1833674907684326,,,
dancnet:v3ll,0112_reverb_cabin,reverb_cabin,5.0,2.069657325744629,0.909722293931268,0.7766824716709012,11.437735124030814,11.319944786315888,4.434027343522388,2.8886218070983887,,,
dancnet:v3ll,0113_reverb_cabin,reverb_cabin,10.0,2.141014337539673,0.9514465877105188,0.8900565839831107,15.029958024567698,14.44193476527804,7.481568722685787,3.0058069229125977,,,
dancnet:v3ll,0114_reverb_cabin,reverb_cabin,5.0,1.3345575332641602,0.7161377696766769,0.5120287129974467,4.904895463988007,4.492229889634857,1.4125690032156384,1.931602478027344,,,
dancnet:v3ll,0115_reverb_cabin,reverb_cabin,10.0,2.97379207611084,0.962217250379014,0.9016787382466438,14.160745761646478,13.77853350399876,8.302396783594746,3.57088303565979,,,
dancnet:v3ll,0116_reverb_cabin,reverb_cabin,5.0,1.7763969898223877,0.8903884962409082,0.7622558668254118,12.189377273781991,11.967182094488518,1.9238870136193464,2.286458730697632,,,
dancnet:v3ll,0117_reverb_cabin,reverb_cabin,10.0,3.2660539150238037,0.9626876127619938,0.9263383627003228,16.073109427663816,16.034317822442496,14.641923557895938,3.63779878616333,,,
dancnet:v3ll,0118_reverb_cabin,reverb_cabin,5.0,2.437814950942993,0.9294918639883198,0.823756824825348,12.260266864385176,12.167028584520514,8.3725363393941,2.987870931625366,,,
dancnet:v3ll,0119_reverb_cabin,reverb_cabin,10.0,1.2245937585830688,0.6597505651572244,0.4959148773822747,0.957365632367658,3.229697966935012,2.9145471846993196,1.733250379562378,,,
dancnet:v3ll,0120_radio_band,radio_band,5.0,2.0606255531311035,0.9229760900406184,0.8430448577162039,11.373308472449237,11.399643429649544,6.226118683281284,2.530710220336914,,,
dancnet:v3ll,0121_radio_band,radio_band,10.0,1.90560245513916,0.9274464429729432,0.8592963959165194,13.003697735092752,12.996152228715037,5.5672621683838965,2.4062016010284424,,,
dancnet:v3ll,0122_radio_band,radio_band,5.0,3.5562570095062256,0.980932742268267,0.9532146830704908,10.72138541415672,10.958046475278245,15.104524382124968,3.860416412353515,,,
dancnet:v3ll,0123_radio_band,radio_band,10.0,2.53934645652771,0.9481836840237056,0.8711301902744111,15.306939950240434,14.97397086212205,10.06332547810598,2.9137094020843506,,,
dancnet:v3ll,0124_radio_band,radio_band,5.0,2.1672866344451904,0.9201438122957526,0.7943243047771609,11.726938018831635,11.65694362258128,2.939982087063106,2.3958709239959717,,,
dancnet:v3ll,0125_radio_band,radio_band,10.0,3.282384872436523,0.9508555954303132,0.8990544544875836,19.81416403240171,19.1000271587278,12.614733368301264,3.557283401489258,,,
dancnet:v3ll,0126_radio_band,radio_band,5.0,2.31768536567688,0.9253220744439578,0.8590480209782676,14.525145539356789,14.219783798566397,6.2563491207096495,2.631688117980957,,,
dancnet:v3ll,0127_radio_band,radio_band,10.0,2.59646987915039,0.9441453257337402,0.8866254885032174,13.96649362496558,13.83302182505158,9.29501712656045,2.975203037261963,,,
dancnet:v3ll,0128_radio_band,radio_band,5.0,2.455864667892456,0.8875499175810782,0.699308499758827,13.105643038551309,13.013972679743752,5.626106748554243,2.9755377769470215,,,
dancnet:v3ll,0129_radio_band,radio_band,10.0,2.5700392723083496,0.958078080613622,0.8958936333743552,15.484267844983195,15.029713000608591,9.459599748031618,2.925672769546509,,,
dancnet:v3ll,0130_radio_band,radio_band,5.0,3.404430389404297,0.9625447828504669,0.9649582758526212,17.84253809901743,17.687356360249282,25.86773203010743,3.5244150161743164,,,
dancnet:v3ll,0131_radio_band,radio_band,10.0,2.287342071533203,0.9612075773969532,0.914201888359552,13.618416881447304,13.49737239210236,7.886529955987362,2.638292074203491,,,
dancnet:v3ll,0132_radio_band,radio_band,5.0,3.681710958480835,0.9977984399024074,0.9874575013633378,26.704384174567117,24.52974748385564,15.742546947239743,4.015259742736816,,,
dancnet:v3ll,0133_radio_band,radio_band,10.0,2.4448001384735107,0.9373011590367882,0.8489416896892754,15.67893253811688,15.1036030784757,5.251576111698383,2.9180335998535156,,,
dancnet:v3ll,0134_radio_band,radio_band,5.0,2.8362362384796143,0.9627941745747276,0.8944905440427403,7.1202294642391015,6.844042468993057,12.469824977501084,2.9576833248138428,,,
dancnet:v3ll,0135_radio_band,radio_band,10.0,2.3898119926452637,0.9328541576799536,0.7981221784401548,15.463411393505188,15.229531637514429,7.334773089594195,2.8355190753936768,,,
dancnet:v3ll,0136_radio_band,radio_band,5.0,1.940590500831604,0.91643423684822,0.7914448355392191,12.029471082093725,12.04974171385038,4.519578868155425,2.506662368774414,,,
dancnet:v3ll,0137_radio_band,radio_band,10.0,2.5470988750457764,0.9542339793318078,0.8464572225432794,16.78147542979773,16.51555254547467,4.027120191816821,2.881629228591919,,,
dancnet:v3ll,0138_radio_band,radio_band,5.0,4.155418872833252,0.9963686071041972,0.990415218183934,25.646733299511386,24.042037085704177,24.33495010937776,4.222814083099365,,,
dancnet:v3ll,0139_radio_band,radio_band,10.0,2.567665100097656,0.9566083345898352,0.8769211329326849,17.081522052449518,16.408521155409808,9.65685880614989,2.9036779403686523,,,
dancnet:v3ll,0140_radio_band,radio_band,5.0,2.3464465141296387,0.8676443523704136,0.7352009621713623,13.62995988079269,13.592716772727346,5.330273146231406,2.6848695278167725,,,
dancnet:v3ll,0141_radio_band,radio_band,10.0,2.5515952110290527,0.9754081493692592,0.9285500292906028,21.02304394318835,20.271007498007663,13.687443964690576,3.0520899295806885,,,
dancnet:v3ll,0142_radio_band,radio_band,5.0,2.176996946334839,0.930497032299152,0.892990863070136,13.294522445784,13.188132318850938,9.655960155200988,2.795870780944824,,,
dancnet:v3ll,0143_radio_band,radio_band,10.0,2.75879430770874,0.964481145188108,0.9094212984080476,18.317524193900766,17.97253218787187,10.935056140360954,2.9331657886505127,,,
dancnet:v3ll,0144_radio_band,radio_band,5.0,1.729769229888916,0.87236771567118,0.8333687459333474,14.970416652829693,14.524741386027282,9.795339706704103,2.1993699073791504,,,
dancnet:v3ll,0145_radio_band,radio_band,10.0,2.666217088699341,0.952828805855132,0.8941373730800076,17.67585016228739,17.19663957156135,10.099362671639843,3.0273642539978027,,,
dancnet:v3ll,0146_radio_band,radio_band,5.0,2.40002965927124,0.9275688392985691,0.8627782858972256,11.164876021996118,11.390013829841417,10.59787035230732,2.948192596435547,,,
dancnet:v3ll,0147_radio_band,radio_band,10.0,2.344501256942749,0.907081174984406,0.8130066342715847,14.448990316512532,14.399423607697406,6.219401116926894,2.6936402320861816,,,
dancnet:v3ll,0148_radio_band,radio_band,5.0,2.345998764038086,0.9114348512591044,0.8063292180622725,12.185325352597346,12.22065945752075,6.022045148891704,2.7190372943878174,,,
dancnet:v3ll,0149_radio_band,radio_band,10.0,3.377263307571411,0.96356274604056,0.9023469178364528,17.06872121283292,16.73291806581832,14.963492768404006,3.598562002182007,,,
dancnet:v3ll,0150_noise_only,noise_only,,,,,,,,,29.280378341674805,,
dancnet:v3ll,0151_noise_only,noise_only,,,,,,,,,38.51934814453125,,
dancnet:v3ll,0152_noise_only,noise_only,,,,,,,,,40.18927001953125,,
dancnet:v3ll,0153_noise_only,noise_only,,,,,,,,,46.441070556640625,,
dancnet:v3ll,0154_noise_only,noise_only,,,,,,,,,28.837867736816406,,
dancnet:v3ll,0155_noise_only,noise_only,,,,,,,,,31.827545166015625,,
dancnet:v3ll,0156_noise_only,noise_only,,,,,,,,,34.591373443603516,,
dancnet:v3ll,0157_noise_only,noise_only,,,,,,,,,20.301305770874023,,
dancnet:v3ll,0158_noise_only,noise_only,,,,,,,,,35.920196533203125,,
dancnet:v3ll,0159_noise_only,noise_only,,,,,,,,,29.84395980834961,,
dancnet:v3ll,0160_noise_only,noise_only,,,,,,,,,20.43305397033691,,
dancnet:v3ll,0161_noise_only,noise_only,,,,,,,,,32.38196563720703,,
dancnet:v3ll,0162_noise_only,noise_only,,,,,,,,,47.73065948486328,,
dancnet:v3ll,0163_noise_only,noise_only,,,,,,,,,41.866477966308594,,
dancnet:v3ll,0164_noise_only,noise_only,,,,,,,,,25.78601837158203,,
dancnet:v3ll,0165_noise_only,noise_only,,,,,,,,,45.29350662231445,,
dancnet:v3ll,0166_noise_only,noise_only,,,,,,,,,47.900245666503906,,
dancnet:v3ll,0167_noise_only,noise_only,,,,,,,,,46.45891189575195,,
dancnet:v3ll,0168_noise_only,noise_only,,,,,,,,,40.19895553588867,,
dancnet:v3ll,0169_noise_only,noise_only,,,,,,,,,19.328990936279297,,
dancnet:v3ll,0170_noise_only,noise_only,,,,,,,,,23.723236083984375,,
dancnet:v3ll,0171_noise_only,noise_only,,,,,,,,,26.5230655670166,,
dancnet:v3ll,0172_noise_only,noise_only,,,,,,,,,29.48587226867676,,
dancnet:v3ll,0173_noise_only,noise_only,,,,,,,,,46.89102554321289,,
dancnet:v3ll,0174_noise_only,noise_only,,,,,,,,,37.98157501220703,,
dancnet:v3ll,0175_noise_only,noise_only,,,,,,,,,48.517547607421875,,
dancnet:v3ll,0176_noise_only,noise_only,,,,,,,,,44.057369232177734,,
dancnet:v3ll,0177_noise_only,noise_only,,,,,,,,,37.421775817871094,,
dancnet:v3ll,0178_noise_only,noise_only,,,,,,,,,24.215656280517575,,
dancnet:v3ll,0179_noise_only,noise_only,,,,,,,,,35.672935485839844,,
dancnet:v3ll,0180_post_blast,post_blast,15.0,2.0293896198272705,0.9176095502831884,0.8655656109861853,11.072968109366618,11.156756480982226,9.995385060577217,2.6803038120269775,,0.8110368347631101,1.4436712265014648
dancnet:v3ll,0181_post_blast,post_blast,15.0,1.2593872547149658,0.9550672541378816,0.921188413215111,9.72310620163294,9.340373137328116,10.88421468386214,3.3712735176086426,,0.9199802425439614,1.1437270641326904
dancnet:v3ll,0182_post_blast,post_blast,15.0,2.0083141326904297,0.9027865888444654,0.7581432173819362,11.391566245312909,11.56314869087556,6.345612306437678,2.7060186862945557,,0.9860090464818112,2.16013503074646
dancnet:v3ll,0183_post_blast,post_blast,15.0,1.6311726570129397,0.9238590344315152,0.8214474714089076,9.1904973167985,9.598267618233338,7.082990547558103,2.5195255279541016,,0.8904464068089918,1.242375373840332
dancnet:v3ll,0184_post_blast,post_blast,15.0,2.264226198196411,0.96732454620328,0.8980813418541228,13.54718411723079,13.42657929718892,9.22636335157452,3.002009153366089,,0.9835984684683018,2.0366101264953613
dancnet:v3ll,0185_post_blast,post_blast,15.0,2.7303969860076904,0.8823147237858526,0.7444097884623918,17.063824933877353,16.547253854121124,9.287437922289929,3.4107699394226074,,0.3852928872537707,1.104291319847107
dancnet:v3ll,0186_post_blast,post_blast,15.0,2.1077306270599365,0.878304404871848,0.761280477501455,9.19193474701274,9.462118674361829,5.947124097768045,2.8710782527923584,,0.912519851996336,2.362078905105591
dancnet:v3ll,0187_post_blast,post_blast,15.0,2.85851526260376,0.9402130109665288,0.8940165926728784,10.705072327197582,10.738515065053145,12.360737149919318,3.328406810760498,,0.8210315233454117,1.638267993927002
dancnet:v3ll,0188_post_blast,post_blast,15.0,1.9312784671783447,0.9291565289799631,0.8124253982944171,7.373679456702392,7.90799309161811,7.069429357808138,2.8579022884368896,,0.9716606636218093,2.022388696670532
dancnet:v3ll,0189_post_blast,post_blast,15.0,1.3296072483062744,0.7646372555621058,0.6194469742912732,5.042031896420882,6.2001386448813935,7.098663301274407,1.8736493587493896,,0.8679536924753782,1.4852168560028076
dancnet:v3ll,0190_post_blast,post_blast,15.0,2.571254253387451,0.9309978002113132,0.8764915196555274,14.938016757490512,14.563890328682046,9.515674515020685,3.475350856781006,,0.8610898455248701,1.8421909809112549
dancnet:v3ll,0191_post_blast,post_blast,15.0,1.862438082695007,0.9282509260740636,0.8149977960938974,8.435293776709612,8.925909473958129,5.709480295735652,2.81619644165039,,0.8365665500760386,1.2757278680801392
dancnet:v3ll,0192_post_blast,post_blast,15.0,1.7827330827713013,0.8359515437007062,0.7380796668307469,10.727735848782736,10.671740297897514,6.951368626530857,2.333555221557617,,0.960585797388735,2.0096397399902344
dancnet:v3ll,0193_post_blast,post_blast,15.0,1.3043330907821655,0.9155343905113016,0.8103124340588181,12.503974482443663,12.649288677888158,10.059213465883412,3.3049604892730713,,0.7780418121506234,1.35770583152771
dancnet:v3ll,0194_post_blast,post_blast,15.0,2.3806018829345703,0.9156112020166712,0.8030241811101533,16.339072969282455,15.61541452833784,6.4069203696831085,2.9819703102111816,,0.9329467637987856,2.638832092285156
dancnet:v3ll,0195_post_blast,post_blast,15.0,1.8440104722976685,0.9391996000821202,0.8419953504357974,3.988158811183608,4.95693126209661,5.749059571368813,3.1421573162078857,,0.9485154411762404,2.014355421066284
dancnet:v3ll,0196_post_blast,post_blast,15.0,2.0984089374542236,0.8668354481192432,0.7611653732926938,10.844227234870196,10.845010308832578,11.384180114212858,2.7290849685668945,,0.9062971843844068,2.0384271144866943
dancnet:v3ll,0197_post_blast,post_blast,15.0,1.8916362524032593,0.7992600292251711,0.6733294603921123,4.853188841301364,6.081599025445035,5.249672777565219,2.6613433361053467,,0.4694535469230229,1.3284200429916382
dancnet:v3ll,0198_post_blast,post_blast,15.0,1.452794075012207,0.8706328654592767,0.7731644381571076,6.935269827024888,7.699823321054184,8.31721254531707,2.270278215408325,,0.9102688176243215,1.6067931652069092
dancnet:v3ll,0199_post_blast,post_blast,15.0,1.7744919061660769,0.9239597202635392,0.8731986171931608,11.450936279049532,11.313747253296391,7.710019694980773,2.352123498916626,,1e-05,
dancnet:v3ll,0200_post_blast,post_blast,15.0,2.025310754776001,0.8419427227613371,0.7217796542256183,12.7204443456285,12.662049497899057,11.34832925238259,2.555962324142456,,0.9734637921690912,3.1956963539123535
dancnet:v3ll,0201_post_blast,post_blast,15.0,2.0346293449401855,0.8721343138215255,0.6641543174829555,11.438547353469666,11.371065250156754,7.711103983971003,2.917217969894409,,0.8496168334529243,2.121424436569214
dancnet:v3ll,0202_post_blast,post_blast,15.0,2.5518641471862793,0.9328469965818766,0.8122260952105442,12.283943133136727,12.431472207737214,9.529080645450202,3.2797186374664307,,0.9277061482883544,2.3717639446258545
dancnet:v3ll,0203_post_blast,post_blast,15.0,2.5816617012023926,0.955460795448512,0.9206127901754508,13.936377475037371,13.702277018705596,13.436224464973236,3.4606130123138428,,0.8829439768644276,2.0640981197357178
dancnet:v3ll,0204_post_blast,post_blast,15.0,2.147928476333618,0.8445365516658825,0.758283373781356,7.395901512032937,8.105684093195187,8.491629167497925,2.9744129180908203,,0.9220774068174636,1.8476612567901611
dancnet:v3ll,0205_post_blast,post_blast,15.0,2.333544969558716,0.8301621536615461,0.748354398777185,13.418697968081254,13.264097055452796,9.034714853054536,3.408946990966797,,0.6611916766156375,1.9321213960647583
dancnet:v3ll,0206_post_blast,post_blast,15.0,2.183183431625366,0.9526508697340776,0.8915856534700219,15.20346912614924,14.647435574606847,8.060374288462786,3.0450375080108643,,0.9080930360025432,2.2426350116729736
dancnet:v3ll,0207_post_blast,post_blast,15.0,1.8612933158874512,0.8720191821008086,0.7573684237483784,9.888322845521886,9.987613279030867,7.94267742123268,2.4192776679992676,,0.8285514050572191,1.829498291015625
dancnet:v3ll,0208_post_blast,post_blast,15.0,1.9609898328781128,0.9068324651853884,0.8255521430121551,11.081857249477558,11.157188332004749,10.458758498397271,2.822986364364624,,0.8129388413545111,1.4633804559707642
dancnet:v3ll,0209_post_blast,post_blast,15.0,2.0293149948120117,0.942962402691158,0.8929181339733318,9.72105956629492,9.954866989438734,10.655835375123116,2.60588002204895,,0.8810123082073338,1.5528619289398191
dancnet:v3ll,0210_noise_switch,noise_switch,0.0,1.9249529838562012,0.8665376313418203,0.6859667261649641,10.441291099812616,10.47046690982456,5.304715553235239,2.534226894378662,,,
dancnet:v3ll,0211_noise_switch,noise_switch,5.0,1.8626679182052612,0.9102673206982472,0.8064456955609632,12.348865766237552,12.192380046070216,5.872745549745922,2.49765682220459,,,
dancnet:v3ll,0212_noise_switch,noise_switch,0.0,1.859858751296997,0.8783032282342924,0.7548044539887979,11.795327607613189,11.804476008686317,6.955983380460059,2.470581293106079,,,
dancnet:v3ll,0213_noise_switch,noise_switch,5.0,1.966301679611206,0.9299957563086568,0.7923265248330877,11.983395787084604,11.821103692112713,6.775345087915395,2.803427457809448,,,
dancnet:v3ll,0214_noise_switch,noise_switch,0.0,1.3895763158798218,0.844424541898628,0.7413832632042313,10.662156087944394,10.467764920412773,3.8041932454266543,1.8112244606018064,,,
dancnet:v3ll,0215_noise_switch,noise_switch,5.0,2.153531312942505,0.9457481804042144,0.8698736771850056,13.20885721154381,12.783516221493116,8.32979152555935,2.84769868850708,,,
dancnet:v3ll,0216_noise_switch,noise_switch,0.0,1.8309900760650637,0.6793995702397474,0.5928823830350125,11.091793295197652,10.84510463728414,5.615000260598111,2.636705160140991,,,
dancnet:v3ll,0217_noise_switch,noise_switch,5.0,2.0202579498291016,0.9004088260455376,0.7898614620345459,11.398883151572864,11.229588107258868,7.629513050587417,2.708527088165283,,,
dancnet:v3ll,0218_noise_switch,noise_switch,0.0,1.5697083473205566,0.8494803122261853,0.6654008612744081,7.368944767390775,7.875245069632339,3.6012816945846633,2.115654468536377,,,
dancnet:v3ll,0219_noise_switch,noise_switch,5.0,2.2744765281677246,0.9582768668918172,0.8786187465031687,13.134339221177395,12.925446307096925,8.354803814119272,3.0411486625671387,,,
dancnet:v3ll,0220_noise_switch,noise_switch,0.0,1.1862651109695437,0.8905041763488891,0.7290890707906588,7.458695703773514,7.978741415410864,5.09520509647313,2.69076156616211,,,
dancnet:v3ll,0221_noise_switch,noise_switch,5.0,1.7427737712860107,0.8903252156674176,0.7429409311493789,12.40704014343596,11.88151372533363,7.144800084021042,2.9876813888549805,,,
dancnet:v3ll,0222_noise_switch,noise_switch,0.0,2.203592300415039,0.902149234272195,0.8332619896174265,11.498173893116954,11.501111564262786,9.056861704856969,2.694124460220337,,,
dancnet:v3ll,0223_noise_switch,noise_switch,5.0,2.2502851486206055,0.9293706906589811,0.8556376334097608,12.638187153355156,12.521347903203685,6.944441048734783,2.786357879638672,,,
dancnet:v3ll,0224_noise_switch,noise_switch,0.0,1.1910791397094729,0.939684947419308,0.8679999596924511,3.242089725672654,3.7847584031355814,8.959842109796035,3.144203186035156,,,
dancnet:v3ll,0225_noise_switch,noise_switch,5.0,2.1551012992858887,0.9109500470267148,0.8111880631417799,11.631954592719747,11.442648800291014,7.428914213939161,2.6468756198883057,,,
dancnet:v3ll,0226_noise_switch,noise_switch,0.0,1.7103357315063477,0.8412295237810299,0.7110852046474396,9.407378328464375,9.578999556209787,6.762524835775217,2.3986613750457764,,,
dancnet:v3ll,0227_noise_switch,noise_switch,5.0,1.934004545211792,0.945733860111362,0.8232483336978531,12.004329757168591,11.789234174535103,7.050900903220672,2.9299840927124023,,,
dancnet:v3ll,0228_noise_switch,noise_switch,0.0,1.7115845680236816,0.879404438042624,0.7561463877997874,6.598364253962677,7.196782946712914,5.995414808847722,2.393223762512207,,,
dancnet:v3ll,0229_noise_switch,noise_switch,5.0,2.195396661758423,0.9591236115933036,0.8845530594847838,13.019844004924336,12.886658476234016,8.79530654600604,2.877000570297241,,,
dancnet:v3ll,0230_noise_switch,noise_switch,0.0,1.8627686500549316,0.8694939300666004,0.7824788917417345,10.094802527781724,10.23416868666615,7.379657500763773,2.7867889404296875,,,
dancnet:v3ll,0231_noise_switch,noise_switch,5.0,2.5192008018493652,0.9458752515027268,0.8724865178772002,13.455979587435843,13.031710496547149,10.753716522196209,3.1856272220611572,,,
dancnet:v3ll,0232_noise_switch,noise_switch,0.0,1.5658657550811768,0.8659985466704562,0.7353101040678289,6.8472918238089004,7.532285315630995,4.8957785275081385,2.2127180099487305,,,
dancnet:v3ll,0233_noise_switch,noise_switch,5.0,2.1971182823181152,0.9360132268201375,0.8591899813565278,11.804479177031142,11.834759277365974,9.922767045848534,2.7635388374328613,,,
dancnet:v3ll,0234_noise_switch,noise_switch,0.0,1.6784372329711914,0.8562359819023801,0.689503537487844,8.112331605785167,8.410358622923415,5.424684615057324,2.20611310005188,,,
dancnet:v3ll,0235_noise_switch,noise_switch,5.0,1.8427106142044067,0.8388368853226379,0.7421703074170223,10.136026607502655,10.451150469066988,8.917493663288768,2.6429316997528076,,,
dancnet:v3ll,0236_noise_switch,noise_switch,0.0,1.671676516532898,0.8873324493425571,0.7718080217327193,11.64145015271962,11.428938955882217,8.914858389339424,2.2075252532958984,,,
dancnet:v3ll,0237_noise_switch,noise_switch,5.0,2.1427106857299805,0.9171557673679104,0.8375683317116516,11.258482926077242,11.10370417309626,4.635680918571359,2.724447250366211,,,
dancnet:v3ll,0238_noise_switch,noise_switch,0.0,1.6171953678131104,0.8686423932515476,0.7179505864583761,9.859021435445252,10.038822404280838,5.324179900864167,2.3833582401275635,,,
dancnet:v3ll,0239_noise_switch,noise_switch,5.0,2.329648733139038,0.9139253868493936,0.7832855264767449,14.14043344736764,13.630552884347528,9.184803627299589,3.0246548652648926,,,
dancnet:v3ll,0240_hum400,hum400,0.0,2.3030354976654053,0.8232083228765132,0.7240087447828665,11.22425379192665,11.297379912607452,7.104174642480542,3.037302255630493,,,
dancnet:v3ll,0241_hum400,hum400,5.0,2.60811448097229,0.9676048245555254,0.919988851886692,10.755059998167573,11.075247072888812,6.568640526381617,3.1267220973968506,,,
dancnet:v3ll,0242_hum400,hum400,0.0,2.111419677734375,0.9173911230580636,0.811690823314555,9.839800920967123,10.214010191973284,7.002273564416564,2.7607133388519287,,,
dancnet:v3ll,0243_hum400,hum400,5.0,2.981962203979492,0.9741542122918712,0.906110704906946,12.87664151786566,12.903667571707508,9.805025627052014,3.4859743118286133,,,
dancnet:v3ll,0244_hum400,hum400,0.0,2.0089197158813477,0.924934597852145,0.7993294369676165,9.630679899385823,9.874665964634866,5.852504086410061,3.0165624618530273,,,
dancnet:v3ll,0245_hum400,hum400,5.0,2.800532579421997,0.965261971298978,0.8844797188390217,13.929007560906053,13.403105866071524,5.93272946394182,3.4534497261047363,,,
dancnet:v3ll,0246_hum400,hum400,0.0,1.7305233478546145,0.8897318004727527,0.8234954486715328,7.46252390831485,8.137191349018654,4.420814644335812,2.4662256240844727,,,
dancnet:v3ll,0247_hum400,hum400,5.0,2.7025933265686035,0.946401584419908,0.9008738564061186,10.847693519168228,11.148481536671708,7.205934150660708,3.2405097484588623,,,
dancnet:v3ll,0248_hum400,hum400,0.0,2.3746936321258545,0.8899407778261103,0.7600160256289237,8.938963994670475,9.296340893340776,5.725851318208104,2.9223344326019287,,,
dancnet:v3ll,0249_hum400,hum400,5.0,2.6699063777923584,0.9513222721163,0.8826567253441525,12.11722214677,12.163622076993963,8.286942068661062,3.2524213790893555,,,
dancnet:v3ll,0250_hum400,hum400,0.0,2.227213144302368,0.9362437898084172,0.8399839971455121,10.924081988621086,11.067807196449753,6.551725462328515,2.9215002059936523,,,
dancnet:v3ll,0251_hum400,hum400,5.0,2.669157028198242,0.9518922365208126,0.8746055813007313,13.929614051222496,13.812817357423224,7.501979886036634,3.3449766635894775,,,
dancnet:v3ll,0252_hum400,hum400,0.0,2.046398878097534,0.9482728613455872,0.8326102957564884,8.518176447368578,9.0433093875585,5.829936542843832,2.974458694458008,,,
dancnet:v3ll,0253_hum400,hum400,5.0,2.493072509765625,0.8508619560192854,0.6658749233971535,13.134783541437589,13.222929940363096,5.127779263981999,3.085540771484375,,,
dancnet:v3ll,0254_hum400,hum400,0.0,1.9470336437225344,0.9233932104601236,0.8453449629976194,12.215669486387476,12.141256933011892,9.28976127343334,2.7388949394226074,,,
dancnet:v3ll,0255_hum400,hum400,5.0,2.290595293045044,0.9508404666866462,0.9149915855159274,12.3807676357287,12.314645918399476,4.406174927116443,3.139899492263794,,,
dancnet:v3ll,0256_hum400,hum400,0.0,1.917342185974121,0.9239679500497232,0.8510695051334777,9.765225595654336,10.186537404641747,7.753685395261669,2.5498785972595215,,,
dancnet:v3ll,0257_hum400,hum400,5.0,2.313279151916504,0.9588451221815986,0.8775940962419498,11.959159249705005,11.960681167913432,5.17120858014648,3.0440220832824707,,,
dancnet:v3ll,0258_hum400,hum400,0.0,2.2895760536193848,0.938842091327622,0.8201685217735427,9.226946216738488,9.652210899543524,7.065751358027046,2.985507011413574,,,
dancnet:v3ll,0259_hum400,hum400,5.0,2.5839180946350098,0.956076462701366,0.9053278262153474,15.547117355075104,14.9627464495858,6.824849560169144,3.386183500289917,,,
dancnet:v3ll,0260_hum400,hum400,0.0,2.0781073570251465,0.8831372583258782,0.80218383021171,8.873854030306042,9.337387967949706,6.291446730693457,2.8621349334716797,,,
dancnet:v3ll,0261_hum400,hum400,5.0,2.8721649646759033,0.958782807641217,0.864035144812899,12.416818896546127,11.720710265224945,6.846497806729724,3.499812126159668,,,
dancnet:v3ll,0262_hum400,hum400,0.0,1.9773436784744265,0.9141091649187708,0.8033878142748704,11.4211842496981,11.579260478442638,1.4467821788215527,2.565478801727295,,,
dancnet:v3ll,0263_hum400,hum400,5.0,2.6231374740600586,0.9569147939218052,0.8970557814575947,14.258513256047644,14.187994357022651,6.193978046840719,3.536848783493042,,,
dancnet:v3ll,0264_hum400,hum400,0.0,2.1119637489318848,0.9285680170323038,0.8593354505169138,11.431807898040647,11.40732669820198,7.0220270946588155,2.828382730484009,,,
dancnet:v3ll,0265_hum400,hum400,5.0,3.011699676513672,0.959152260630616,0.9264959663778832,14.017898874210053,13.829588937066829,8.997140179252328,3.5096006393432617,,,
dancnet:v3ll,0266_hum400,hum400,0.0,2.2787845134735107,0.9175624786560864,0.8471047516670137,9.660372269164345,9.788058432074076,7.499545083891417,2.8613836765289307,,,
dancnet:v3ll,0267_hum400,hum400,5.0,2.6138200759887695,0.958210803825606,0.9069373225588494,13.396593045040229,13.27797532655032,3.213418112514607,3.0135393142700195,,,
dancnet:v3ll,0268_hum400,hum400,0.0,2.1864013671875,0.9377494074221812,0.847229150744058,9.856990407154036,10.073001227625053,7.268740138517254,2.7481532096862793,,,
dancnet:v3ll,0269_hum400,hum400,5.0,2.7193164825439453,0.9347792730849444,0.8487053840598134,13.552195979948456,13.73040497901718,9.37812483606044,3.459113121032715,,,
dancnet:v3ll,0270_crew_babble,crew_babble,0.0,1.1760326623916626,0.6600011146843754,0.3876936281986948,-2.5711940751686377,-1.8558186187791543,-1.156047261597826,1.6149961948394775,,,
dancnet:v3ll,0271_crew_babble,crew_babble,5.0,1.2341190576553345,0.8276574888068006,0.6754284632649877,5.09310375181369,4.815069847591954,2.9313785138891935,1.7125554084777832,,,
dancnet:v3ll,0272_crew_babble,crew_babble,10.0,1.3567672967910769,0.8795513422668331,0.7359590975695789,8.696289581926775,8.793426575254289,5.4610574232939735,1.9964184761047363,,,
dancnet:v3ll,0273_crew_babble,crew_babble,0.0,1.0715492963790894,0.5486711313756831,0.3674076933573861,-0.1065503264334299,0.3670900884290964,-1.0245895249247758,1.1772879362106323,,,
dancnet:v3ll,0274_crew_babble,crew_babble,5.0,1.0749977827072144,0.735082613679367,0.581641860069617,1.187877535861309,1.8940500863276857,3.904229360221827,1.236414074897766,,,
dancnet:v3ll,0275_crew_babble,crew_babble,10.0,1.4397889375686646,0.8657059241434084,0.6908031444216988,9.485442800699362,9.079734861462583,3.3634413888757786,2.049998998641968,,,
dancnet:v3ll,0276_crew_babble,crew_babble,0.0,1.1133776903152466,0.6628070875647506,0.4461797335501523,-1.2786457779286011,-0.3915563230458314,-1.8537429155850895,1.415867567062378,,,
dancnet:v3ll,0277_crew_babble,crew_babble,5.0,1.1882104873657229,0.7809563116473498,0.5898283201332871,3.4283181263877887,4.122205858532678,3.159341192828743,1.7182774543762207,,,
dancnet:v3ll,0278_crew_babble,crew_babble,10.0,1.3394620418548584,0.8013665695692963,0.649175426146324,8.615599402078207,8.850054794726951,6.084080145838423,2.0784411430358887,,,
dancnet:v3ll,0279_crew_babble,crew_babble,0.0,1.0689057111740112,0.4663982807174117,0.3488314094367284,-0.8620588080167726,0.16297026318273,0.4165493628080658,1.4719089269638062,,,
dancnet:v3ll,0280_crew_babble,crew_babble,5.0,1.3221055269241333,0.7650359538131345,0.6153548292783574,5.455927439041318,5.908107017309783,1.4732677193857429,1.761823296546936,,,
dancnet:v3ll,0281_crew_babble,crew_babble,10.0,1.1497368812561035,0.8168684000921187,0.6130891468756136,5.071993035296564,5.583383164286776,1.0740029015539967,1.694714903831482,,,
dancnet:v3ll,0282_crew_babble,crew_babble,0.0,1.0938127040863037,0.7293786641572401,0.5864630315537392,-1.0071921069129506,-0.9852219375986472,0.2552652076939144,1.4721145629882812,,,
dancnet:v3ll,0283_crew_babble,crew_babble,5.0,1.111656904220581,0.7272404485114644,0.5216799551815312,4.198109503456528,4.289305528377658,1.3290259366592934,1.5733407735824585,,,
dancnet:v3ll,0284_crew_babble,crew_babble,10.0,1.4882090091705322,0.811416150345204,0.6518654300360877,9.77361278671775,9.54264643924878,2.943007528048919,2.0781021118164062,,,
dancnet:v3ll,0285_crew_babble,crew_babble,0.0,1.102940559387207,0.6569958028607714,0.4470716015773656,0.5290725422873384,0.8063864644952792,0.1650737484553015,1.3831584453582764,,,
dancnet:v3ll,0286_crew_babble,crew_babble,5.0,1.214349627494812,0.794838290576387,0.5479819820406784,5.365113603517214,5.276026095089959,1.996899218595439,1.6896162033081057,,,
dancnet:v3ll,0287_crew_babble,crew_babble,10.0,1.152431845664978,0.7239197627703065,0.6208728812242063,9.569706755055996,9.125763806090394,7.130846168262601,1.4643995761871338,,,
dancnet:v3ll,0288_crew_babble,crew_babble,0.0,1.1182968616485596,0.6349786233428455,0.3914345277288986,-0.8137707996628097,-0.1111415374521641,-1.2298398319524662,1.3957372903823853,,,
dancnet:v3ll,0289_crew_babble,crew_babble,5.0,1.2057467699050903,0.8329170672378168,0.6780254722502799,5.008222327822834,5.099523405419855,3.358574331754551,1.7982850074768066,,,
dancnet:v3ll,0290_crew_babble,crew_babble,10.0,1.670859694480896,0.8329607791066268,0.6581980602306959,9.89735209059576,9.734621398556133,4.637343744996308,2.2605509757995605,,,
dancnet:v3ll,0291_crew_babble,crew_babble,0.0,1.0651527643203735,0.6090234317467526,0.4002394651576123,-1.5992566129058408,0.188761816133572,0.8652629795166482,1.313677430152893,,,
dancnet:v3ll,0292_crew_babble,crew_babble,5.0,1.214725375175476,0.7691302465011568,0.6186792480143537,5.917437888414377,5.732480879629991,2.2951358532276593,1.769477128982544,,,
dancnet:v3ll,0293_crew_babble,crew_babble,10.0,1.760887622833252,0.8592943369806545,0.6980326690870674,7.78707026839279,7.56864047459152,5.524126355633717,2.8777811527252197,,,
dancnet:v3ll,0294_crew_babble,crew_babble,0.0,1.06658935546875,0.6480986394040774,0.4508426385198664,-0.808204246264188,-0.222254169468365,-0.6568053193150785,1.2621381282806396,,,
dancnet:v3ll,0295_crew_babble,crew_babble,5.0,1.0963445901870728,0.7920703893257841,0.5714800404835031,3.3217794829137697,3.7406450762328576,2.4670850451085258,1.4579344987869265,,,
dancnet:v3ll,0296_crew_babble,crew_babble,10.0,1.3069446086883545,0.8484294330294003,0.6625803918577292,9.61293812447824,9.63276537291357,3.3434646940519155,2.1925644874572754,,,
dancnet:v3ll,0297_crew_babble,crew_babble,0.0,1.0562037229537964,0.6540995732389175,0.4229758264619954,1.3624327810863892,2.201302369732348,0.0748550555041703,1.2752351760864258,,,
dancnet:v3ll,0298_crew_babble,crew_babble,5.0,1.219028115272522,0.6784829529339532,0.5228182275280803,4.813470809254921,5.00260171019195,4.101342131579067,1.86783766746521,,,
dancnet:v3ll,0299_crew_babble,crew_babble,10.0,1.667109489440918,0.9022401889254504,0.7995857910270693,10.70091218129648,10.631512232079622,8.213366260088078,2.4087769985198975,,,
dancnet:v3ll,0300_long_stream,long_stream,5.0,2.2136855125427246,0.9174429562333772,0.8240534444008405,12.682424940368747,12.439458404035218,9.338337844250988,2.9714841842651367,,,
dancnet:v3ll,0301_long_stream,long_stream,5.0,2.4428231716156006,0.9307423143060074,0.8570032199235944,12.048663737536828,11.999259507242728,8.614417833544406,2.983281135559082,,,
dancnet:v3ll,0302_long_stream,long_stream,5.0,2.328876256942749,0.9169411337838194,0.8393205373582684,12.068984041323244,11.959318755637444,7.502691201669419,3.045661211013794,,,
dancnet:v3ll,0303_long_stream,long_stream,5.0,2.272221565246582,0.92818048482068,0.8547730772548463,10.569364457249456,10.675085122562542,7.305456647481038,3.0191173553466797,,,
dancnet:abl_base,0000_clip_heavy,clip_heavy,0.0,1.291325926780701,0.8513608756940713,0.7055067018704653,5.007602801848389,6.15586845585824,3.3789676185058752,1.756353735923767,,,
dancnet:abl_base,0001_clip_heavy,clip_heavy,5.0,1.4176857471466064,0.7979195821230627,0.65984170068456,5.613249945435703,5.769566717314602,4.62608881035691,1.9638214111328125,,,
dancnet:abl_base,0002_clip_heavy,clip_heavy,0.0,2.267672300338745,0.9510640035242972,0.8892953842882457,14.345495476667471,14.385851814652986,8.003164131895376,2.720400333404541,,,
dancnet:abl_base,0003_clip_heavy,clip_heavy,5.0,1.6917012929916382,0.8399248293231628,0.6856465641268672,9.764650268105548,9.971815045349942,6.242114577512816,2.414419651031494,,,
dancnet:abl_base,0004_clip_heavy,clip_heavy,0.0,3.509125232696533,0.931109510584014,0.9055204720391712,16.57750298227961,15.936249260880624,14.784630076250457,3.5576000213623047,,,
dancnet:abl_base,0005_clip_heavy,clip_heavy,5.0,1.4400577545166016,0.8648012993515702,0.705089783957098,6.503261261293748,6.140475440707015,4.172852583429767,2.2112820148468018,,,
dancnet:abl_base,0006_clip_heavy,clip_heavy,0.0,2.0330183506011963,0.9468451315129032,0.9217005024412092,9.41899346313517,9.649568869732404,16.572510649820448,2.642599582672119,,,
dancnet:abl_base,0007_clip_heavy,clip_heavy,5.0,1.314851999282837,0.7882139537969589,0.6944220933228948,5.09290314744495,5.699263822606689,2.901017909453076,1.987226963043213,,,
dancnet:abl_base,0008_clip_heavy,clip_heavy,0.0,2.1521899700164795,0.973555273409394,0.9395525558338264,12.74710143057559,12.57198426187604,14.117496063664175,3.1873996257781982,,,
dancnet:abl_base,0009_clip_heavy,clip_heavy,5.0,1.461618423461914,0.8631332929374662,0.7470876169750084,8.211704751966582,8.613362483722769,5.758913639806274,2.2436187267303467,,,
dancnet:abl_base,0010_clip_heavy,clip_heavy,0.0,1.3280773162841797,0.786872103248793,0.6178706128952923,4.270372778439842,5.387484822858185,5.73590227813127,1.9176342487335205,,,
dancnet:abl_base,0011_clip_heavy,clip_heavy,5.0,1.2495447397232056,0.8958895008668061,0.7232307624051758,6.474122044713769,6.675161088993744,3.4574225010023003,2.193399429321289,,,
dancnet:abl_base,0012_clip_heavy,clip_heavy,0.0,1.821273922920227,0.9666669793813494,0.9280428974949017,8.210506981390195,8.482086691106382,5.955730354000578,3.2670817375183105,,,
dancnet:abl_base,0013_clip_heavy,clip_heavy,5.0,1.576253890991211,0.904038768956742,0.8007132601023413,8.804704459440835,8.798692225659885,5.388145613826386,2.3904407024383545,,,
dancnet:abl_base,0014_clip_heavy,clip_heavy,0.0,1.3971644639968872,0.9072115208518968,0.7770355947021942,6.953355774816341,7.719632459953844,5.672420211354881,2.357574224472046,,,
dancnet:abl_base,0015_clip_heavy,clip_heavy,5.0,1.526263952255249,0.8909815639894597,0.7336010878349979,6.781467666771972,7.426493492009953,4.504867379718992,2.5328290462493896,,,
dancnet:abl_base,0016_clip_heavy,clip_heavy,0.0,2.084787368774414,0.884412589233865,0.8350359911153562,10.316995521056407,10.608688299621145,11.798043978584223,2.8006176948547363,,,
dancnet:abl_base,0017_clip_heavy,clip_heavy,5.0,1.5169994831085205,0.8801373849414788,0.7355089256132543,6.994574017996301,7.328118082039926,3.2122840726609185,2.2592861652374268,,,
dancnet:abl_base,0018_clip_heavy,clip_heavy,0.0,1.439936876296997,0.8833685959142493,0.7925051241698429,6.100765232722342,6.511252033595598,7.3572356862927855,1.963650703430176,,,
dancnet:abl_base,0019_clip_heavy,clip_heavy,5.0,1.563335657119751,0.958030986634839,0.9266153754576716,11.27674667435819,11.384094734358598,11.388051377572344,2.4420430660247803,,,
dancnet:abl_base,0020_clip_heavy,clip_heavy,0.0,1.6449482440948486,0.8780016674524023,0.7915874166242901,7.579960616893483,7.718163953264321,9.623880424105913,2.5263681411743164,,,
dancnet:abl_base,0021_clip_heavy,clip_heavy,5.0,1.6688989400863647,0.9428648785103332,0.8516135262160582,9.219800347149954,9.52966405489747,5.699492935799565,2.53299617767334,,,
dancnet:abl_base,0022_clip_heavy,clip_heavy,0.0,3.850139141082764,0.9840884251354028,0.9767793610360944,18.547306389379088,18.23625709602422,17.316656684740195,4.065923690795898,,,
dancnet:abl_base,0023_clip_heavy,clip_heavy,5.0,1.471200942993164,0.8013117423267354,0.6582504524938393,6.04819578112598,6.38839448290954,5.071390041393161,2.1426186561584473,,,
dancnet:abl_base,0024_clip_heavy,clip_heavy,0.0,1.438201904296875,0.8477408965076719,0.722411562794801,7.596884062620836,8.201776771803356,6.948380127387501,2.0556390285491943,,,
dancnet:abl_base,0025_clip_heavy,clip_heavy,5.0,1.7282218933105469,0.8940986223175046,0.7594233826355226,9.534186369275597,9.954540995189378,7.871167389095326,2.5503780841827393,,,
dancnet:abl_base,0026_clip_heavy,clip_heavy,0.0,1.273418664932251,0.7796527476138739,0.6068995370856833,7.071419442199684,7.715221042806783,6.848707066039123,1.8578622341156008,,,
dancnet:abl_base,0027_clip_heavy,clip_heavy,5.0,1.4188761711120603,0.870285684544102,0.6994416138131949,7.382576574515822,7.078497604356382,4.8669110041643675,2.185096740722656,,,
dancnet:abl_base,0028_clip_heavy,clip_heavy,0.0,1.3574275970458984,0.8997879658130088,0.8573327667011693,9.703216432424476,9.958599975024944,7.467535568340489,2.030527353286743,,,
dancnet:abl_base,0029_clip_heavy,clip_heavy,5.0,1.2814087867736816,0.8825332020164652,0.7947348773237274,11.323012645881644,11.556388432888138,7.271586062806604,2.076319694519043,,,
dancnet:abl_base,0030_level_low,level_low,0.0,1.7090611457824707,0.8087026986049387,0.6237474870643761,9.910777672495888,10.32050493331846,3.671594131162412,2.1412465572357178,,,
dancnet:abl_base,0031_level_low,level_low,5.0,1.5771784782409668,0.8262485721067545,0.6911502988009228,8.545069380106446,9.112087590225268,6.204081487343306,2.160992383956909,,,
dancnet:abl_base,0032_level_low,level_low,10.0,2.837526798248291,0.981560113808884,0.955833448656546,12.883134852519104,12.74854539322906,14.76129451349863,3.6369590759277344,,,
dancnet:abl_base,0033_level_low,level_low,0.0,1.6744170188903809,0.8843510236530207,0.7841336850105156,8.322352609351075,8.881787979179803,6.954459124559246,2.5731353759765625,,,
dancnet:abl_base,0034_level_low,level_low,5.0,1.856863260269165,0.8883069586615001,0.6559153504026216,11.30246343458535,11.542568720966626,5.280243939068295,2.615117073059082,,,
dancnet:abl_base,0035_level_low,level_low,10.0,2.2703614234924316,0.9432976435077556,0.8865069259722248,15.517626376102616,15.013031013906176,8.853630501643979,3.3757619857788086,,,
dancnet:abl_base,0036_level_low,level_low,0.0,1.642408847808838,0.8640975842145799,0.6892631842130806,8.966809513887826,9.46898087188153,7.519347434621944,2.536411762237549,,,
dancnet:abl_base,0037_level_low,level_low,5.0,1.9146599769592283,0.8968640438453219,0.8199684463050797,11.65436919182364,11.793672128457862,9.531788086930291,3.005044221878052,,,
dancnet:abl_base,0038_level_low,level_low,10.0,1.6977790594100952,0.931124652354856,0.829463542561236,14.8748721460042,15.013108639699665,8.63512194753707,2.3546252250671387,,,
dancnet:abl_base,0039_level_low,level_low,0.0,2.6535911560058594,0.959574743184551,0.8874201987960599,11.281597718419786,11.469576397054093,9.220483775449576,3.5155811309814453,,,
dancnet:abl_base,0040_level_low,level_low,5.0,1.9458063840866089,0.9087723762492672,0.8217346456354829,12.431732650975718,12.387625593644763,8.474325215062787,2.5723912715911865,,,
dancnet:abl_base,0041_level_low,level_low,10.0,2.0277020931243896,0.8988528677739805,0.7650267029914971,12.64392192125581,12.606102606407465,8.774518877990756,2.8158416748046875,,,
dancnet:abl_base,0042_level_low,level_low,0.0,1.6854898929595947,0.8475119074149488,0.6883043045548658,8.557850149433484,9.067379399177286,2.5925746083312182,2.438124656677246,,,
dancnet:abl_base,0043_level_low,level_low,5.0,1.9728937149047852,0.8615914899280445,0.8251628495555967,13.677647968268095,13.469913903283512,10.064177770048694,2.2155611515045166,,,
dancnet:abl_base,0044_level_low,level_low,10.0,2.427313804626465,0.9516735572828188,0.8812123403584546,16.04923339008691,15.99775733922111,12.98533248465924,3.1049137115478516,,,
dancnet:abl_base,0045_level_low,level_low,0.0,1.4032907485961914,0.7172968023409942,0.5319490981000851,8.459894865788312,8.9745997923933,4.9689875580188945,1.9835516214370728,,,
dancnet:abl_base,0046_level_low,level_low,5.0,1.6544156074523926,0.9200751361283844,0.7759614487715663,7.43976471744511,7.801154031834477,4.513830350932745,2.86648941040039,,,
dancnet:abl_base,0047_level_low,level_low,10.0,3.454806089401245,0.9045625122241444,0.8457699649907874,20.44404292980149,19.611232788023717,12.545991174153349,4.147520065307617,,,
dancnet:abl_base,0048_level_low,level_low,0.0,1.7656173706054688,0.95445793739216,0.8995484880065459,10.149454857290108,10.517278239897577,15.368573638132474,2.80651330947876,,,
dancnet:abl_base,0049_level_low,level_low,5.0,1.6814770698547363,0.8218316663934488,0.7165562036939074,11.87062725357154,11.92116797661904,8.0730966125227,2.1875486373901367,,,
dancnet:abl_base,0050_level_low,level_low,10.0,2.160996913909912,0.9275498184102804,0.8403859526725783,16.294541648378875,16.339580614101074,10.126911348329688,2.823291778564453,,,
dancnet:abl_base,0051_level_low,level_low,0.0,1.9918954372406008,0.9566194874583084,0.8125960613058513,7.144871077495192,7.540007600555919,4.445711520593797,2.978797435760498,,,
dancnet:abl_base,0052_level_low,level_low,5.0,1.6499412059783936,0.965112223103386,0.8763435047591366,8.310154362363702,8.321281826251118,5.139707921570147,2.49251127243042,,,
dancnet:abl_base,0053_level_low,level_low,10.0,1.4386837482452393,0.8556596007242139,0.7690084580094456,13.412906098808048,13.314700652591815,15.09560420677567,1.8297789096832275,,,
dancnet:abl_base,0054_level_low,level_low,0.0,1.4002503156661987,0.7406953093841546,0.5174152168016933,6.0544047149952815,7.012437425668764,2.362502122466088,1.814805030822754,,,
dancnet:abl_base,0055_level_low,level_low,5.0,1.7613333463668823,0.8603586904840967,0.8007742517729661,14.573683780140067,14.716751754626154,8.297679803670292,2.2915351390838623,,,
dancnet:abl_base,0056_level_low,level_low,10.0,3.784367561340332,0.9783179628917036,0.9749165804358596,20.408031841017017,19.35776655268856,20.21212088774862,4.052278518676758,,,
dancnet:abl_base,0057_level_low,level_low,0.0,1.3559134006500244,0.8444356333764766,0.651644133746534,6.067279644621257,6.81816445397631,3.282581784093814,1.7919299602508545,,,
dancnet:abl_base,0058_level_low,level_low,5.0,1.8987081050872805,0.784370566799207,0.6595205861312313,9.868524499641213,10.293008370922976,5.7216937254084135,3.069120407104492,,,
dancnet:abl_base,0059_level_low,level_low,10.0,2.2545270919799805,0.9344658427803236,0.8579397654241533,12.27085818677086,12.515114282814777,9.394083433948866,3.2441649436950684,,,
dancnet:abl_base,0060_level_high,level_high,5.0,1.815927505493164,0.8845167123379508,0.6816340263189083,10.698915580534658,10.983660198204936,6.971001936988049,2.6072983741760254,,,
dancnet:abl_base,0061_level_high,level_high,10.0,2.325230836868286,0.9082893068877071,0.8207242131779822,14.671104550458038,14.17532134010476,11.019961341196211,2.7198150157928467,,,
dancnet:abl_base,0062_level_high,level_high,5.0,2.3098583221435547,0.9511621847407152,0.8513547929376364,12.81874733807082,12.966807132446425,11.15275406708394,3.288910388946533,,,
dancnet:abl_base,0063_level_high,level_high,10.0,2.2240307331085205,0.9302290835278642,0.8326144749559066,14.853032275489984,14.982916074014902,11.190899890248016,2.8975439071655273,,,
dancnet:abl_base,0064_level_high,level_high,5.0,2.0224127769470215,0.907542752229655,0.7640670723572585,8.16287921396542,8.751939738793334,3.5763988943457807,3.282883644104004,,,
dancnet:abl_base,0065_level_high,level_high,10.0,2.397888660430908,0.9098196461411696,0.8072121626055867,17.325823465882525,16.45042552299526,9.239052519771116,3.401666164398194,,,
dancnet:abl_base,0066_level_high,level_high,5.0,1.7236754894256592,0.878928023453031,0.7609695036944392,11.384543961278617,11.45786617315374,8.695971937920376,2.375180959701538,,,
dancnet:abl_base,0067_level_high,level_high,10.0,2.241828441619873,0.9428252576525014,0.875909167414612,13.519160218592331,13.579581353377607,5.076284611062095,2.826004981994629,,,
dancnet:abl_base,0068_level_high,level_high,5.0,1.9493310451507568,0.8521506761603429,0.6925052831022254,11.853204993126395,12.028422543976184,7.037692277632541,2.6996936798095703,,,
dancnet:abl_base,0069_level_high,level_high,10.0,2.644958257675171,0.9592554670238348,0.8626685363532028,14.80667522972778,14.40017608288082,8.445753384405174,3.3322479724884033,,,
dancnet:abl_base,0070_level_high,level_high,5.0,1.7518689632415771,0.9313014354056331,0.8180587941871246,18.206344640543495,17.60574180848209,11.0266495549281,2.627206802368164,,,
dancnet:abl_base,0071_level_high,level_high,10.0,2.3218483924865723,0.9474690505221438,0.8395647814138427,17.242126716164776,17.28796976827307,10.078893417351775,2.963234186172486,,,
dancnet:abl_base,0072_level_high,level_high,5.0,1.8436721563339231,0.904129307383427,0.7758621575809449,10.802474890790794,11.103123233345018,5.518550052139105,2.373311758041382,,,
dancnet:abl_base,0073_level_high,level_high,10.0,1.9031157493591309,0.9132020426665968,0.8230881830590652,13.315850928884364,13.294457285716376,7.516165550956091,2.5713448524475098,,,
dancnet:abl_base,0074_level_high,level_high,5.0,1.926905870437622,0.9579494557033758,0.867070648297752,9.841863832267062,10.151516627186956,8.772980936891036,2.791511058807373,,,
dancnet:abl_base,0075_level_high,level_high,10.0,2.765268087387085,0.9535832631713508,0.9119048377219048,17.803640179567207,17.778527812301228,10.942853931110315,3.31718373298645,,,
dancnet:abl_base,0076_level_high,level_high,5.0,1.5275449752807615,0.8673008962276765,0.7719674272069863,6.003012723842447,6.60036711853885,6.1710491539654795,1.8631033897399905,,,
dancnet:abl_base,0077_level_high,level_high,10.0,3.306052923202514,0.9742012884314212,0.9230563671666464,20.189255336138277,19.01220951845199,16.485651345268554,3.626004695892334,,,
dancnet:abl_base,0078_level_high,level_high,5.0,2.260409355163574,0.9166657121953126,0.8408409410671637,11.154020180665006,11.474069011666202,12.669734425600437,2.9046247005462646,,,
dancnet:abl_base,0079_level_high,level_high,10.0,1.605427622795105,0.9410969894565642,0.8792944964938082,12.669849199782751,12.865950035894128,8.091267671229483,2.243081331253052,,,
dancnet:abl_base,0080_level_high,level_high,5.0,1.7123370170593262,0.9035989620834058,0.76950152548333,10.29216239640198,10.678649414891227,5.270022189828594,2.4503774642944336,,,
dancnet:abl_base,0081_level_high,level_high,10.0,1.8781156539916992,0.9249896638594546,0.8152864151013279,15.765040337464391,15.834613888262952,8.066430840949172,2.7744579315185547,,,
dancnet:abl_base,0082_level_high,level_high,5.0,2.590909481048584,0.9607090954888752,0.9102030560322268,13.72814621536125,13.666525156300388,10.818794638306766,3.4211738109588623,,,
dancnet:abl_base,0083_level_high,level_high,10.0,2.1475629806518555,0.9549161064905336,0.8743265866856461,15.10959892941638,15.102342707797725,7.817518143939157,2.8078877925872803,,,
dancnet:abl_base,0084_level_high,level_high,5.0,1.7270865440368652,0.8329677590135751,0.6284968634132161,10.179853943403728,10.440672001573134,5.604787970544282,2.379863739013672,,,
dancnet:abl_base,0085_level_high,level_high,10.0,2.0897603034973145,0.96252859942486,0.9328060747759572,14.881713948686324,14.771599758421718,12.579670365965711,2.981462001800537,,,
dancnet:abl_base,0086_level_high,level_high,5.0,2.0488314628601074,0.9556344090779728,0.8994752931916566,8.662218915065694,9.023448157819134,10.055005096604711,3.113741636276245,,,
dancnet:abl_base,0087_level_high,level_high,10.0,2.281367540359497,0.9641081110446734,0.8762814831329427,13.59208381416921,13.433557583727245,10.182014461293496,2.775792121887207,,,
dancnet:abl_base,0088_level_high,level_high,5.0,1.8214128017425537,0.8869952357919435,0.7723649071413563,7.193981574794703,7.932762317673775,5.626962623896109,2.5212414264678955,,,
dancnet:abl_base,0089_level_high,level_high,10.0,2.4344005584716797,0.9275984616069344,0.8297552689170649,14.26990023176782,14.412036303188437,7.308448486171828,3.304998874664306,,,
dancnet:abl_base,0090_reverb_cabin,reverb_cabin,5.0,3.0869455337524414,0.9893931761642012,0.9745109766596194,20.7123259590202,20.209609331965392,8.19147879883712,4.065112113952637,,,
dancnet:abl_base,0091_reverb_cabin,reverb_cabin,10.0,2.1676557064056396,0.9754893464328672,0.9229766640280824,15.02512973938266,14.929518925541254,5.934667639522127,3.215240955352783,,,
dancnet:abl_base,0092_reverb_cabin,reverb_cabin,5.0,1.3755780458450315,0.8834057075695616,0.7474170342471541,6.370617718392092,6.353195560690246,3.239288822306182,2.023822784423828,,,
dancnet:abl_base,0093_reverb_cabin,reverb_cabin,10.0,1.615100383758545,0.8341053568852436,0.6975019771583096,11.86400815711637,12.073184950667937,8.172234474394356,2.3773093223571777,,,
dancnet:abl_base,0094_reverb_cabin,reverb_cabin,5.0,1.1775833368301392,0.748491698840303,0.5566608979002736,2.3908028029674693,3.8929952314352514,2.308158266180817,1.6223443746566772,,,
dancnet:abl_base,0095_reverb_cabin,reverb_cabin,10.0,1.4224214553833008,0.8037107527976892,0.5872047775327696,4.362041500594412,5.0329567742313515,2.348155894665177,2.2805824279785156,,,
dancnet:abl_base,0096_reverb_cabin,reverb_cabin,5.0,1.3217954635620115,0.7658639504847113,0.498885647285095,4.612180692813382,5.626869160036562,2.481792512501366,2.1572375297546387,,,
dancnet:abl_base,0097_reverb_cabin,reverb_cabin,10.0,1.2929801940917969,0.7948592072019474,0.6217327598846717,1.7619092755896626,1.85925135157498,-0.1003316178283179,1.664182186126709,,,
dancnet:abl_base,0098_reverb_cabin,reverb_cabin,5.0,1.655466079711914,0.8876826564818582,0.7784604049909996,12.308838808056702,12.453677439079538,8.669451436284938,2.8564236164093018,,,
dancnet:abl_base,0099_reverb_cabin,reverb_cabin,10.0,3.0410614013671875,0.962122721074992,0.8955296585279845,14.748543608490971,14.736323177733098,10.795975514117972,3.392695665359497,,,
dancnet:abl_base,0100_reverb_cabin,reverb_cabin,5.0,1.4157111644744873,0.8031741259603775,0.5336734027693053,3.728556022011883,4.401992129319026,-2.2180587259776208,1.8956221342086792,,,
dancnet:abl_base,0101_reverb_cabin,reverb_cabin,10.0,2.4666290283203125,0.945513978683529,0.832810277349287,16.63314816727556,16.643303815809684,9.318797455397103,3.199448585510254,,,
dancnet:abl_base,0102_reverb_cabin,reverb_cabin,5.0,1.489277720451355,0.8304884052170235,0.6683315165008755,4.028400001336711,4.787449990488835,3.445474223981304,2.2275354862213135,,,
dancnet:abl_base,0103_reverb_cabin,reverb_cabin,10.0,1.2522461414337158,0.6925631678903792,0.5149581407964589,0.1478799860666567,1.314700954499323,0.6366862448890137,1.882648229598999,,,
dancnet:abl_base,0104_reverb_cabin,reverb_cabin,5.0,1.678482174873352,0.7252962574457466,0.507132825658732,5.766334666400418,6.750489052733632,3.5365218406535397,2.3431503772735596,,,
dancnet:abl_base,0105_reverb_cabin,reverb_cabin,10.0,1.7424099445343018,0.8974676998841333,0.7918792723785258,11.882493325641075,11.971547530287555,5.656822975346398,2.708469867706299,,,
dancnet:abl_base,0106_reverb_cabin,reverb_cabin,5.0,1.6963896751403809,0.830092817424303,0.5681601700224644,9.379464147332104,9.775801818949985,2.972473467790904,2.505244731903076,,,
dancnet:abl_base,0107_reverb_cabin,reverb_cabin,10.0,2.026777744293213,0.953017840354271,0.8704686632592402,14.093661831662674,13.94946407183152,8.14842283152223,3.0489656925201416,,,
dancnet:abl_base,0108_reverb_cabin,reverb_cabin,5.0,1.484392762184143,0.8063648061039302,0.6259571152068409,4.7959336730815885,5.437981266166052,2.4695561559372647,2.2697243690490723,,,
dancnet:abl_base,0109_reverb_cabin,reverb_cabin,10.0,1.684791922569275,0.8824803501099749,0.7902897367548963,6.894607523251426,7.560146480969499,5.437185756331197,2.080916166305542,,,
dancnet:abl_base,0110_reverb_cabin,reverb_cabin,5.0,1.893200159072876,0.9439874684602227,0.8475616653165046,11.25900457327974,11.512269207106677,5.9809309033013704,2.3528196811676025,,,
dancnet:abl_base,0111_reverb_cabin,reverb_cabin,10.0,1.66906476020813,0.8647289136701073,0.7375766372611756,12.105776106429534,12.195843594480966,6.041239330388055,2.1336424350738525,,,
dancnet:abl_base,0112_reverb_cabin,reverb_cabin,5.0,1.8876453638076784,0.8879034201582146,0.7314106809496284,9.83602501251664,10.247997805741775,3.543423243864772,2.740332841873169,,,
dancnet:abl_base,0113_reverb_cabin,reverb_cabin,10.0,2.1875040531158447,0.946142443350086,0.8822647346321527,14.588897170897798,14.52440528130072,7.118851458421218,3.1827094554901123,,,
dancnet:abl_base,0114_reverb_cabin,reverb_cabin,5.0,1.2873036861419678,0.7057789833825631,0.493390453438177,4.692992753680069,4.6058664850413304,1.192148308482931,1.809533953666687,,,
dancnet:abl_base,0115_reverb_cabin,reverb_cabin,10.0,2.516911268234253,0.9504789804656336,0.8746395140807414,12.582209305441456,12.630453378959,7.443747986465404,3.301231384277344,,,
dancnet:abl_base,0116_reverb_cabin,reverb_cabin,5.0,1.5796568393707275,0.8457390444136031,0.6559173587008016,10.623934879245082,10.94285566942282,0.9549198389264032,1.9768047332763672,,,
dancnet:abl_base,0117_reverb_cabin,reverb_cabin,10.0,2.7999656200408936,0.9519884815095664,0.914673720493322,14.379997849265749,14.388497860204607,13.319931534799103,3.370067834854126,,,
dancnet:abl_base,0118_reverb_cabin,reverb_cabin,5.0,1.940683126449585,0.909212330921198,0.7851157649978399,10.847976506983692,11.162133746728692,7.692483605704269,2.645860433578491,,,
dancnet:abl_base,0119_reverb_cabin,reverb_cabin,10.0,1.2192810773849487,0.636301259112812,0.5144340272541534,1.276288873434443,3.490159133539976,2.9906546410526236,1.665642023086548,,,
dancnet:abl_base,0120_radio_band,radio_band,5.0,1.724151611328125,0.8982392197149676,0.7948108127727284,10.177855472775398,10.562366151694905,5.454442494765758,2.1103293895721436,,,
dancnet:abl_base,0121_radio_band,radio_band,10.0,1.843012809753418,0.8972580541349131,0.8253767031847521,12.612358612804336,12.81342701680442,5.63700756978325,2.3149847984313965,,,
dancnet:abl_base,0122_radio_band,radio_band,5.0,3.288787364959717,0.9702269662760944,0.9380300697493396,10.11069033351931,10.510275783972087,12.721605534733303,3.699907064437866,,,
dancnet:abl_base,0123_radio_band,radio_band,10.0,2.6561756134033203,0.9332548230337404,0.8537369058678882,14.97761818496923,15.032785139756657,9.880689902880077,2.9294686317443848,,,
dancnet:abl_base,0124_radio_band,radio_band,5.0,1.774038791656494,0.8922905142318984,0.7472633966004468,9.798383340490268,10.17721240180393,1.9880887764613069,2.030531167984009,,,
dancnet:abl_base,0125_radio_band,radio_band,10.0,2.8335556983947754,0.9343034598726956,0.8633832321563399,17.78764886288999,17.73039941728346,11.51135659164003,3.172957420349121,,,
dancnet:abl_base,0126_radio_band,radio_band,5.0,1.6433601379394531,0.8788269839880246,0.7974451176088552,10.32281952190353,10.277223080408096,5.734261835939141,1.7293193340301514,,,
dancnet:abl_base,0127_radio_band,radio_band,10.0,2.2961978912353516,0.9372288892254604,0.8578101705149199,13.828894922594362,13.86496827522144,9.145300845437594,2.7416865825653076,,,
dancnet:abl_base,0128_radio_band,radio_band,5.0,1.9985581636428833,0.8512883278734108,0.6216410512451943,11.27549059832318,11.546985092189331,4.813335067758485,2.503826856613159,,,
dancnet:abl_base,0129_radio_band,radio_band,10.0,2.202357769012451,0.947725082349294,0.8770723333779622,14.044803815540094,14.047783190403544,8.33592810808277,2.5263257026672363,,,
dancnet:abl_base,0130_radio_band,radio_band,5.0,3.504409074783325,0.9571006807745652,0.9456953811018706,16.841283079927386,16.42742875552837,19.585883710479884,3.6673026084899902,,,
dancnet:abl_base,0131_radio_band,radio_band,10.0,2.3249917030334473,0.9500012510429612,0.887907035699145,12.404777957037648,12.646066066407531,7.847317843057682,2.87890887260437,,,
dancnet:abl_base,0132_radio_band,radio_band,5.0,3.789418220520019,0.9893073691197098,0.9657762246255536,19.481577358913416,19.489881854805976,13.870235848061728,4.072371482849121,,,
dancnet:abl_base,0133_radio_band,radio_band,10.0,2.2346351146698,0.916862770940544,0.8073980329987754,13.71808652880829,13.864727147677549,3.999264825769023,2.667867660522461,,,
dancnet:abl_base,0134_radio_band,radio_band,5.0,2.8740761280059814,0.9588631533387753,0.8871684620710202,11.255121752766104,11.329033218207025,11.918644507559586,2.957054376602173,,,
dancnet:abl_base,0135_radio_band,radio_band,10.0,2.371126174926758,0.9196318968819848,0.7741470385970545,15.200822067114164,15.0718256086767,7.298279729817557,2.905139684677124,,,
dancnet:abl_base,0136_radio_band,radio_band,5.0,1.6197905540466309,0.8592991471024028,0.7060589408245339,10.484810505369712,10.795117889230871,3.9037589771271777,2.1640279293060303,,,
dancnet:abl_base,0137_radio_band,radio_band,10.0,2.274780035018921,0.9500535777124868,0.8417819141512133,16.287031610607073,16.123219397825782,3.6606855333166246,2.643453359603882,,,
dancnet:abl_base,0138_radio_band,radio_band,5.0,4.185868263244629,0.9949071026351788,0.988105594161232,22.563363364588387,21.441090490845166,20.227281169412073,4.263786792755127,,,
dancnet:abl_base,0139_radio_band,radio_band,10.0,2.4354944229125977,0.952339244960057,0.8576679453465736,16.7056787910377,16.381696216568894,9.044748000862263,2.7678375244140625,,,
dancnet:abl_base,0140_radio_band,radio_band,5.0,2.064796209335327,0.8372911244385732,0.677319304273179,12.43906573897969,12.628119523466792,4.002720771363867,2.474353790283203,,,
dancnet:abl_base,0141_radio_band,radio_band,10.0,2.5480382442474365,0.9666431524315464,0.9192695785746988,19.72921837743328,19.12469893730021,13.285096534571656,3.0885257720947266,,,
dancnet:abl_base,0142_radio_band,radio_band,5.0,2.2078239917755127,0.9094316360746636,0.8701870525757304,12.391323039651668,12.613702306589769,8.676595787785288,2.7363548278808594,,,
dancnet:abl_base,0143_radio_band,radio_band,10.0,2.5689964294433594,0.9388800647522602,0.8718370599226332,16.636920859788628,16.726840883569768,9.719703930467096,2.8740077018737793,,,
dancnet:abl_base,0144_radio_band,radio_band,5.0,1.6495696306228638,0.8359284721858233,0.800599254966227,15.075495751809571,14.805912935472511,9.164860300730664,2.0572915077209473,,,
dancnet:abl_base,0145_radio_band,radio_band,10.0,2.635361671447754,0.9451976944804422,0.8660758584464566,16.329427194820415,16.236226277049656,9.277665078313744,3.007795572280884,,,
dancnet:abl_base,0146_radio_band,radio_band,5.0,2.163745880126953,0.9086438855516176,0.8294958904938448,11.111513824718624,11.435189766976832,9.830314229132815,2.74447250366211,,,
dancnet:abl_base,0147_radio_band,radio_band,10.0,1.904738426208496,0.8764763759462473,0.7479946482994012,13.230721867343972,13.431068792993324,5.883204048067684,2.4121806621551514,,,
dancnet:abl_base,0148_radio_band,radio_band,5.0,2.058234930038452,0.8767037379911155,0.7414858423172372,11.126722811488502,11.294052596540851,5.464791074342325,2.6390926837921143,,,
dancnet:abl_base,0149_radio_band,radio_band,10.0,3.0750439167022705,0.9545996646084614,0.8649600059495085,18.196942577534017,18.098561149588605,12.85671847618609,3.3802125453948975,,,
dancnet:abl_base,0150_noise_only,noise_only,,,,,,,,,21.950883865356445,,
dancnet:abl_base,0151_noise_only,noise_only,,,,,,,,,20.600757598876953,,
dancnet:abl_base,0152_noise_only,noise_only,,,,,,,,,30.177658081054688,,
dancnet:abl_base,0153_noise_only,noise_only,,,,,,,,,34.985267639160156,,
dancnet:abl_base,0154_noise_only,noise_only,,,,,,,,,27.454233169555664,,
dancnet:abl_base,0155_noise_only,noise_only,,,,,,,,,32.79850387573242,,
dancnet:abl_base,0156_noise_only,noise_only,,,,,,,,,26.50874137878418,,
dancnet:abl_base,0157_noise_only,noise_only,,,,,,,,,16.566396713256836,,
dancnet:abl_base,0158_noise_only,noise_only,,,,,,,,,30.116718292236328,,
dancnet:abl_base,0159_noise_only,noise_only,,,,,,,,,24.751495361328125,,
dancnet:abl_base,0160_noise_only,noise_only,,,,,,,,,16.970050811767578,,
dancnet:abl_base,0161_noise_only,noise_only,,,,,,,,,27.24605178833008,,
dancnet:abl_base,0162_noise_only,noise_only,,,,,,,,,37.289024353027344,,
dancnet:abl_base,0163_noise_only,noise_only,,,,,,,,,37.68212127685547,,
dancnet:abl_base,0164_noise_only,noise_only,,,,,,,,,28.368335723876953,,
dancnet:abl_base,0165_noise_only,noise_only,,,,,,,,,32.14720153808594,,
dancnet:abl_base,0166_noise_only,noise_only,,,,,,,,,32.878662109375,,
dancnet:abl_base,0167_noise_only,noise_only,,,,,,,,,33.167144775390625,,
dancnet:abl_base,0168_noise_only,noise_only,,,,,,,,,16.076156616210938,,
dancnet:abl_base,0169_noise_only,noise_only,,,,,,,,,17.98040008544922,,
dancnet:abl_base,0170_noise_only,noise_only,,,,,,,,,13.339658737182615,,
dancnet:abl_base,0171_noise_only,noise_only,,,,,,,,,21.80239486694336,,
dancnet:abl_base,0172_noise_only,noise_only,,,,,,,,,24.059661865234375,,
dancnet:abl_base,0173_noise_only,noise_only,,,,,,,,,33.9447021484375,,
dancnet:abl_base,0174_noise_only,noise_only,,,,,,,,,31.89345932006836,,
dancnet:abl_base,0175_noise_only,noise_only,,,,,,,,,39.25233459472656,,
dancnet:abl_base,0176_noise_only,noise_only,,,,,,,,,32.635711669921875,,
dancnet:abl_base,0177_noise_only,noise_only,,,,,,,,,19.18241310119629,,
dancnet:abl_base,0178_noise_only,noise_only,,,,,,,,,20.853307723999023,,
dancnet:abl_base,0179_noise_only,noise_only,,,,,,,,,29.885910034179688,,
dancnet:abl_base,0180_post_blast,post_blast,15.0,1.672354221343994,0.8913640817703171,0.816489272280288,9.385501137301013,9.85614871807502,9.751346211853573,2.4069292545318604,,0.7439129754667121,1.2541342973709106
dancnet:abl_base,0181_post_blast,post_blast,15.0,1.5129029750823977,0.9414055511218982,0.8845937369068665,13.53536840288614,13.586804930943298,10.134843517971795,3.0151851177215576,,0.8825941763955586,1.2828346490859983
dancnet:abl_base,0182_post_blast,post_blast,15.0,1.7296972274780271,0.874170760210073,0.7098911796000569,10.54910947675226,10.912616468824645,5.99419602511566,2.2889702320098877,,0.9789918605742752,1.922226905822754
dancnet:abl_base,0183_post_blast,post_blast,15.0,1.4340202808380127,0.8827998418168773,0.759512368907178,7.431488736584731,8.152253503856201,5.57389354303532,2.2880890369415283,,0.7908907281781956,1.1871535778045654
dancnet:abl_base,0184_post_blast,post_blast,15.0,2.054835319519043,0.9597561462763,0.8769925183107685,12.230540728724248,12.408142889019944,8.625346174902088,2.9558610916137695,,0.9739718581724276,1.9585671424865725
dancnet:abl_base,0185_post_blast,post_blast,15.0,2.797278881072998,0.8691225305255981,0.7343299593332848,13.273833252970809,13.221699763464144,8.657964544403658,3.436605453491211,,0.2959029642967734,1.1412618160247805
dancnet:abl_base,0186_post_blast,post_blast,15.0,1.4676525592803955,0.8317674931759961,0.678263347767032,7.421281044644704,8.076074651223408,4.3981902813121465,2.303321361541748,,0.8665217069079209,1.6175081729888916
dancnet:abl_base,0187_post_blast,post_blast,15.0,2.397862434387207,0.92705093830624,0.856800197031582,8.328475615149937,8.840197530820111,11.083670462187555,2.8501217365264893,,0.7882199506529235,1.2982990741729736
dancnet:abl_base,0188_post_blast,post_blast,15.0,1.7590279579162598,0.9032543947382916,0.7660576138525957,6.658550136269592,7.479513628627819,6.599446423462224,2.640349864959717,,0.9605582407023976,2.141399621963501
dancnet:abl_base,0189_post_blast,post_blast,15.0,1.1975857019424438,0.6874979160971826,0.5291077358870646,4.1505242844642,5.5567760203707035,5.518226128007669,1.5327825546264648,,0.8607216990957405,1.3404302597045898
dancnet:abl_base,0190_post_blast,post_blast,15.0,1.720930814743042,0.902644390586564,0.8282416365447589,11.366577666632748,11.60643888365238,7.833814924416702,3.173855781555176,,0.813601610790909,1.3849904537200928
dancnet:abl_base,0191_post_blast,post_blast,15.0,1.8247586488723757,0.9220287786065736,0.7730229138160704,8.315770137448462,8.903776707760509,4.889937546835253,2.808012008666992,,0.8183439054354193,1.3624882698059082
dancnet:abl_base,0192_post_blast,post_blast,15.0,1.4161144495010376,0.8136140013697001,0.7069195698993445,9.037187914190714,9.540715033805888,5.853020194048129,2.102308511734009,,0.9488754473420123,1.643920660018921
dancnet:abl_base,0193_post_blast,post_blast,15.0,1.2578822374343872,0.8892492572578325,0.756933386361904,12.312711319177652,12.559449319353131,9.585486009347802,2.9575979709625244,,0.7531458464687432,1.3806402683258057
dancnet:abl_base,0194_post_blast,post_blast,15.0,1.96946382522583,0.8827587048168595,0.7408828646563466,13.861523616672802,13.909932554374748,5.163536001683187,2.6129400730133057,,0.92878311948956,2.4132742881774902
dancnet:abl_base,0195_post_blast,post_blast,15.0,1.896446943283081,0.929144505558952,0.8250682393306173,4.3115065690248295,5.484903476633073,5.348449241026156,3.064073085784912,,0.9362656708381298,2.1127302646636963
dancnet:abl_base,0196_post_blast,post_blast,15.0,1.5696903467178345,0.8511852520651633,0.72259400947358,9.960092425378225,10.3173261390814,10.301802367828742,2.1921167373657227,,0.8871790060857803,1.6337610483169556
dancnet:abl_base,0197_post_blast,post_blast,15.0,1.718747854232788,0.7840170036540959,0.6508719510868536,4.725972579642789,5.966018218543397,4.907660791918695,2.5923237800598145,,0.4503532686128875,1.2608819007873535
dancnet:abl_base,0198_post_blast,post_blast,15.0,1.3044400215148926,0.8179723296037622,0.6957420428454992,5.0603243399446605,6.233343078533746,6.09573941340932,2.0531697273254395,,0.8834760710468231,1.6160341501235962
dancnet:abl_base,0199_post_blast,post_blast,15.0,1.3332159519195557,0.8877962014169303,0.8157444021292097,8.918207631075402,9.432430411964027,6.778390641224747,1.831606149673462,,1e-05,
dancnet:abl_base,0200_post_blast,post_blast,15.0,1.7084108591079712,0.7872680432166237,0.69370123095779,10.58693167403899,10.780758873448685,10.631933270355884,2.38382625579834,,0.9642078232081952,2.6991560459136963
dancnet:abl_base,0201_post_blast,post_blast,15.0,1.7951085567474363,0.8404901326524713,0.6214917509784676,10.259827102835397,10.55748600204972,6.886273693756814,2.5604753494262695,,0.8348973506353613,1.7086641788482666
dancnet:abl_base,0202_post_blast,post_blast,15.0,1.8298819065093992,0.9109753634731482,0.7880050906219764,10.406967861965628,10.785469436687698,8.573778660100528,2.949981451034546,,0.8956528367725922,1.534074306488037
dancnet:abl_base,0203_post_blast,post_blast,15.0,2.031146287918091,0.9407167327438692,0.8816013816466324,12.204987296987412,12.392281126497268,12.359566111588562,3.0682260990142822,,0.8476708951071872,1.4520018100738523
dancnet:abl_base,0204_post_blast,post_blast,15.0,1.7069454193115234,0.8270686383713978,0.7320206201067182,5.906747838559126,6.88273940900344,7.72512584883073,2.596872568130493,,0.8966948337265227,1.3406072854995728
dancnet:abl_base,0205_post_blast,post_blast,15.0,2.3227829933166504,0.8017867978719997,0.7212677383772619,12.17568581740986,12.352030471622417,8.162020463884083,3.0318756103515625,,0.6380598193843023,1.8400111198425293
dancnet:abl_base,0206_post_blast,post_blast,15.0,1.801497459411621,0.9176698783360474,0.8255068294898689,12.082150305744571,12.187378176044598,6.793863690864162,2.7469124794006348,,0.8448080308816261,1.5600662231445312
dancnet:abl_base,0207_post_blast,post_blast,15.0,1.7983126640319824,0.8590463490517181,0.7267381484940736,9.054374515654102,9.504496269252169,7.2520698136957,2.4628334045410156,,0.8269781404715835,1.8584773540496824
dancnet:abl_base,0208_post_blast,post_blast,15.0,1.6813020706176758,0.8799347675634545,0.7871552483408335,9.622926718785582,10.06956420806604,10.036784796956574,2.31805157661438,,0.7690317425523862,1.2822288274765017
dancnet:abl_base,0209_post_blast,post_blast,15.0,1.574420690536499,0.9106005682659206,0.8386019625248655,6.886636296651992,7.666987448069214,9.218401809677111,2.042259454727173,,0.8030644618132937,1.2564799785614014
dancnet:abl_base,0210_noise_switch,noise_switch,0.0,1.6168789863586426,0.8299801233048696,0.6189371786074547,9.377580469438442,9.740269336278775,4.125157800610389,2.1240625381469727,,,
dancnet:abl_base,0211_noise_switch,noise_switch,5.0,1.5855894088745115,0.8849553071963551,0.7779318575492014,11.242437576904871,11.506421894856093,5.191504841989979,2.177340030670166,,,
dancnet:abl_base,0212_noise_switch,noise_switch,0.0,1.6150107383728027,0.85220350182385,0.7247284942830471,8.929241075927958,9.119259865067416,5.4762105953784035,1.9008870124816897,,,
dancnet:abl_base,0213_noise_switch,noise_switch,5.0,1.5680887699127195,0.9100918226143788,0.732803526207964,10.264699282767202,10.52170941888301,5.330704869817383,2.491812229156494,,,
dancnet:abl_base,0214_noise_switch,noise_switch,0.0,1.3397997617721558,0.7944488784941544,0.7254128358416575,8.500334834866027,8.975152500729656,2.841185682329369,1.6136540174484253,,,
dancnet:abl_base,0215_noise_switch,noise_switch,5.0,1.9084506034851072,0.938643659078372,0.8618281829622129,12.6759525173577,12.637911927003804,8.359702127406065,2.618170976638794,,,
dancnet:abl_base,0216_noise_switch,noise_switch,0.0,1.6176061630249023,0.6573223297388501,0.5471348325092718,10.572441198527107,10.894301713807176,4.917286446782787,2.410116672515869,,,
dancnet:abl_base,0217_noise_switch,noise_switch,5.0,1.6035559177398682,0.860504207480015,0.7437252016704242,9.609346620986386,10.059553581708167,6.585263786569553,2.1480746269226074,,,
dancnet:abl_base,0218_noise_switch,noise_switch,0.0,1.505019187927246,0.824190712829785,0.6283203787259911,6.911652684899466,7.679404363623083,3.6380458730868592,2.0254485607147217,,,
dancnet:abl_base,0219_noise_switch,noise_switch,5.0,1.9940897226333616,0.9480402439065896,0.8587256729218623,12.237323371730112,12.334115426583097,6.766520032927295,2.686514139175415,,,
dancnet:abl_base,0220_noise_switch,noise_switch,0.0,1.7063287496566772,0.8758818639336197,0.7009113259416512,7.175822992590034,7.887477503684228,4.718112555553527,2.601027250289917,,,
dancnet:abl_base,0221_noise_switch,noise_switch,5.0,1.6207382678985596,0.8498896804236338,0.7019986913177881,11.605199670399582,11.603610910298144,6.671759854859894,2.8025355339050293,,,
dancnet:abl_base,0222_noise_switch,noise_switch,0.0,1.906364679336548,0.8951434577821723,0.8002339076147255,10.045548144419074,10.40917722968465,7.536617512011671,2.2518088817596436,,,
dancnet:abl_base,0223_noise_switch,noise_switch,5.0,2.172584056854248,0.9366393380828748,0.852749706512382,12.399887745334306,12.354351892286957,6.357173518172696,2.6790475845336914,,,
dancnet:abl_base,0224_noise_switch,noise_switch,0.0,1.6848068237304688,0.9254046308334276,0.8340561989098474,6.071457540762147,6.883852519083629,8.092664350178598,2.782796859741211,,,
dancnet:abl_base,0225_noise_switch,noise_switch,5.0,1.9488303661346436,0.8959738288202646,0.7940423243810041,10.401225943844018,10.70330681952919,7.167056528266441,2.5548033714294434,,,
dancnet:abl_base,0226_noise_switch,noise_switch,0.0,1.433244705200195,0.7765366534492377,0.6192041222759094,7.264360051744097,8.007394192516466,5.56086121232602,1.9733045101165771,,,
dancnet:abl_base,0227_noise_switch,noise_switch,5.0,1.702712893486023,0.925702244806368,0.7755893355307099,10.82186911004878,11.0708271537682,6.589925864733889,2.603240728378296,,,
dancnet:abl_base,0228_noise_switch,noise_switch,0.0,1.5067431926727295,0.8516531154518276,0.7042864524102839,6.045153418103668,6.831129531253643,5.3407191251425,2.1751551628112793,,,
dancnet:abl_base,0229_noise_switch,noise_switch,5.0,1.916163206100464,0.9536300164006102,0.861970087435001,11.793030999302374,11.88169896546312,7.884405055914245,2.5870838165283203,,,
dancnet:abl_base,0230_noise_switch,noise_switch,0.0,1.6234819889068604,0.850501027397305,0.7271237735836205,8.453186435633352,8.926703444210023,5.693164010887162,2.3789427280426025,,,
dancnet:abl_base,0231_noise_switch,noise_switch,5.0,2.13187026977539,0.9339065969031776,0.8479305634607551,11.909127038986933,12.013800155460766,9.72124060958307,2.943559408187866,,,
dancnet:abl_base,0232_noise_switch,noise_switch,0.0,1.3862595558166504,0.8486659397222864,0.6829843104347184,5.553339876671725,6.6186068268375,3.645182586755668,1.9172062873840332,,,
dancnet:abl_base,0233_noise_switch,noise_switch,5.0,1.719970464706421,0.9005966935375245,0.7920872104451482,9.968230054633072,10.281256192963395,8.965342765593974,2.441401243209839,,,
dancnet:abl_base,0234_noise_switch,noise_switch,0.0,1.3531659841537476,0.8099263915643243,0.63809431168202,6.879187593895095,7.619429468302084,4.4208872946573825,1.8548343181610107,,,
dancnet:abl_base,0235_noise_switch,noise_switch,5.0,1.660285234451294,0.8152378302840195,0.7170066188308697,8.308530962373737,8.902991270244275,7.536571980198543,2.429849147796631,,,
dancnet:abl_base,0236_noise_switch,noise_switch,0.0,1.340492606163025,0.8590914090271574,0.7085898503851498,7.975353105236515,8.401204928404354,6.925473036291781,1.748713731765747,,,
dancnet:abl_base,0237_noise_switch,noise_switch,5.0,1.6296746730804443,0.8786402100479558,0.7589172686668578,9.702224704472874,9.931130675244615,3.759145738365217,2.1575927734375,,,
dancnet:abl_base,0238_noise_switch,noise_switch,0.0,1.4449279308319092,0.8231639985787826,0.6378525524762841,9.035161693800532,9.491071317225796,4.583392512015604,2.1264374256134033,,,
dancnet:abl_base,0239_noise_switch,noise_switch,5.0,1.8253638744354248,0.8827484908211108,0.712353525985682,12.557280803463849,12.673204222493592,8.161744850063577,2.552145004272461,,,
dancnet:abl_base,0240_hum400,hum400,0.0,1.7034094333648682,0.7895726126072622,0.6736755101849706,8.194413913027379,8.791113738173816,5.281952220854693,2.1951866149902344,,,
dancnet:abl_base,0241_hum400,hum400,5.0,2.250129222869873,0.954256911383062,0.8874228411010677,9.061933296208824,9.568255242099385,4.895823922516905,2.786781072616577,,,
dancnet:abl_base,0242_hum400,hum400,0.0,1.6458816528320312,0.8643847976045724,0.717506542875916,7.289522993015291,8.02474159536612,5.006865305056757,2.246970891952514,,,
dancnet:abl_base,0243_hum400,hum400,5.0,2.1894283294677734,0.9626618023680528,0.8764299760580285,10.75903427585917,11.088918670845135,7.864089841664528,2.91389536857605,,,
dancnet:abl_base,0244_hum400,hum400,0.0,1.8252387046813965,0.908396828187244,0.7537763413520966,7.404168077809999,8.052293808917344,4.4415151375197,2.6465952396392822,,,
dancnet:abl_base,0245_hum400,hum400,5.0,2.210113525390625,0.9375084245185196,0.8151896402268399,10.426794696173117,10.752753459220134,3.8239016967398234,2.874222993850708,,,
dancnet:abl_base,0246_hum400,hum400,0.0,1.563855528831482,0.837363362087128,0.7487376673015398,5.145321363685315,6.283430473162966,1.4490371526324746,1.8189153671264648,,,
dancnet:abl_base,0247_hum400,hum400,5.0,2.096036672592163,0.9198826744993202,0.8571760283813669,8.446974738864029,8.995738244018685,5.445362134429535,2.5633039474487305,,,
dancnet:abl_base,0248_hum400,hum400,0.0,1.8273866176605225,0.8534542463219696,0.6725717097715443,6.23213807314944,7.124570865006986,4.116998333303159,2.5485143661499023,,,
dancnet:abl_base,0249_hum400,hum400,5.0,2.06146502494812,0.9294101216501834,0.8435174363600377,9.66189138459518,10.106480876863651,6.302008541794056,2.4488468170166016,,,
dancnet:abl_base,0250_hum400,hum400,0.0,1.596102952957153,0.9002216515306184,0.783147119891384,7.568748141816768,8.21790914116147,4.472111805774892,2.1168317794799805,,,
dancnet:abl_base,0251_hum400,hum400,5.0,1.9677507877349856,0.9266253916982964,0.8127406388078896,10.965952427445378,11.264619758948111,5.608301060191794,2.4860382080078125,,,
dancnet:abl_base,0252_hum400,hum400,0.0,1.7621889114379885,0.9266736381596352,0.7788682371143612,6.128652525793269,7.067637979234446,3.522146724984805,2.4331085681915283,,,
dancnet:abl_base,0253_hum400,hum400,5.0,2.1085944175720215,0.8134710895395033,0.6153190567920708,10.836445442651817,11.159981109386178,3.899497946637395,2.967733383178711,,,
dancnet:abl_base,0254_hum400,hum400,0.0,1.4233548641204834,0.8731280300649431,0.7695593723162167,8.389421629934352,8.968243114369814,6.4245729760471235,1.9098275899887085,,,
dancnet:abl_base,0255_hum400,hum400,5.0,1.5344223976135254,0.9201385764204296,0.8479834624661762,8.113501523364716,8.734279292120373,3.4698533317837543,1.9719090461730957,,,
dancnet:abl_base,0256_hum400,hum400,0.0,1.4216898679733276,0.8911436927648154,0.794547038486827,6.6260920878167004,7.458707696073446,5.254188272228251,1.9512426853179932,,,
dancnet:abl_base,0257_hum400,hum400,5.0,1.8759255409240725,0.9367032136439636,0.8286254902497293,10.393645695159783,10.7024384991686,3.0130968808858816,2.497004270553589,,,
dancnet:abl_base,0258_hum400,hum400,0.0,1.7658727169036863,0.911823539474608,0.7418032292137845,6.714044621287308,7.54057810653056,5.350363918599023,2.3681185245513916,,,
dancnet:abl_base,0259_hum400,hum400,5.0,1.810743808746338,0.9332703431840448,0.8481376999978867,12.429819808962796,12.665170860805034,4.290428250018602,2.352663993835449,,,
dancnet:abl_base,0260_hum400,hum400,0.0,1.7096811532974243,0.8515449241050663,0.7474167488551899,6.792161459530429,7.617128768226956,4.598976995267102,2.3332431316375732,,,
dancnet:abl_base,0261_hum400,hum400,5.0,2.154078245162964,0.9365709178158588,0.8098875569573106,10.485867615066471,10.422891361895111,5.716031666821194,3.002486228942871,,,
dancnet:abl_base,0262_hum400,hum400,0.0,1.7336161136627195,0.8601703744806407,0.7151625088415252,8.392577074466171,8.948017953531812,0.3130821215896548,2.126940965652466,,,
dancnet:abl_base,0263_hum400,hum400,5.0,1.8233370780944824,0.9232177577140488,0.8260731305542883,11.048236655698494,11.374850527974552,3.75604553270292,2.476763963699341,,,
dancnet:abl_base,0264_hum400,hum400,0.0,1.4534173011779783,0.8727591178668164,0.772996660814333,8.318768156609478,8.900995226952654,5.314752539885896,1.8831486701965332,,,
dancnet:abl_base,0265_hum400,hum400,5.0,2.068634271621704,0.9344248679792274,0.8815761308007879,11.434796952566174,11.615312188758164,7.218660923822315,2.547379970550537,,,
dancnet:abl_base,0266_hum400,hum400,0.0,1.6055183410644531,0.8680381122906788,0.7672908973524614,5.960009138951239,6.938554720256011,4.792398032507161,2.0759944915771484,,,
dancnet:abl_base,0267_hum400,hum400,5.0,1.8772430419921875,0.9275071923487204,0.8364281027171951,8.837177455913496,9.336011287208182,1.8447666209836684,2.2862184047698975,,,
dancnet:abl_base,0268_hum400,hum400,0.0,1.6442450284957886,0.9047412176969656,0.7847028742421377,6.5929256485935275,7.42250352310249,5.274816535757661,2.3231301307678223,,,
dancnet:abl_base,0269_hum400,hum400,5.0,1.7444119453430176,0.9070303514693372,0.7967413913688246,11.221933628778164,11.529581177708124,7.687797211271128,2.6561880111694336,,,
dancnet:abl_base,0270_crew_babble,crew_babble,0.0,1.1924203634262085,0.6775021061768516,0.4032727101372726,-2.286579096656755,-1.7165446130144832,-1.344744999014034,1.596435546875,,,
dancnet:abl_base,0271_crew_babble,crew_babble,5.0,1.2216593027114868,0.8185171328936476,0.6558742434862677,4.63973787393547,4.66281800636924,2.649995575401824,1.6303551197052002,,,
dancnet:abl_base,0272_crew_babble,crew_babble,10.0,1.2369496822357178,0.8436883920365725,0.6920578959773334,7.258571388863535,7.747080600995111,4.371389310681084,1.8047810792922976,,,
dancnet:abl_base,0273_crew_babble,crew_babble,0.0,1.078629970550537,0.5340642766301353,0.3524446294859065,-0.4930408590851923,0.0168572301236203,-1.40280086186694,1.2397840023040771,,,
dancnet:abl_base,0274_crew_babble,crew_babble,5.0,1.071442723274231,0.7280131546560282,0.5787404214190724,1.286872163770658,2.0823750474550984,3.3879908514832535,1.252853512763977,,,
dancnet:abl_base,0275_crew_babble,crew_babble,10.0,1.374431610107422,0.8529856355091681,0.6660927206246412,9.26663584755347,9.500020882361472,3.294734121786863,1.9850349426269531,,,
dancnet:abl_base,0276_crew_babble,crew_babble,0.0,1.1097722053527832,0.6837570233867878,0.4733522479713553,-0.6264782351204379,-0.2544515036144485,-1.8478649952293065,1.4234943389892578,,,
dancnet:abl_base,0277_crew_babble,crew_babble,5.0,1.1889827251434326,0.7855174834148709,0.6024549935295896,3.3814874684511045,4.152443385927905,3.1670679439133917,1.730260729789734,,,
dancnet:abl_base,0278_crew_babble,crew_babble,10.0,1.2779507637023926,0.788385667284764,0.6236421525160111,8.191440979431961,8.536713960968605,5.7520455347330905,2.0035736560821533,,,
dancnet:abl_base,0279_crew_babble,crew_babble,0.0,1.0665146112442017,0.4587644463039275,0.3519703962422574,-0.8981613628330278,0.1251316724607172,0.2070436611251851,1.4519027471542358,,,
dancnet:abl_base,0280_crew_babble,crew_babble,5.0,1.2530839443206787,0.745512338538859,0.5786890960707541,4.255472563295684,4.760697091761365,0.3550250537402902,1.658474683761597,,,
dancnet:abl_base,0281_crew_babble,crew_babble,10.0,1.209055781364441,0.8364604420442454,0.6305829929012757,4.236974781552658,5.220909731943123,0.3996027483630689,1.7264902591705322,,,
dancnet:abl_base,0282_crew_babble,crew_babble,0.0,1.087333917617798,0.7304053763258169,0.5811443455510491,-0.9542680252422686,-1.0220227061122702,-0.1603738444258114,1.4733049869537354,,,
dancnet:abl_base,0283_crew_babble,crew_babble,5.0,1.1062828302383425,0.7072245020707938,0.5071960909456058,4.022728650469045,4.486292143736304,1.0778892574030072,1.555497646331787,,,
dancnet:abl_base,0284_crew_babble,crew_babble,10.0,1.3415298461914062,0.7694195674448958,0.5736870319217912,8.185276099072498,8.677592062243551,1.9487238652686183,1.9073379039764404,,,
dancnet:abl_base,0285_crew_babble,crew_babble,0.0,1.0937970876693726,0.6541930963814522,0.4577843867758092,0.5532546264772779,1.183853619333732,-0.1834817713957567,1.368370771408081,,,
dancnet:abl_base,0286_crew_babble,crew_babble,5.0,1.1972171068191528,0.7822753244360701,0.5387167011537757,4.926367481756228,5.336461028178005,1.7670308742135117,1.677441120147705,,,
dancnet:abl_base,0287_crew_babble,crew_babble,10.0,1.1300489902496338,0.7054707743513939,0.6069923887799284,9.25735199843716,9.403398821634056,6.972578270179568,1.413050413131714,,,
dancnet:abl_base,0288_crew_babble,crew_babble,0.0,1.112729549407959,0.6348660236697825,0.3780141592432397,-0.9718131859401696,-0.0399325043970272,-1.5803421492064278,1.3877992630004885,,,
dancnet:abl_base,0289_crew_babble,crew_babble,5.0,1.1746838092803955,0.8132702168527248,0.6281009953516247,4.41576101305939,4.979964846808574,2.4257070739624553,1.596193790435791,,,
dancnet:abl_base,0290_crew_babble,crew_babble,10.0,1.5856988430023191,0.816598191296833,0.6359546477300094,9.496310650384274,9.755433273690402,3.992311728758392,2.1434245109558105,,,
dancnet:abl_base,0291_crew_babble,crew_babble,0.0,1.0637292861938477,0.6127922310983434,0.3968130592556921,-1.62473476832651,-0.1267916188181961,-0.0260981236530844,1.3190736770629885,,,
dancnet:abl_base,0292_crew_babble,crew_babble,5.0,1.1881945133209229,0.7419653743722792,0.5797702658047033,5.5335169083433975,5.6455100691784565,2.0290891343013935,1.717768669128418,,,
dancnet:abl_base,0293_crew_babble,crew_babble,10.0,1.6757762432098389,0.8522841424901733,0.6798055864570529,7.408280001108691,7.645022070767592,5.097677201799156,2.695345401763916,,,
dancnet:abl_base,0294_crew_babble,crew_babble,0.0,1.0626412630081177,0.6502763796895393,0.4544527521426106,-0.7733300039600215,-0.1294675897338429,-0.6999096395599552,1.265169620513916,,,
dancnet:abl_base,0295_crew_babble,crew_babble,5.0,1.10234797000885,0.8049518189768902,0.6142762626221132,3.265404824143183,3.741860732329757,2.208657028240805,1.4526370763778689,,,
dancnet:abl_base,0296_crew_babble,crew_babble,10.0,1.257684588432312,0.8507518440519176,0.656137927354798,9.418158318750612,9.69571172701589,2.9699662159448024,2.199577808380127,,,
dancnet:abl_base,0297_crew_babble,crew_babble,0.0,1.0475497245788574,0.6479030467895552,0.4072627687058455,0.9016364643733386,1.728418692805998,-0.7588090412576621,1.2876497507095337,,,
dancnet:abl_base,0298_crew_babble,crew_babble,5.0,1.163590669631958,0.6480287553951912,0.4958026992644549,4.395944073212857,4.79041314295832,3.539088513396611,1.7759077548980713,,,
dancnet:abl_base,0299_crew_babble,crew_babble,10.0,1.4274213314056396,0.8733455919633875,0.7300440033498583,9.24943610902022,9.485630348577182,6.970184519521845,2.0469863414764404,,,
dancnet:abl_base,0300_long_stream,long_stream,5.0,1.8800290822982788,0.8961538077657479,0.7821749500576748,10.805267412397972,11.05366228246939,8.514372931141352,2.5800063610076904,,,
dancnet:abl_base,0301_long_stream,long_stream,5.0,1.8804621696472168,0.9018746535981396,0.803054068827742,10.30494142040448,10.602580559464249,6.86666011507026,2.44413423538208,,,
dancnet:abl_base,0302_long_stream,long_stream,5.0,2.0501902103424072,0.8954157542147467,0.7991416256073376,10.579933921824423,10.907183513516188,6.59338323725229,2.6540684700012207,,,
dancnet:abl_base,0303_long_stream,long_stream,5.0,1.982560634613037,0.9047896601018252,0.8133204550264188,9.39291762820804,9.822900045310568,6.254031725007221,2.6893746852874756,,,
dancnet:abl_ema,0000_clip_heavy,clip_heavy,0.0,1.3180618286132812,0.8588596415198654,0.707440343364823,5.031285533952875,6.170560564235627,3.456010567618347,1.7358911037445068,,,
dancnet:abl_ema,0001_clip_heavy,clip_heavy,5.0,1.4215617179870603,0.7971836731565011,0.6610269154083543,5.568453123301673,5.775657347909617,4.631378431250496,1.9703872203826904,,,
dancnet:abl_ema,0002_clip_heavy,clip_heavy,0.0,2.2420270442962646,0.9609302131116976,0.8929035806552432,14.854388951408357,14.950798441676865,8.280572418875414,2.7800979614257812,,,
dancnet:abl_ema,0003_clip_heavy,clip_heavy,5.0,1.662193775177002,0.8424788378349821,0.6871023264494905,9.658475691594822,9.921516567818273,6.215834153225969,2.29618763923645,,,
dancnet:abl_ema,0004_clip_heavy,clip_heavy,0.0,3.3916049003601074,0.9351215847257696,0.9030045161210928,19.592218522796465,19.113091906854756,15.803157606993182,3.700932025909424,,,
dancnet:abl_ema,0005_clip_heavy,clip_heavy,5.0,1.4575955867767334,0.865642565625508,0.7033155908719191,6.564350034593138,6.235447464359556,4.306584089616643,2.245516061782837,,,
dancnet:abl_ema,0006_clip_heavy,clip_heavy,0.0,2.2928011417388916,0.9534282913009824,0.9315351592496448,10.703305038219035,10.962176846027958,17.565329933994345,2.860466718673706,,,
dancnet:abl_ema,0007_clip_heavy,clip_heavy,5.0,1.3651732206344604,0.7943832590160339,0.7015846851677857,4.946658176914435,5.527085316781197,3.0984101617475246,1.9941072463989256,,,
dancnet:abl_ema,0008_clip_heavy,clip_heavy,0.0,2.3289873600006104,0.9683829435482928,0.936952037930413,13.616551285957614,13.65252921904581,14.82700158876031,3.2132697105407715,,,
dancnet:abl_ema,0009_clip_heavy,clip_heavy,5.0,1.566514492034912,0.8720835932805957,0.7442774333026557,8.321397192667195,8.775763222251014,6.084370185925658,2.441174268722534,,,
dancnet:abl_ema,0010_clip_heavy,clip_heavy,0.0,1.3228466510772705,0.7771504720760839,0.6008938295866751,3.983158534507445,5.168926645030174,5.546881504832349,1.8302165269851685,,,
dancnet:abl_ema,0011_clip_heavy,clip_heavy,5.0,1.2460813522338867,0.9010483873973992,0.7346801542567253,6.711480095968247,6.754165350306892,3.4217168867621663,2.24326229095459,,,
dancnet:abl_ema,0012_clip_heavy,clip_heavy,0.0,2.500690221786499,0.9714451946045352,0.9327239587085832,14.039100116274613,14.199570515748434,6.143304446181717,3.3465046882629395,,,
dancnet:abl_ema,0013_clip_heavy,clip_heavy,5.0,1.6051239967346191,0.9078716700645052,0.8083082877712696,8.668132495215906,8.506457042452112,4.791311793919216,2.419452428817749,,,
dancnet:abl_ema,0014_clip_heavy,clip_heavy,0.0,1.4395465850830078,0.9067377213248854,0.7646668968310891,7.05801602012233,7.767396137405411,5.882311601870724,2.2732889652252197,,,
dancnet:abl_ema,0015_clip_heavy,clip_heavy,5.0,1.5096819400787354,0.8918076983909121,0.7332514267311218,6.499547692870574,7.2616286645976835,4.520417249603611,2.509665012359619,,,
dancnet:abl_ema,0016_clip_heavy,clip_heavy,0.0,2.050236701965332,0.888049924216195,0.8469955132121708,10.665161574685069,10.979953656013176,12.33616647691024,2.857611656188965,,,
dancnet:abl_ema,0017_clip_heavy,clip_heavy,5.0,1.453052282333374,0.884614174296881,0.7536962580250303,7.386497197152121,7.552349535992853,3.871983119719317,2.204857110977173,,,
dancnet:abl_ema,0018_clip_heavy,clip_heavy,0.0,1.445640206336975,0.889467455314042,0.7962370096947741,6.20762474084544,6.698650911717693,7.270796562420698,2.0973963737487793,,,
dancnet:abl_ema,0019_clip_heavy,clip_heavy,5.0,1.6248886585235596,0.9609442931980102,0.9309483778379356,11.496246814375397,11.51984604618091,11.16741495555529,2.611413955688477,,,
dancnet:abl_ema,0020_clip_heavy,clip_heavy,0.0,1.6458868980407717,0.8785510254935822,0.7977152772025321,7.639123351709359,7.705577373423398,10.036274250421917,2.4998462200164795,,,
dancnet:abl_ema,0021_clip_heavy,clip_heavy,5.0,1.666513442993164,0.9403099081987156,0.8414862579867649,9.3022352001074,9.55037599014383,5.130225402378114,2.5012567043304443,,,
dancnet:abl_ema,0022_clip_heavy,clip_heavy,0.0,3.890126943588257,0.9883104155026736,0.9772628790552272,19.979060236419585,19.829504731040593,18.624905274535987,4.026121616363525,,,
dancnet:abl_ema,0023_clip_heavy,clip_heavy,5.0,1.465436577796936,0.8029647524331387,0.6649728890521027,6.066725889472094,6.392845938875271,5.3023110108128275,2.1104917526245117,,,
dancnet:abl_ema,0024_clip_heavy,clip_heavy,0.0,1.526625394821167,0.8440139340288686,0.726139283137894,7.967985250668999,8.574968935810947,7.267112251717702,2.094334602355957,,,
dancnet:abl_ema,0025_clip_heavy,clip_heavy,5.0,1.7279837131500244,0.9005991185289096,0.7633493059153075,9.38644206811299,9.823096532764213,7.734148283200247,2.424879550933838,,,
dancnet:abl_ema,0026_clip_heavy,clip_heavy,0.0,1.3065756559371948,0.7802526966760447,0.581116461967176,7.176626056862105,7.854899318125231,6.951155623646435,1.8374357223510744,,,
dancnet:abl_ema,0027_clip_heavy,clip_heavy,5.0,1.4235343933105469,0.8732042722978096,0.7063144043791268,7.340329409845932,7.073803618190169,4.915356871623234,2.1663122177124023,,,
dancnet:abl_ema,0028_clip_heavy,clip_heavy,0.0,1.543506383895874,0.9010275622309868,0.8488675700911771,11.001613757870588,11.301750866087804,7.68909881262452,2.0615854263305664,,,
dancnet:abl_ema,0029_clip_heavy,clip_heavy,5.0,1.2626408338546753,0.8881554869676298,0.800406673627758,11.429149661400722,11.638857451152695,7.407683360603071,2.0015738010406494,,,
dancnet:abl_ema,0030_level_low,level_low,0.0,1.678527593612671,0.8114055350607396,0.6356135214645419,9.934875102051103,10.3394966764235,3.729908879879529,2.154113531112671,,,
dancnet:abl_ema,0031_level_low,level_low,5.0,1.5735151767730713,0.8215399569403453,0.6937987597135558,8.711089181875826,9.20963673040838,6.316050924126259,2.1636152267456055,,,
dancnet:abl_ema,0032_level_low,level_low,10.0,2.887347936630249,0.9844056401315698,0.9571053856573912,13.379846345381385,13.446465265482212,16.325224260524912,3.630953788757324,,,
dancnet:abl_ema,0033_level_low,level_low,0.0,1.695079326629639,0.8849941093935002,0.7823560151277058,8.139054911964557,8.758437748921512,7.074134396123787,2.583738327026367,,,
dancnet:abl_ema,0034_level_low,level_low,5.0,1.7877053022384644,0.8906141788172229,0.661462505749197,11.334299758146624,11.602113114844464,5.278006245115909,2.5513579845428467,,,
dancnet:abl_ema,0035_level_low,level_low,10.0,2.197072744369507,0.9451160287899506,0.8927766670259023,15.540033226321045,15.14735856131531,9.543316813677734,3.3683600425720215,,,
dancnet:abl_ema,0036_level_low,level_low,0.0,1.6636908054351809,0.8748479297034415,0.7076191943703343,8.996567873650765,9.50072964915278,7.607625159465721,2.6190860271453857,,,
dancnet:abl_ema,0037_level_low,level_low,5.0,2.014110326766968,0.8988272955592368,0.8201106690170517,11.593051146141454,11.708695823244462,9.524938028458228,3.0645246505737305,,,
dancnet:abl_ema,0038_level_low,level_low,10.0,1.8689987659454343,0.9369449632388293,0.8375609192096755,15.043060620492792,15.16181942369931,8.922285261513311,2.537285566329956,,,
dancnet:abl_ema,0039_level_low,level_low,0.0,2.514836549758911,0.958262379325219,0.8833236532716217,10.179047341395307,10.403872848889076,9.02353845319845,3.478356122970581,,,
dancnet:abl_ema,0040_level_low,level_low,5.0,1.8873188495635984,0.9114741789390368,0.8202874250152798,12.440183691698437,12.422270351835063,8.266130070281667,2.5238420963287354,,,
dancnet:abl_ema,0041_level_low,level_low,10.0,2.0749523639678955,0.8981807468437897,0.7681108305529099,12.767588637430098,12.762342022570714,8.887356779202513,2.878458261489868,,,
dancnet:abl_ema,0042_level_low,level_low,0.0,1.690161943435669,0.8504592629101694,0.6892138880688741,8.522354653127914,9.059572064735018,2.855426809319874,2.4385478496551514,,,
dancnet:abl_ema,0043_level_low,level_low,5.0,2.022674560546875,0.8676242328746204,0.823834045803768,13.588370032938451,13.471187700077149,10.09504964132054,2.209836006164551,,,
dancnet:abl_ema,0044_level_low,level_low,10.0,2.5078938007354736,0.9566683032470072,0.8845070177767697,16.392424110858354,16.36418148855443,13.139397947537278,3.1841280460357666,,,
dancnet:abl_ema,0045_level_low,level_low,0.0,1.469917893409729,0.7249195916113189,0.5645074214478347,8.374524630668779,8.957485086895748,4.897690029945617,2.000049591064453,,,
dancnet:abl_ema,0046_level_low,level_low,5.0,1.6299402713775637,0.9187901440362176,0.7685717189729739,7.350423096234513,7.856393664346961,4.634089068601128,2.8204193115234375,,,
dancnet:abl_ema,0047_level_low,level_low,10.0,3.4238595962524414,0.8992761138594451,0.8404392312717875,20.02287394951936,19.563855884062814,12.373312271141288,4.13349723815918,,,
dancnet:abl_ema,0048_level_low,level_low,0.0,1.9581676721572876,0.9581580423963546,0.9069278176974264,10.093083120358823,10.48981355703257,16.224216753361823,2.917783260345459,,,
dancnet:abl_ema,0049_level_low,level_low,5.0,1.6763765811920166,0.8196889370474301,0.7227028123648763,12.262929305494044,12.266089980490795,8.119016812650306,2.1403419971466064,,,
dancnet:abl_ema,0050_level_low,level_low,10.0,2.226914882659912,0.930278852383742,0.8485686341556894,16.491095800106095,16.56517468406807,10.568727740244842,2.921595573425293,,,
dancnet:abl_ema,0051_level_low,level_low,0.0,1.9532843828201296,0.9600042102558488,0.820987699662498,6.437553730321378,6.819698422565541,4.23275721947807,2.93725323677063,,,
dancnet:abl_ema,0052_level_low,level_low,5.0,1.535663366317749,0.9659463620583292,0.878762755856566,12.341876448692975,12.51013317864585,5.179079662815104,2.3043153285980225,,,
dancnet:abl_ema,0053_level_low,level_low,10.0,1.5179219245910645,0.8656575951285468,0.7809617365200696,14.025309755611032,13.960005066074435,15.279914762624443,1.9082269668579104,,,
dancnet:abl_ema,0054_level_low,level_low,0.0,1.4552762508392334,0.7387158216535537,0.519027906401999,6.102636707452572,7.040380445536391,2.3556282107212767,1.8984992504119873,,,
dancnet:abl_ema,0055_level_low,level_low,5.0,1.734940528869629,0.8636358151345995,0.800022241784018,14.743338819307423,14.750548798380477,8.257647511516792,2.315948963165283,,,
dancnet:abl_ema,0056_level_low,level_low,10.0,3.7305469512939458,0.9741833384347796,0.972402049398384,20.04393120498099,19.288774316638168,21.136858358355067,3.989370584487915,,,
dancnet:abl_ema,0057_level_low,level_low,0.0,1.3392800092697144,0.846022857037899,0.6592282393468284,6.157777876239975,6.996838955208896,3.4010091972381034,1.925665020942688,,,
dancnet:abl_ema,0058_level_low,level_low,5.0,1.7656322717666626,0.7884257912361059,0.6600715014101762,10.01265054342566,10.417352706046866,5.848968547960428,3.1880035400390625,,,
dancnet:abl_ema,0059_level_low,level_low,10.0,2.2631447315216064,0.9365958862983542,0.8572980058255721,12.3483314633597,12.585413139710102,9.611310423959084,3.1852920055389404,,,
dancnet:abl_ema,0060_level_high,level_high,5.0,1.8842511177062988,0.886857754459598,0.6821756918872953,9.947998494561398,10.325492008576212,6.815514747174784,2.67805552482605,,,
dancnet:abl_ema,0061_level_high,level_high,10.0,2.1945018768310547,0.9063596979014968,0.8179298902629836,13.649526982351023,13.53536921329013,9.073715630495975,2.8015379905700684,,,
dancnet:abl_ema,0062_level_high,level_high,5.0,2.4803528785705566,0.953486113570194,0.8625319141365465,12.987657550274797,13.149920936698694,11.47409992491569,3.436363220214844,,,
dancnet:abl_ema,0063_level_high,level_high,10.0,2.17924165725708,0.9338334996765688,0.8358605256812324,14.976563301134018,14.995940497511633,11.220249774320283,3.004495859146118,,,
dancnet:abl_ema,0064_level_high,level_high,5.0,1.9901301860809328,0.9103347220003905,0.7656944939387693,8.514243909296468,9.039161884460372,3.3446076789026447,3.2475764751434326,,,
dancnet:abl_ema,0065_level_high,level_high,10.0,2.4476802349090576,0.89973020569356,0.8062246107813044,17.465935081730347,16.608452763813403,9.604941582970143,3.3520398139953613,,,
dancnet:abl_ema,0066_level_high,level_high,5.0,1.813107132911682,0.8877559827006408,0.7707773973367735,11.624120197240346,11.75249803297171,8.882384020348129,2.426862955093384,,,
dancnet:abl_ema,0067_level_high,level_high,10.0,2.1922361850738525,0.9456236476103148,0.8767129137674936,13.58171659212436,13.61506982295146,5.093332680223056,2.814148187637329,,,
dancnet:abl_ema,0068_level_high,level_high,5.0,1.9886839389801023,0.852664637292238,0.6973097299020626,11.903597366286936,12.093260656290498,7.134358932913583,2.7533297538757324,,,
dancnet:abl_ema,0069_level_high,level_high,10.0,2.603703498840332,0.9603535404431666,0.8664013739290708,15.113411641986673,14.707637008651478,8.695346642284784,3.265202045440674,,,
dancnet:abl_ema,0070_level_high,level_high,5.0,1.6779184341430664,0.936445147739112,0.8235333611517738,17.52521131897792,17.06245183657067,11.349787765936236,2.515239953994751,,,
dancnet:abl_ema,0071_level_high,level_high,10.0,2.306053400039673,0.9503767913801486,0.8433908017432282,17.234164901912834,17.248669648490377,9.994176420443448,2.94031023979187,,,
dancnet:abl_ema,0072_level_high,level_high,5.0,1.843401551246643,0.9037722792131404,0.768871123839211,10.740561755794484,10.962741313979084,5.581751703080344,2.3332529067993164,,,
dancnet:abl_ema,0073_level_high,level_high,10.0,2.048245906829834,0.92225331151107,0.8307074246389248,13.749639755505068,13.573900549741332,7.82419625165781,2.687807559967041,,,
dancnet:abl_ema,0074_level_high,level_high,5.0,1.943132162094116,0.9571868369802504,0.8628661508426922,9.816945760692464,10.135819014868632,8.837946976527586,2.7773542404174805,,,
dancnet:abl_ema,0075_level_high,level_high,10.0,2.7559900283813477,0.954740051955456,0.9137838825971868,18.23409469943844,18.086198503441796,11.101968204469784,3.281653881072998,,,
dancnet:abl_ema,0076_level_high,level_high,5.0,1.5735681056976318,0.8772815385730305,0.77511613393453,9.76342624692361,9.851617783491257,7.402656223250348,1.9010591506958008,,,
dancnet:abl_ema,0077_level_high,level_high,10.0,3.2923903465270996,0.9752964075514778,0.9236660223130008,20.091131294072284,18.76344435805176,16.341068012416617,3.686777830123902,,,
dancnet:abl_ema,0078_level_high,level_high,5.0,2.311469793319702,0.921096685178384,0.842498283700344,11.330628742113577,11.635187874873466,12.987852642300354,2.9540414810180664,,,
dancnet:abl_ema,0079_level_high,level_high,10.0,1.6236056089401243,0.9448717902561962,0.8829558424140799,12.88719800210882,12.976046599059703,8.165103818444404,2.2899703979492188,,,
dancnet:abl_ema,0080_level_high,level_high,5.0,1.6952975988388062,0.9033471047573964,0.77037207761672,10.432962312072222,10.79693785876751,5.4144556319996475,2.452075958251953,,,
dancnet:abl_ema,0081_level_high,level_high,10.0,2.0041868686676025,0.9318033429802006,0.8244548329225495,16.086622790624425,16.05588539081839,8.1527129447709,2.812908887863159,,,
dancnet:abl_ema,0082_level_high,level_high,5.0,2.7611992359161377,0.9636097912648974,0.9123276932730422,14.021886407892191,13.95602346485436,11.207458487179126,3.491147756576538,,,
dancnet:abl_ema,0083_level_high,level_high,10.0,2.185471534729004,0.9526318613794738,0.8755759409635531,15.199796312250214,15.075448007212708,7.824844516244306,2.831740140914917,,,
dancnet:abl_ema,0084_level_high,level_high,5.0,1.7323979139328003,0.8351562332136088,0.6284747761139914,10.257626461857424,10.553371689928936,5.7161123773437,2.422374725341797,,,
dancnet:abl_ema,0085_level_high,level_high,10.0,1.9208345413208008,0.9559523827424602,0.9304430788202892,14.48623404284614,14.5831105909936,12.789212204086589,2.5897645950317383,,,
dancnet:abl_ema,0086_level_high,level_high,5.0,1.9067411422729492,0.942978005065488,0.893759759000834,8.398042611164094,8.942812386363974,10.07421466259243,2.6776914596557617,,,
dancnet:abl_ema,0087_level_high,level_high,10.0,2.2837507724761963,0.9638610349128444,0.8809156113098536,13.795144269569349,13.663687756484055,10.478695007078086,2.728621244430542,,,
dancnet:abl_ema,0088_level_high,level_high,5.0,1.732846736907959,0.882331989954134,0.7575671969145615,7.062212397684851,7.8168954374789,5.510041233650613,2.3552234172821045,,,
dancnet:abl_ema,0089_level_high,level_high,10.0,2.474255084991455,0.9312303550274696,0.8361419615010057,14.42547506144248,14.526748813887693,7.454978638671435,3.3379106521606445,,,
dancnet:abl_ema,0090_reverb_cabin,reverb_cabin,5.0,3.0233888626098633,0.9898621801716924,0.9767447612975728,21.892102383185428,21.147589840223795,8.542384313912459,4.011876583099365,,,
dancnet:abl_ema,0091_reverb_cabin,reverb_cabin,10.0,2.3493480682373047,0.9752969180338528,0.924266238402728,15.05183894040615,14.888524319970802,5.968288471791684,3.2665724754333496,,,
dancnet:abl_ema,0092_reverb_cabin,reverb_cabin,5.0,1.360378980636597,0.8819085527490745,0.7436065974459934,6.3658584894919645,6.299626985498143,3.419446094056455,2.012381076812744,,,
dancnet:abl_ema,0093_reverb_cabin,reverb_cabin,10.0,1.732831358909607,0.8297074230208047,0.6947274788685367,12.53543499850599,12.712673631414194,8.26251848617735,2.428208827972412,,,
dancnet:abl_ema,0094_reverb_cabin,reverb_cabin,5.0,1.1815688610076904,0.7560047559930626,0.5623500406753487,2.304298216143757,3.788826719552292,2.3202044307887415,1.6236261129379272,,,
dancnet:abl_ema,0095_reverb_cabin,reverb_cabin,10.0,1.4121198654174805,0.8011799699125617,0.5879680589756113,4.310358014081589,5.050162181854421,2.399739750964491,2.273937702178955,,,
dancnet:abl_ema,0096_reverb_cabin,reverb_cabin,5.0,1.299889326095581,0.7627831444954097,0.4898129140039089,4.682813352101115,5.64501967889462,2.476034352929809,2.1527209281921387,,,
dancnet:abl_ema,0097_reverb_cabin,reverb_cabin,10.0,1.3025250434875488,0.7989279823385673,0.6228817544504837,1.9282083910422485,2.11621774088871,0.5121465243797734,1.6447056531906128,,,
dancnet:abl_ema,0098_reverb_cabin,reverb_cabin,5.0,1.687907576560974,0.8951118459226324,0.7948691478075448,12.421934648146758,12.55823058492121,8.917719105445231,2.937788486480713,,,
dancnet:abl_ema,0099_reverb_cabin,reverb_cabin,10.0,3.0154335498809814,0.9643298829411784,0.8995777667628304,15.142152611069212,15.10400241991833,11.038428390784292,3.383639097213745,,,
dancnet:abl_ema,0100_reverb_cabin,reverb_cabin,5.0,1.3936320543289185,0.804586754853332,0.5294649975251441,3.7766952468050983,4.3894867491842255,-2.243033332919551,1.5702871084213257,,,
dancnet:abl_ema,0101_reverb_cabin,reverb_cabin,10.0,2.5657355785369873,0.9476472846746512,0.8378793760427069,16.793014607704947,16.7964531888653,9.673324305551908,3.330901622772217,,,
dancnet:abl_ema,0102_reverb_cabin,reverb_cabin,5.0,1.484525203704834,0.8335221018043384,0.6688885876823921,4.007101608383651,4.803266355005659,3.488597136573416,2.26571273803711,,,
dancnet:abl_ema,0103_reverb_cabin,reverb_cabin,10.0,1.2398821115493774,0.6967745073958901,0.510573721397663,-0.0933750961441446,1.2041758249669885,0.3691060673391396,1.814204692840576,,,
dancnet:abl_ema,0104_reverb_cabin,reverb_cabin,5.0,1.6608953475952148,0.7198249322831771,0.49717412619966,5.631120325886353,6.636064027229088,3.4346112652887664,2.3719959259033203,,,
dancnet:abl_ema,0105_reverb_cabin,reverb_cabin,10.0,1.7600687742233276,0.8978730442204439,0.7980301547487116,11.926354422691016,12.06574085817862,5.657913059754429,2.750305414199829,,,
dancnet:abl_ema,0106_reverb_cabin,reverb_cabin,5.0,1.6989202499389648,0.8278968918201941,0.5677578396749142,9.362589609417489,9.748600382993905,3.0301869191327655,2.4976646900177,,,
dancnet:abl_ema,0107_reverb_cabin,reverb_cabin,10.0,1.916722536087036,0.9534741781559416,0.8701336332332568,13.8243639739782,13.66027814546673,7.8310303433447555,3.034346580505371,,,
dancnet:abl_ema,0108_reverb_cabin,reverb_cabin,5.0,1.500748872756958,0.818350365841817,0.636673588727968,4.870575934048266,5.63548013265537,2.579632761832651,2.284999132156372,,,
dancnet:abl_ema,0109_reverb_cabin,reverb_cabin,10.0,1.9055185317993164,0.8936417592190562,0.807207983249142,8.223394692655576,8.693994464811944,5.7561736336311515,2.2872583866119385,,,
dancnet:abl_ema,0110_reverb_cabin,reverb_cabin,5.0,1.918094038963318,0.9467541242112162,0.8565737704508416,11.411705860412631,11.691205976017445,6.300073271645177,2.400566339492798,,,
dancnet:abl_ema,0111_reverb_cabin,reverb_cabin,10.0,1.7016950845718384,0.8669324434386209,0.7418304137126605,12.129542242029553,12.25756753874604,6.1675314770531875,2.172919750213623,,,
dancnet:abl_ema,0112_reverb_cabin,reverb_cabin,5.0,1.934619665145874,0.8863438009257851,0.7328936003924212,9.889281716281124,10.257078918066266,3.696290598915969,2.836505651473999,,,
dancnet:abl_ema,0113_reverb_cabin,reverb_cabin,10.0,1.996286392211914,0.944462401860106,0.8718514079512081,14.46112729477406,14.358978820781685,7.141539723739364,2.980299711227417,,,
dancnet:abl_ema,0114_reverb_cabin,reverb_cabin,5.0,1.2879594564437866,0.7068194480882948,0.4867145828165734,4.69107906812188,4.89233175887993,1.3476800325999116,1.8489000797271729,,,
dancnet:abl_ema,0115_reverb_cabin,reverb_cabin,10.0,2.5553932189941406,0.9534567219574132,0.8795812437799928,12.811085070245213,12.907950645078486,7.603776517027536,3.3278703689575195,,,
dancnet:abl_ema,0116_reverb_cabin,reverb_cabin,5.0,1.6101268529891968,0.8405494914563644,0.6426628550566004,10.769900899268094,11.109067962707574,1.052206020310302,2.035393476486206,,,
dancnet:abl_ema,0117_reverb_cabin,reverb_cabin,10.0,2.870718479156494,0.9617386321233448,0.9255876597599304,14.534866616455126,14.632455220958905,13.528830972209615,3.3509421348571777,,,
dancnet:abl_ema,0118_reverb_cabin,reverb_cabin,5.0,1.9592907428741455,0.9102550982227992,0.7817898147995246,10.846826747591846,11.15083561595635,7.6301713287581485,2.6620349884033203,,,
dancnet:abl_ema,0119_reverb_cabin,reverb_cabin,10.0,1.2562782764434814,0.6545958533269615,0.5270175843911288,1.4561549210577651,3.5970758524787354,2.896005670425984,1.7510337829589844,,,
dancnet:abl_ema,0120_radio_band,radio_band,5.0,1.6958025693893433,0.8924032306396338,0.7892900159833004,10.24093410155613,10.633101605221068,5.488061363748466,2.084524154663086,,,
dancnet:abl_ema,0121_radio_band,radio_band,10.0,1.791790246963501,0.9006074585891889,0.8243307806334776,12.591462751670097,12.810108210432142,5.617495810220881,2.245041847229004,,,
dancnet:abl_ema,0122_radio_band,radio_band,5.0,3.2348036766052246,0.9726248067976682,0.938907537722464,9.425851246295183,9.76507392917316,13.694581059127271,3.667198181152344,,,
dancnet:abl_ema,0123_radio_band,radio_band,10.0,2.397149085998535,0.9334344355738888,0.8529269196888158,15.176169161021289,15.1948565769817,10.046638870228056,2.712529420852661,,,
dancnet:abl_ema,0124_radio_band,radio_band,5.0,1.7382115125656128,0.9068232609798076,0.762737279707076,10.208187348539472,10.447864828756806,1.6959299835823491,1.91573965549469,,,
dancnet:abl_ema,0125_radio_band,radio_band,10.0,2.695704698562622,0.938736338277516,0.8685568971284495,19.311267535494174,19.078669983985503,12.39792162798576,3.1513140201568604,,,
dancnet:abl_ema,0126_radio_band,radio_band,5.0,1.6727665662765503,0.8755481828060035,0.7934000971131946,9.343194752219803,9.219559179865962,5.733538252291197,1.8419771194458008,,,
dancnet:abl_ema,0127_radio_band,radio_band,10.0,2.3018336296081543,0.940229435254038,0.8709921054535914,13.779415045157036,13.875707940408242,9.379879039016522,2.701448917388916,,,
dancnet:abl_ema,0128_radio_band,radio_band,5.0,1.8355004787445068,0.8446965453876172,0.6130831323569726,11.41051905318869,11.646090793429806,4.851785963624924,2.3572683334350586,,,
dancnet:abl_ema,0129_radio_band,radio_band,10.0,2.1510653495788574,0.9497746737025272,0.8769820021051576,14.065594812659528,14.084208370347806,8.133092048928933,2.501509428024292,,,
dancnet:abl_ema,0130_radio_band,radio_band,5.0,3.740421056747437,0.9679162128691298,0.955850132255816,20.690350471942843,19.837230747550855,20.52007883536429,3.8396055698394775,,,
dancnet:abl_ema,0131_radio_band,radio_band,10.0,2.6480820178985596,0.9532091899712553,0.8920147869140841,13.07401257249164,13.282785381322038,8.036513330279877,3.113008975982666,,,
dancnet:abl_ema,0132_radio_band,radio_band,5.0,3.8098244667053223,0.9906242083865082,0.9716039942834356,19.94195307825696,19.98198989966245,14.772685062794348,4.046391010284424,,,
dancnet:abl_ema,0133_radio_band,radio_band,10.0,2.139673948287964,0.9229745713899814,0.8082880198843879,13.931771396943883,14.102111236304326,4.154917433522064,2.522860288619995,,,
dancnet:abl_ema,0134_radio_band,radio_band,5.0,2.7421813011169434,0.9535296336201898,0.889375206536208,11.080292526827671,11.16846851737112,12.00799996965627,3.034120559692383,,,
dancnet:abl_ema,0135_radio_band,radio_band,10.0,2.3227362632751465,0.926624957996527,0.7905441272383654,15.298993199642526,15.053346116075693,7.25811354803251,2.8389899730682373,,,
dancnet:abl_ema,0136_radio_band,radio_band,5.0,1.6678448915481567,0.8740161334210298,0.7242586197964516,11.216905000912885,11.52913948356704,4.1802669979675215,2.13545823097229,,,
dancnet:abl_ema,0137_radio_band,radio_band,10.0,2.2314212322235107,0.9485523518911152,0.8290215033394016,16.464086360529585,16.42678741527428,3.899683257996536,2.676389217376709,,,
dancnet:abl_ema,0138_radio_band,radio_band,5.0,4.226090908050537,0.9952168210307282,0.9876886091153868,22.028912349805196,21.67219237372037,21.472428724829488,4.312124729156494,,,
dancnet:abl_ema,0139_radio_band,radio_band,10.0,2.4384050369262695,0.9509378571437512,0.8543802846642601,16.604669864205764,16.360761961111407,9.395425089777868,2.7673957347869873,,,
dancnet:abl_ema,0140_radio_band,radio_band,5.0,2.1180365085601807,0.8579769125050535,0.728181380137613,12.537209618012152,12.771820096513238,3.9057959374637,2.506779909133911,,,
dancnet:abl_ema,0141_radio_band,radio_band,10.0,2.566416501998902,0.9652081077187118,0.9188666845701612,19.859042160510857,19.41673851756916,13.83599419063104,3.133828401565552,,,
dancnet:abl_ema,0142_radio_band,radio_band,5.0,2.0552947521209717,0.9004659001446879,0.8480604499853572,11.395289867388064,11.60862566953586,9.44908118082399,2.600600004196167,,,
dancnet:abl_ema,0143_radio_band,radio_band,10.0,2.2967846393585205,0.9255762484231926,0.8534404774014428,14.377207608358413,14.530795933931785,9.623834013670985,2.680138349533081,,,
dancnet:abl_ema,0144_radio_band,radio_band,5.0,1.6673524379730225,0.8560963844499445,0.8062636035272028,14.36509970451202,14.136630829591624,9.39241747637955,2.068053722381592,,,
dancnet:abl_ema,0145_radio_band,radio_band,10.0,2.3378705978393555,0.94095735992187,0.8598978639323677,15.96914902060302,15.78663235078788,9.073585586797638,2.713289737701416,,,
dancnet:abl_ema,0146_radio_band,radio_band,5.0,2.1111695766448975,0.913488004331381,0.8470057508286323,11.013328896549876,11.343722015796777,10.285556780375426,2.686349868774414,,,
dancnet:abl_ema,0147_radio_band,radio_band,10.0,1.704989671707153,0.8800667214315274,0.7479604117242038,13.027590671551222,13.236284973351552,6.018048110694102,2.1782333850860596,,,
dancnet:abl_ema,0148_radio_band,radio_band,5.0,1.8252460956573489,0.8723479261367083,0.7466791308717895,11.941491422014796,12.19481112023062,5.718233696031209,2.305844783782959,,,
dancnet:abl_ema,0149_radio_band,radio_band,10.0,3.0035617351531982,0.9581253808755912,0.8737264702550007,18.36386968548436,18.278028590286535,13.516334016082023,3.279282331466675,,,
dancnet:abl_ema,0150_noise_only,noise_only,,,,,,,,,22.183574676513672,,
dancnet:abl_ema,0151_noise_only,noise_only,,,,,,,,,18.520244598388672,,
dancnet:abl_ema,0152_noise_only,noise_only,,,,,,,,,35.32649230957031,,
dancnet:abl_ema,0153_noise_only,noise_only,,,,,,,,,36.727909088134766,,
dancnet:abl_ema,0154_noise_only,noise_only,,,,,,,,,25.919986724853516,,
dancnet:abl_ema,0155_noise_only,noise_only,,,,,,,,,31.538293838500977,,
dancnet:abl_ema,0156_noise_only,noise_only,,,,,,,,,20.45189666748047,,
dancnet:abl_ema,0157_noise_only,noise_only,,,,,,,,,16.974952697753906,,
dancnet:abl_ema,0158_noise_only,noise_only,,,,,,,,,31.361677169799805,,
dancnet:abl_ema,0159_noise_only,noise_only,,,,,,,,,25.85850524902344,,
dancnet:abl_ema,0160_noise_only,noise_only,,,,,,,,,21.945369720458984,,
dancnet:abl_ema,0161_noise_only,noise_only,,,,,,,,,26.871917724609375,,
dancnet:abl_ema,0162_noise_only,noise_only,,,,,,,,,38.336524963378906,,
dancnet:abl_ema,0163_noise_only,noise_only,,,,,,,,,33.91435241699219,,
dancnet:abl_ema,0164_noise_only,noise_only,,,,,,,,,26.154197692871097,,
dancnet:abl_ema,0165_noise_only,noise_only,,,,,,,,,33.12342071533203,,
dancnet:abl_ema,0166_noise_only,noise_only,,,,,,,,,33.11386489868164,,
dancnet:abl_ema,0167_noise_only,noise_only,,,,,,,,,34.54094314575195,,
dancnet:abl_ema,0168_noise_only,noise_only,,,,,,,,,26.303117752075195,,
dancnet:abl_ema,0169_noise_only,noise_only,,,,,,,,,17.59946632385254,,
dancnet:abl_ema,0170_noise_only,noise_only,,,,,,,,,13.512587547302246,,
dancnet:abl_ema,0171_noise_only,noise_only,,,,,,,,,21.295757293701172,,
dancnet:abl_ema,0172_noise_only,noise_only,,,,,,,,,25.65905380249023,,
dancnet:abl_ema,0173_noise_only,noise_only,,,,,,,,,33.374942779541016,,
dancnet:abl_ema,0174_noise_only,noise_only,,,,,,,,,31.43435287475586,,
dancnet:abl_ema,0175_noise_only,noise_only,,,,,,,,,36.92169952392578,,
dancnet:abl_ema,0176_noise_only,noise_only,,,,,,,,,36.106727600097656,,
dancnet:abl_ema,0177_noise_only,noise_only,,,,,,,,,29.645816802978516,,
dancnet:abl_ema,0178_noise_only,noise_only,,,,,,,,,21.126033782958984,,
dancnet:abl_ema,0179_noise_only,noise_only,,,,,,,,,29.774980545043945,,
dancnet:abl_ema,0180_post_blast,post_blast,15.0,1.718620538711548,0.8897519420467727,0.816523633562617,9.859819756956336,10.27809199507132,9.723534691544309,2.2635223865509033,,0.7376037457616043,1.238652229309082
dancnet:abl_ema,0181_post_blast,post_blast,15.0,1.523456573486328,0.9429816222770784,0.8860048649289158,14.02547668779558,13.942528737872449,10.11146755062654,2.984043598175049,,0.8806871323691448,1.2701717615127563
dancnet:abl_ema,0182_post_blast,post_blast,15.0,1.831636667251587,0.8685406335151008,0.7043060394287018,10.75512339299259,11.104181987534265,5.945179279674584,2.396594285964966,,0.9815214634231556,2.168893337249756
dancnet:abl_ema,0183_post_blast,post_blast,15.0,1.511264085769653,0.8714770214356488,0.7558123874194599,7.208721127992471,7.960631996872493,5.909853732942375,2.1553823947906494,,0.7419546134295576,1.2608808279037476
dancnet:abl_ema,0184_post_blast,post_blast,15.0,2.1483333110809326,0.9604417951977632,0.8701861462256231,12.40569762728597,12.545223859993245,8.625688660560783,3.0207669734954834,,0.9708812062922594,1.9901237487792969
dancnet:abl_ema,0185_post_blast,post_blast,15.0,2.6843109130859375,0.8689891283003557,0.7420079641899864,15.222829231810842,14.949381480036903,8.60495277096962,3.4498329162597656,,0.327933294321223,1.1062663793563845
dancnet:abl_ema,0186_post_blast,post_blast,15.0,1.4741215705871582,0.83009927799366,0.6695177224425196,7.563102037223959,8.216792340952988,4.560141844382215,2.215054512023926,,0.86694036482993,1.6490709781646729
dancnet:abl_ema,0187_post_blast,post_blast,15.0,2.294306516647339,0.9246811792235304,0.8447457460979138,9.003796978678198,9.417520532836788,11.066214528063536,2.829709529876709,,0.7846846675788403,1.3422563076019287
dancnet:abl_ema,0188_post_blast,post_blast,15.0,1.7647281885147097,0.9061311989307742,0.7694539117201412,6.529462164218486,7.387734843382635,6.633515956519199,2.6047286987304688,,0.9584483279628911,1.960557222366333
dancnet:abl_ema,0189_post_blast,post_blast,15.0,1.217319130897522,0.7008351846724523,0.532994784315619,4.338518647785538,5.699432749474974,5.726174626340544,1.618826389312744,,0.8536838453734065,1.3942524194717407
dancnet:abl_ema,0190_post_blast,post_blast,15.0,2.260148763656616,0.9053752802307712,0.8406090947607339,11.306504786017804,11.581044434553457,8.301249185937229,3.1903645992279053,,0.8126840399651489,1.413642168045044
dancnet:abl_ema,0191_post_blast,post_blast,15.0,1.8091418743133545,0.9206348409144828,0.7677372960726507,8.4269352186587,9.00434503946819,5.355075550604723,2.81946325302124,,0.8077344619761521,1.321760177612305
dancnet:abl_ema,0192_post_blast,post_blast,15.0,1.4057254791259766,0.7976676592981511,0.6917366036632335,8.452041404514961,9.031704926959351,5.957015401046429,2.039735794067383,,0.9505043299103808,1.7864975929260254
dancnet:abl_ema,0193_post_blast,post_blast,15.0,1.1757851839065552,0.8983589395173192,0.7497057237773884,10.60802265148677,10.91369349787804,9.415986029498283,3.0111076831817627,,0.7783568746837488,1.1776679754257202
dancnet:abl_ema,0194_post_blast,post_blast,15.0,1.940047264099121,0.8737845644973194,0.7308197470166633,14.3129948971271,14.230613344940528,5.178460852946342,2.518181800842285,,0.9339036661883234,2.5829408168792725
dancnet:abl_ema,0195_post_blast,post_blast,15.0,1.9778544902801511,0.929901302527875,0.8243678002635318,4.723600039357577,5.932603564050422,5.697403267568885,3.099482536315918,,0.942159780512989,2.1931052207946777
dancnet:abl_ema,0196_post_blast,post_blast,15.0,1.6934661865234375,0.8377752603881051,0.7118444329415178,9.692038843782244,10.048181784950769,10.61598132079957,2.28669810295105,,0.8733978349245599,1.6633143424987793
dancnet:abl_ema,0197_post_blast,post_blast,15.0,1.6083608865737915,0.7815721818366475,0.6492500593113182,4.74300605017858,5.9843567372570625,4.927716438952164,2.4198687076568604,,0.4564907121776018,1.2250882387161257
dancnet:abl_ema,0198_post_blast,post_blast,15.0,1.2512141466140747,0.7888608667551067,0.6528396986755819,3.805706783634084,5.2949059605567195,5.993008412633517,1.8309389352798464,,0.8626451298093697,1.4456946849822998
dancnet:abl_ema,0199_post_blast,post_blast,15.0,1.3585619926452637,0.870243780716572,0.7966279358157433,8.67626146547442,9.188435798599295,6.745184705196347,1.8827589750289917,,1e-05,
dancnet:abl_ema,0200_post_blast,post_blast,15.0,1.8972139358520508,0.7966776915638536,0.6905829849787702,12.207694558624471,12.356796455883693,10.761359834236742,2.678400993347168,,0.9649825679955106,2.8404109477996826
dancnet:abl_ema,0201_post_blast,post_blast,15.0,1.8248755931854248,0.8433183685139142,0.6236296792661506,10.352606701242497,10.623528854391957,7.0726600494698175,2.6425483226776123,,0.8410599679713588,1.8061704635620115
dancnet:abl_ema,0202_post_blast,post_blast,15.0,1.96323823928833,0.9043661685381844,0.7808571961861512,10.42410623333697,10.80024993317297,8.646835020329284,2.95155930519104,,0.8831398508555086,1.7103021144866943
dancnet:abl_ema,0203_post_blast,post_blast,15.0,2.0656025409698486,0.9407352593279148,0.8862943794791504,12.571583017178838,12.731402078851904,12.06632228246767,3.1137192249298096,,0.8446680236481121,1.500629186630249
dancnet:abl_ema,0204_post_blast,post_blast,15.0,1.8286241292953491,0.8251144991313129,0.7255241664358253,6.521011588306907,7.381374601401017,7.942780869218475,2.7628371715545654,,0.9047154479935446,1.4348547458648682
dancnet:abl_ema,0205_post_blast,post_blast,15.0,2.466050863265991,0.8097251325090101,0.7157407795549483,12.357274452263734,12.507145493198946,8.651178676112078,3.131239891052246,,0.6332613644168087,1.9946949481964111
dancnet:abl_ema,0206_post_blast,post_blast,15.0,1.8854076862335205,0.926712964051221,0.8387361310991349,12.571486591884376,12.673587038336402,6.910503016901746,2.7974977493286133,,0.8579321435913109,1.582604169845581
dancnet:abl_ema,0207_post_blast,post_blast,15.0,1.8066396713256836,0.8535376076687431,0.7212809247067877,8.993531700377087,9.506198314919136,7.494887993522489,2.523158311843872,,0.8337957865049592,1.9212889671325684
dancnet:abl_ema,0208_post_blast,post_blast,15.0,1.8327912092208865,0.8827459510113715,0.795822802531811,9.557279820880709,9.983240295343126,10.073398344329815,2.4093177318573,,0.7692094985121543,1.4167155027389526
dancnet:abl_ema,0209_post_blast,post_blast,15.0,1.6472992897033691,0.9123124132871172,0.840015828396172,7.371739744979143,8.090778128595812,9.351766013982177,2.0423645973205566,,0.8112210414146045,1.3407012224197388
dancnet:abl_ema,0210_noise_switch,noise_switch,0.0,1.6468455791473389,0.8351099324146216,0.6317007890717481,9.746851332048024,10.124993704940213,4.5701047068102385,2.163459539413452,,,
dancnet:abl_ema,0211_noise_switch,noise_switch,5.0,1.6487407684326172,0.8912556610986307,0.781549841162453,11.26105106069003,11.380952514546385,5.1576768825670944,2.303499698638916,,,
dancnet:abl_ema,0212_noise_switch,noise_switch,0.0,1.5270719528198242,0.8429255167817571,0.7109124567583285,9.042788873001404,9.341321736368046,5.09785425044977,1.8832427263259888,,,
dancnet:abl_ema,0213_noise_switch,noise_switch,5.0,1.5620324611663818,0.9102623090492552,0.7237808557749194,10.650757505856715,10.96639534748638,5.477754911399731,2.4267477989196777,,,
dancnet:abl_ema,0214_noise_switch,noise_switch,0.0,1.3422123193740845,0.7906329392428523,0.7239813215308545,7.301761736031888,7.772274559098187,2.281164367600089,1.6178627014160156,,,
dancnet:abl_ema,0215_noise_switch,noise_switch,5.0,1.8280264139175415,0.9374469214329628,0.8606327183252505,12.63451011667794,12.610700163580038,8.434858026567507,2.488626003265381,,,
dancnet:abl_ema,0216_noise_switch,noise_switch,0.0,1.6819194555282593,0.6624683188716635,0.556436275399799,11.105181210041296,11.345206957754186,5.020834351540258,2.487182140350342,,,
dancnet:abl_ema,0217_noise_switch,noise_switch,5.0,1.567470908164978,0.8562532602251756,0.7305557626043035,9.55916268731784,10.014668985883636,6.374493932304941,2.143134593963623,,,
dancnet:abl_ema,0218_noise_switch,noise_switch,0.0,1.5077614784240725,0.8282202173871478,0.6334468439423154,6.909128489760249,7.687244167572357,3.634188363164815,1.8827117681503296,,,
dancnet:abl_ema,0219_noise_switch,noise_switch,5.0,1.9912585020065308,0.948481436797422,0.854249911272264,12.322569055021544,12.422130751936669,7.313381290444186,2.685070753097534,,,
dancnet:abl_ema,0220_noise_switch,noise_switch,0.0,1.734433889389038,0.8733766757876192,0.692559224663637,7.184465450501895,7.904075016703493,4.688650042150982,2.568276643753052,,,
dancnet:abl_ema,0221_noise_switch,noise_switch,5.0,1.6557689905166626,0.8548184102991151,0.7121431568886323,11.748405839136243,11.712233475469308,6.737059607502953,2.820040464401245,,,
dancnet:abl_ema,0222_noise_switch,noise_switch,0.0,1.934785842895508,0.8968385210754578,0.8096412564559858,10.203553177272353,10.523290753482131,8.092625885557748,2.3640854358673096,,,
dancnet:abl_ema,0223_noise_switch,noise_switch,5.0,2.235450029373169,0.9364699135706088,0.8535791092754168,12.532281243184755,12.56005957174034,6.544756406472099,2.690502643585205,,,
dancnet:abl_ema,0224_noise_switch,noise_switch,0.0,1.802783727645874,0.9330633620680532,0.8422454571376695,6.438686450842974,7.2326415004763795,8.544414303718696,2.978850841522217,,,
dancnet:abl_ema,0225_noise_switch,noise_switch,5.0,1.906028628349304,0.8935506430857302,0.7814086126685398,10.390722024205312,10.656856174250809,6.839882047417039,2.4661343097686768,,,
dancnet:abl_ema,0226_noise_switch,noise_switch,0.0,1.4602187871932983,0.783103021347767,0.62455242288564,7.831827302726966,8.4905529108038,5.945630878180076,1.9999489784240725,,,
dancnet:abl_ema,0227_noise_switch,noise_switch,5.0,1.714824676513672,0.9246880156696232,0.7774328388670146,10.879998024078397,11.113472855342136,6.509251852919825,2.4768645763397217,,,
dancnet:abl_ema,0228_noise_switch,noise_switch,0.0,1.4953281879425049,0.8450745669631213,0.6998043262738229,6.097259723708279,6.909653316982953,5.286257013224653,2.158046245574951,,,
dancnet:abl_ema,0229_noise_switch,noise_switch,5.0,1.9255197048187256,0.9501154706485276,0.8581781111913861,11.683216824537531,11.846949713309025,7.94114087540641,2.467144250869751,,,
dancnet:abl_ema,0230_noise_switch,noise_switch,0.0,1.6806776523590088,0.8630424948542792,0.7296190845472511,9.060260889408273,9.52873433212275,6.188348833884876,2.487769603729248,,,
dancnet:abl_ema,0231_noise_switch,noise_switch,5.0,2.15818190574646,0.9328656280683474,0.8526350280112404,12.184028120921464,12.349872736203322,10.46761445711303,2.8215975761413574,,,
dancnet:abl_ema,0232_noise_switch,noise_switch,0.0,1.393675446510315,0.8549534578989143,0.6908698443720885,5.563556533327397,6.614994319907639,3.7190449854645657,1.9096089601516724,,,
dancnet:abl_ema,0233_noise_switch,noise_switch,5.0,1.703081130981445,0.9024832349430268,0.7929479110853973,9.87068582357034,10.222334191292472,9.081807586330346,2.3937249183654785,,,
dancnet:abl_ema,0234_noise_switch,noise_switch,0.0,1.3518149852752686,0.7990845389248057,0.6365915386082018,6.686957958448341,7.434473050517818,4.014549053957133,1.8377065658569336,,,
dancnet:abl_ema,0235_noise_switch,noise_switch,5.0,1.616113543510437,0.8226105514578876,0.7167543617569782,8.012946034487996,8.645034062043953,7.4131759908516335,2.4071571826934814,,,
dancnet:abl_ema,0236_noise_switch,noise_switch,0.0,1.385334014892578,0.8652250336971558,0.718832611954825,9.268279037600966,9.57663212263537,7.371985754035106,1.8485366106033323,,,
dancnet:abl_ema,0237_noise_switch,noise_switch,5.0,1.605397343635559,0.8913147075282692,0.7778229733545731,10.317112986588262,10.583358243395406,4.409869265800633,2.120614767074585,,,
dancnet:abl_ema,0238_noise_switch,noise_switch,0.0,1.423465132713318,0.8210840927027704,0.633313425970267,8.93980991986444,9.423483241363924,4.659885885902673,2.045494318008423,,,
dancnet:abl_ema,0239_noise_switch,noise_switch,5.0,1.8700594902038576,0.8952772902019253,0.737945243069461,12.925275602359608,12.961075418225931,8.456346961812711,2.64929723739624,,,
dancnet:abl_ema,0240_hum400,hum400,0.0,1.8326812982559204,0.8016159622931986,0.6960580546447104,8.73150485600845,9.269728874648234,5.642486180793693,2.317018508911133,,,
dancnet:abl_ema,0241_hum400,hum400,5.0,2.290038585662842,0.9542133838924676,0.8880131042423007,9.301984304893436,9.756914240865456,5.032545484206891,2.857215166091919,,,
dancnet:abl_ema,0242_hum400,hum400,0.0,1.6655139923095703,0.8694722567004991,0.7264858431898266,7.54109621536537,8.23240574572351,5.109406242584795,2.2597885131835938,,,
dancnet:abl_ema,0243_hum400,hum400,5.0,2.2138967514038086,0.964326788336003,0.8794107492951221,10.808224452315942,11.135606943391114,8.08657904023662,3.005821466445923,,,
dancnet:abl_ema,0244_hum400,hum400,0.0,1.85740327835083,0.9051768622698182,0.7521651348998971,7.624418318468042,8.251692702927846,4.618414032620135,2.673912048339844,,,
dancnet:abl_ema,0245_hum400,hum400,5.0,2.2920589447021484,0.9431240316650416,0.8296015614056926,11.005318932807146,11.324815230525676,4.036037399745108,2.8013384342193604,,,
dancnet:abl_ema,0246_hum400,hum400,0.0,1.586355686187744,0.8386167071771943,0.7464917589489565,5.5014601122927775,6.411216784589676,1.4874262551365502,1.929187297821045,,,
dancnet:abl_ema,0247_hum400,hum400,5.0,2.0356028079986572,0.9102503407817364,0.8490020632864905,7.976845934030155,8.580355220410029,5.342920581331675,2.458195447921753,,,
dancnet:abl_ema,0248_hum400,hum400,0.0,1.8121109008789065,0.8517694991651064,0.6803110055181012,6.37426099687146,7.274461998195956,4.109743589440723,2.534237861633301,,,
dancnet:abl_ema,0249_hum400,hum400,5.0,2.1479973793029785,0.9383511471978556,0.8691349231643115,10.3008540673382,10.68747581379653,6.628190135731161,2.563976287841797,,,
dancnet:abl_ema,0250_hum400,hum400,0.0,1.713753581047058,0.9015650086168592,0.7931476099281743,8.037062376710786,8.600976715159401,4.523289138019332,2.229668140411377,,,
dancnet:abl_ema,0251_hum400,hum400,5.0,1.9757905006408691,0.9289191246819256,0.8240653477426512,11.048246481307787,11.3733971175641,5.518533286456849,2.4395673274993896,,,
dancnet:abl_ema,0252_hum400,hum400,0.0,1.7834181785583496,0.9295837986393186,0.7853509487469148,6.210677632141901,7.130047360924708,3.588696115085669,2.4913339614868164,,,
dancnet:abl_ema,0253_hum400,hum400,5.0,2.2913196086883545,0.8170280152719896,0.6313154223783664,11.36631570429348,11.666518570275628,3.943042117848582,2.9717917442321777,,,
dancnet:abl_ema,0254_hum400,hum400,0.0,1.5818312168121338,0.8878911702361749,0.7949125855232537,8.814955091600503,9.27953029417044,6.841153031924061,2.058523178100586,,,
dancnet:abl_ema,0255_hum400,hum400,5.0,1.57414972782135,0.912762990388372,0.8349014704470277,7.162436989316494,7.853705669130688,2.9779267556511617,2.004719495773315,,,
dancnet:abl_ema,0256_hum400,hum400,0.0,1.4847743511199951,0.8962610037057651,0.8052006429227542,7.081610683537857,7.811064541370937,5.375585060115459,1.971134901046753,,,
dancnet:abl_ema,0257_hum400,hum400,5.0,1.9503681659698489,0.9443704375131418,0.8422366481981299,10.669624834710948,11.02445337771979,3.494135747786907,2.5699470043182373,,,
dancnet:abl_ema,0258_hum400,hum400,0.0,1.9387407302856443,0.9178873439107929,0.7616111945887937,7.183319639746077,7.917714324991925,5.834236421204557,2.577237606048584,,,
dancnet:abl_ema,0259_hum400,hum400,5.0,1.8643672466278076,0.935169265598846,0.8526285733494579,12.503257388893736,12.739380135536411,4.179748220393977,2.4332714080810547,,,
dancnet:abl_ema,0260_hum400,hum400,0.0,1.755805253982544,0.8466715967696816,0.7473913492128612,7.186637403084922,7.9242169994353056,4.943490510167393,2.4068899154663086,,,
dancnet:abl_ema,0261_hum400,hum400,5.0,2.246689558029175,0.9397993985607492,0.8190354546181301,10.536927787367794,10.491105192321385,5.843625000802534,3.0523910522460938,,,
dancnet:abl_ema,0262_hum400,hum400,0.0,1.763984441757202,0.8628580405458437,0.7050045429285986,8.756423192432367,9.29101287447478,0.4207874747878361,2.1417081356048584,,,
dancnet:abl_ema,0263_hum400,hum400,5.0,1.898777961730957,0.9279898292116872,0.835721376186898,11.166859487508727,11.484869736712238,3.645882732574785,2.5145423412323,,,
dancnet:abl_ema,0264_hum400,hum400,0.0,1.5366222858428955,0.884938605456288,0.7880624008968095,8.486933068544895,9.042112200874138,5.268275484654775,1.972231388092041,,,
dancnet:abl_ema,0265_hum400,hum400,5.0,2.2075140476226807,0.9378016846306246,0.888882940926754,11.773980281967836,11.975117550553186,7.383701498890373,2.702127456665039,,,
dancnet:abl_ema,0266_hum400,hum400,0.0,1.7160801887512207,0.8839766445535063,0.7964993137734342,6.744087282205467,7.576014797277172,5.103380925451169,2.156663417816162,,,
dancnet:abl_ema,0267_hum400,hum400,5.0,1.95554518699646,0.9285720576390742,0.8399661878819381,9.27524179969311,9.721753696562978,1.872136737032972,2.345797538757324,,,
dancnet:abl_ema,0268_hum400,hum400,0.0,1.70617938041687,0.9134209550705966,0.7942487685634035,7.1266601202016595,7.864822509879823,5.377045038223128,2.3406243324279785,,,
dancnet:abl_ema,0269_hum400,hum400,5.0,2.185936450958252,0.9012546810846416,0.7814197788889102,11.056437633328551,11.370514681625368,7.627039288705547,2.7630035877227783,,,
dancnet:abl_ema,0270_crew_babble,crew_babble,0.0,1.192775011062622,0.6770684510502508,0.4079549591763635,-2.260809234567266,-1.7274727915587176,-1.5157880426646888,1.6188923120498655,,,
dancnet:abl_ema,0271_crew_babble,crew_babble,5.0,1.2196320295333862,0.8165651467828275,0.6495212064725941,4.624819416210687,4.617595349690094,2.583815748004325,1.6421371698379517,,,
dancnet:abl_ema,0272_crew_babble,crew_babble,10.0,1.2081273794174194,0.8396978107946607,0.6782088481441854,6.9519331992950555,7.613658089129471,4.287123156600103,1.744952917098999,,,
dancnet:abl_ema,0273_crew_babble,crew_babble,0.0,1.1107136011123655,0.5366439966564848,0.3538729767344047,-0.5019276515237708,0.1179281802654002,-1.3425041592869351,1.298149824142456,,,
dancnet:abl_ema,0274_crew_babble,crew_babble,5.0,1.074024677276611,0.7288093179606884,0.583031049500366,1.2206135102514135,2.0905785892212556,3.4000801435623687,1.2452383041381836,,,
dancnet:abl_ema,0275_crew_babble,crew_babble,10.0,1.390039563179016,0.8556757908727459,0.6747641118881169,9.230990512301524,9.386517842102926,3.363041144889888,1.72894549369812,,,
dancnet:abl_ema,0276_crew_babble,crew_babble,0.0,1.1106781959533691,0.6775269256348281,0.470703046765046,-0.7548155959745823,-0.2350663266379671,-1.844180648442112,1.326460361480713,,,
dancnet:abl_ema,0277_crew_babble,crew_babble,5.0,1.1914629936218262,0.7819794772439761,0.5960198131472199,3.171252321326877,4.201740778790118,3.209738157737273,1.720834493637085,,,
dancnet:abl_ema,0278_crew_babble,crew_babble,10.0,1.2908029556274414,0.7871388218672198,0.6192664356560057,8.399276512099005,8.65631409047757,5.904115163710939,1.9731956720352173,,,
dancnet:abl_ema,0279_crew_babble,crew_babble,0.0,1.0654059648513794,0.4656307242443777,0.3471373438138896,-1.0309163013382436,0.1466670216394828,0.0902136847188148,1.4528470039367676,,,
dancnet:abl_ema,0280_crew_babble,crew_babble,5.0,1.2416809797286987,0.7467281310625501,0.5882624612972871,4.381998328135067,4.949869048405758,0.7484331179922968,1.648828387260437,,,
dancnet:abl_ema,0281_crew_babble,crew_babble,10.0,1.183207392692566,0.8353318019748578,0.6266938860613231,4.371485770389455,5.32249281863445,0.4406021643132241,1.73006272315979,,,
dancnet:abl_ema,0282_crew_babble,crew_babble,0.0,1.087499976158142,0.726155550310229,0.5789118948295189,-0.9498989298106107,-0.9284362040389758,-0.3075220530885136,1.4704915285110474,,,
dancnet:abl_ema,0283_crew_babble,crew_babble,5.0,1.099945306777954,0.6935826767585251,0.4855532531860155,3.810597282183159,4.304612644352714,0.7586157392728271,1.5266084671020508,,,
dancnet:abl_ema,0284_crew_babble,crew_babble,10.0,1.3636224269866943,0.77837129287404,0.5796722185831841,8.742734857221988,9.111762683751971,1.9582904008599231,1.9453270435333252,,,
dancnet:abl_ema,0285_crew_babble,crew_babble,0.0,1.0909076929092407,0.6563316318577914,0.4509952402427216,0.3165958372659815,1.0317447334843852,-0.4257742925412544,1.3447761535644531,,,
dancnet:abl_ema,0286_crew_babble,crew_babble,5.0,1.1955474615097046,0.7818869211809513,0.545096109449218,4.869177506775896,5.264739266684132,1.736401556532705,1.6688039302825928,,,
dancnet:abl_ema,0287_crew_babble,crew_babble,10.0,1.132203459739685,0.7110441643302997,0.6124147660451275,9.38856059029995,9.301530372110133,6.781658387922706,1.4385870695114136,,,
dancnet:abl_ema,0288_crew_babble,crew_babble,0.0,1.1019957065582275,0.6310581957080085,0.372204505416167,-0.9038870264752096,-0.0700952478492464,-1.5984515126722332,1.40722918510437,,,
dancnet:abl_ema,0289_crew_babble,crew_babble,5.0,1.176111102104187,0.8125581625728829,0.6444479042419777,4.4453221884995955,4.887790014881451,2.562473328414593,1.607998013496399,,,
dancnet:abl_ema,0290_crew_babble,crew_babble,10.0,1.6099379062652588,0.8264270545419964,0.6445559659273974,9.672006113463562,9.89103609133871,4.0246262150709615,2.1615211963653564,,,
dancnet:abl_ema,0291_crew_babble,crew_babble,0.0,1.0645467042922974,0.6177227996436726,0.4039836604379219,-1.3615290199760102,-0.0031589124823237,0.1067500873871279,1.312019109725952,,,
dancnet:abl_ema,0292_crew_babble,crew_babble,5.0,1.189254879951477,0.7403741058375549,0.5812946768057123,5.654785469832334,5.7248747021283,2.1040399795249556,1.7164989709854126,,,
dancnet:abl_ema,0293_crew_babble,crew_babble,10.0,1.7188130617141724,0.8535711211535402,0.6797529015795999,7.447336922031781,7.738430727862495,5.095614381880865,2.738757371902466,,,
dancnet:abl_ema,0294_crew_babble,crew_babble,0.0,1.063894271850586,0.6460424926171375,0.4376111564437078,-0.9905918670729368,-0.041182491451023,-0.7125776260731251,1.26641047000885,,,
dancnet:abl_ema,0295_crew_babble,crew_babble,5.0,1.1045407056808472,0.8035968582897676,0.6136732355982071,3.1294209547188325,3.730476689639055,2.1312773248330137,1.456536889076233,,,
dancnet:abl_ema,0296_crew_babble,crew_babble,10.0,1.2587957382202148,0.8584249283943294,0.6638673891148165,9.42553920752655,9.717326212205018,3.1185715642213863,2.185755491256714,,,
dancnet:abl_ema,0297_crew_babble,crew_babble,0.0,1.049023151397705,0.6701348791054301,0.4255400612150878,0.93972796808704,1.5670737853871777,-0.832965060257869,1.309520244598389,,,
dancnet:abl_ema,0298_crew_babble,crew_babble,5.0,1.173285722732544,0.6493098027113663,0.495906339225135,4.435543030397642,4.854436513012614,3.6660724144523376,1.7787237167358398,,,
dancnet:abl_ema,0299_crew_babble,crew_babble,10.0,1.4429278373718262,0.872818016260737,0.7358308783877583,9.23965302566228,9.38501209489197,6.9368618519019645,2.0916638374328613,,,
dancnet:abl_ema,0300_long_stream,long_stream,5.0,1.889454364776611,0.8978871494935952,0.7861998642552205,10.786675332262776,11.013616006949364,8.733997251128532,2.640153169631958,,,
dancnet:abl_ema,0301_long_stream,long_stream,5.0,1.8942581415176392,0.9048720992516334,0.8101072400862301,10.264602790655871,10.565067465153328,7.023882016839053,2.4416918754577637,,,
dancnet:abl_ema,0302_long_stream,long_stream,5.0,2.0926249027252197,0.8956749275141506,0.8019593963838709,10.828002090676708,11.123752393389694,6.653965409852557,2.6829261779785156,,,
dancnet:abl_ema,0303_long_stream,long_stream,5.0,2.0287117958068848,0.9082631974623544,0.8207596130395042,9.460542249972171,9.9071191884757,6.660812286569775,2.7384140491485596,,,
dancnet:abl_crm,0000_clip_heavy,clip_heavy,0.0,1.3584380149841309,0.8624366675796072,0.718993422803985,5.406230890965195,6.460997941630504,3.7395956773399153,1.779545545578003,,,
dancnet:abl_crm,0001_clip_heavy,clip_heavy,5.0,1.4304025173187256,0.7991659448054202,0.6644994597491009,5.764685633541614,5.999395658374525,4.806423139567246,1.9920434951782229,,,
dancnet:abl_crm,0002_clip_heavy,clip_heavy,0.0,2.1795482635498047,0.9561113380381618,0.8914138876697938,14.800619193926146,14.588776373711552,7.921804522930111,2.683326005935669,,,
dancnet:abl_crm,0003_clip_heavy,clip_heavy,5.0,1.608222723007202,0.8487512057307284,0.6874223639155016,9.68813996385346,9.933919107367146,6.14222389325463,2.3396196365356445,,,
dancnet:abl_crm,0004_clip_heavy,clip_heavy,0.0,3.4232468605041504,0.9277196626881838,0.8961619396110501,13.32742804231838,12.749905690622604,14.36790690031467,3.5382516384124756,,,
dancnet:abl_crm,0005_clip_heavy,clip_heavy,5.0,1.4506016969680786,0.861588565195244,0.696628804719267,6.902554080563396,6.6062010069596075,4.524103363416711,2.178989887237549,,,
dancnet:abl_crm,0006_clip_heavy,clip_heavy,0.0,2.242309808731079,0.9573912792281896,0.9349891351090706,9.945272182902652,10.04684017205591,16.220650186074515,2.8467018604278564,,,
dancnet:abl_crm,0007_clip_heavy,clip_heavy,5.0,1.3615808486938477,0.7978041082430113,0.713592827822537,5.171102001898131,5.816647888242395,3.0549249590575496,2.093613386154175,,,
dancnet:abl_crm,0008_clip_heavy,clip_heavy,0.0,2.40132737159729,0.9685812492990056,0.9384645674851604,14.426044917417702,14.1196942371708,13.749489106108143,3.279329299926758,,,
dancnet:abl_crm,0009_clip_heavy,clip_heavy,5.0,1.5597429275512695,0.8685653981027421,0.7324800798932727,8.302909541579002,8.635588947100993,5.924334159534339,2.4818577766418457,,,
dancnet:abl_crm,0010_clip_heavy,clip_heavy,0.0,1.3146189451217651,0.7732784360228449,0.6079051010768541,4.294614932746551,5.516301478578947,5.8774522490211725,1.841016173362732,,,
dancnet:abl_crm,0011_clip_heavy,clip_heavy,5.0,1.2407130002975464,0.8959948291906074,0.7347592071491699,6.6322164374341295,6.817208028157244,3.581957924765806,2.2927863597869873,,,
dancnet:abl_crm,0012_clip_heavy,clip_heavy,0.0,2.0078883171081543,0.9679960952889216,0.9257531590837724,12.005592444587254,12.089163512248875,6.365064496496808,3.342726707458496,,,
dancnet:abl_crm,0013_clip_heavy,clip_heavy,5.0,1.6952883005142212,0.911242544889071,0.8332406087185934,8.946545168995007,8.943393878645075,4.993680038963079,2.4727354049682617,,,
dancnet:abl_crm,0014_clip_heavy,clip_heavy,0.0,1.3975070714950562,0.9062948987160184,0.7593480352900744,6.941354116019648,7.684922897597751,5.485835028232775,2.343348741531372,,,
dancnet:abl_crm,0015_clip_heavy,clip_heavy,5.0,1.5470144748687744,0.8934377291620146,0.7425628787139408,7.020366405991982,7.625992203568487,4.929568458013952,2.455413579940796,,,
dancnet:abl_crm,0016_clip_heavy,clip_heavy,0.0,2.1148829460144043,0.8855165263561952,0.8369511666390184,10.487680655464343,10.718520353751655,12.53499494882949,2.7492096424102783,,,
dancnet:abl_crm,0017_clip_heavy,clip_heavy,5.0,1.465940237045288,0.8856977425517446,0.7499939862951578,7.577314662843912,7.687747014084875,4.009838522429848,2.187896490097046,,,
dancnet:abl_crm,0018_clip_heavy,clip_heavy,0.0,1.458721399307251,0.8880190272750917,0.8006409669077844,6.544094658200836,6.975405086644676,7.507648698380827,2.029808521270752,,,
dancnet:abl_crm,0019_clip_heavy,clip_heavy,5.0,1.6657514572143557,0.9624226649434192,0.9332904133447226,11.750149521001765,11.61762072866958,11.293571221964356,2.553591251373291,,,
dancnet:abl_crm,0020_clip_heavy,clip_heavy,0.0,1.6539889574050903,0.8817496966987021,0.8041146850812896,7.668656399927102,7.920007866781539,9.902474109964777,2.5690503120422363,,,
dancnet:abl_crm,0021_clip_heavy,clip_heavy,5.0,1.682260036468506,0.9427843157548312,0.8499753328559603,9.047938232871122,9.16271122649558,5.636321466568926,2.4383010864257812,,,
dancnet:abl_crm,0022_clip_heavy,clip_heavy,0.0,3.9697964191436768,0.9885963875205078,0.973616524633598,20.061336328007528,18.852651477583816,18.092204370799283,4.038638591766357,,,
dancnet:abl_crm,0023_clip_heavy,clip_heavy,5.0,1.471080660820007,0.8085047240182791,0.681278673485756,6.168363715806986,6.5529936867319805,5.303511021914129,2.160656452178955,,,
dancnet:abl_crm,0024_clip_heavy,clip_heavy,0.0,1.4949090480804443,0.8522567392209941,0.7260579339608368,8.085235550888235,8.631925010846984,7.0985308270670355,2.0896944999694824,,,
dancnet:abl_crm,0025_clip_heavy,clip_heavy,5.0,1.6857566833496094,0.895089724340484,0.7632113945850493,9.378582987646334,9.842344300536288,7.878584520753568,2.503394603729248,,,
dancnet:abl_crm,0026_clip_heavy,clip_heavy,0.0,1.2573504447937012,0.7812367580330025,0.6095134756338241,7.202874835132841,7.690490417037999,6.260056970910228,1.8432207107543943,,,
dancnet:abl_crm,0027_clip_heavy,clip_heavy,5.0,1.455315113067627,0.8728459473323906,0.6952426231575302,7.401531311019081,7.355592260831054,5.21190184319931,2.1628105640411377,,,
dancnet:abl_crm,0028_clip_heavy,clip_heavy,0.0,1.6163480281829834,0.9043096487937788,0.8681534830335755,11.207928352595912,11.264158987878483,7.692189217623414,2.2547247409820557,,,
dancnet:abl_crm,0029_clip_heavy,clip_heavy,5.0,1.252589464187622,0.8734416567948522,0.8001867653747641,11.319486009966868,11.556051669541272,7.389191117465034,1.989493489265442,,,
dancnet:abl_crm,0030_level_low,level_low,0.0,1.7630119323730469,0.8128155174423779,0.6349719464832493,10.006274267362674,10.306738088851342,3.622202275032681,2.2240586280822754,,,
dancnet:abl_crm,0031_level_low,level_low,5.0,1.5770843029022217,0.8200031711842517,0.6972972100002571,8.883129729983546,9.387842006085943,6.390940557923214,2.186415672302246,,,
dancnet:abl_crm,0032_level_low,level_low,10.0,2.846219062805176,0.9834769938455036,0.9567008736272684,12.725768947113387,12.584952570160516,14.883839551950636,3.647472381591797,,,
dancnet:abl_crm,0033_level_low,level_low,0.0,1.7236251831054688,0.8829616926916819,0.784652082265118,7.973849233792639,8.607838248714945,7.081583702631417,2.609835147857666,,,
dancnet:abl_crm,0034_level_low,level_low,5.0,1.8764036893844604,0.890586130138297,0.6653179192145755,11.353923377719536,11.481724497722611,5.306647845567423,2.6567740440368652,,,
dancnet:abl_crm,0035_level_low,level_low,10.0,2.245992422103882,0.944938665987398,0.8923986687450329,15.64464877194193,14.606152905129528,8.341782807114996,3.3990936279296875,,,
dancnet:abl_crm,0036_level_low,level_low,0.0,1.6983656883239746,0.8704364445818888,0.7052997195705413,9.035249728570465,9.507356279289752,7.596396476088183,2.6492719650268555,,,
dancnet:abl_crm,0037_level_low,level_low,5.0,1.946033954620361,0.8949800796703783,0.8193163311449029,11.747082611463522,11.67754956776472,9.393868693890129,3.004058599472046,,,
dancnet:abl_crm,0038_level_low,level_low,10.0,1.818042278289795,0.932805732064666,0.833785027317823,15.191639393490066,15.15442139458301,8.925806243177119,2.4832112789154053,,,
dancnet:abl_crm,0039_level_low,level_low,0.0,2.7166762351989746,0.9581293232757464,0.8875785371380442,11.321270416315098,11.417372525620063,8.953207117044672,3.5637459754943848,,,
dancnet:abl_crm,0040_level_low,level_low,5.0,1.8521337509155271,0.9043525839411926,0.818223900566262,11.593767552538704,11.49696568605381,8.268216578089104,2.4029788970947266,,,
dancnet:abl_crm,0041_level_low,level_low,10.0,2.1611576080322266,0.9065016289069886,0.7706937516118848,12.959482010144788,12.759257047320558,8.929673123672567,2.931586980819702,,,
dancnet:abl_crm,0042_level_low,level_low,0.0,1.6702587604522705,0.8547813074866063,0.703906504707394,8.685340662910951,9.006871270626485,2.6785253391161383,2.473350524902344,,,
dancnet:abl_crm,0043_level_low,level_low,5.0,1.7730683088302612,0.8444814917932019,0.7956772333242944,13.549234640485498,13.21537664581548,10.281947965151597,1.9967819452285769,,,
dancnet:abl_crm,0044_level_low,level_low,10.0,2.427711248397827,0.953738721010577,0.8820265834919864,16.002665202265593,15.70205065658165,12.690806077755903,3.1401546001434326,,,
dancnet:abl_crm,0045_level_low,level_low,0.0,1.4751646518707275,0.7254140569182567,0.5477260895213574,8.457010275918336,9.013869202095544,4.980582037279916,2.0341196060180664,,,
dancnet:abl_crm,0046_level_low,level_low,5.0,1.6969382762908936,0.9211588296658778,0.7857089472108617,7.500184504256384,7.911581829900996,4.8142325548391,2.8849661350250244,,,
dancnet:abl_crm,0047_level_low,level_low,10.0,3.3827853202819824,0.9008858415154511,0.8476982121647438,20.321121189276248,18.85204605848273,11.900604531352077,4.143158435821533,,,
dancnet:abl_crm,0048_level_low,level_low,0.0,1.8143410682678225,0.95911892100595,0.907980252118894,11.06771442882768,11.315283255118118,15.767286570421938,2.8605334758758545,,,
dancnet:abl_crm,0049_level_low,level_low,5.0,1.7731765508651731,0.8328429948449144,0.7334227837619693,12.16998734692561,11.78603968290801,7.881572518183308,2.2693774700164795,,,
dancnet:abl_crm,0050_level_low,level_low,10.0,2.2023165225982666,0.9260679402213928,0.8382210165431372,16.30603942800959,16.144888179916887,10.446032180256523,2.8257193565368652,,,
dancnet:abl_crm,0051_level_low,level_low,0.0,1.8685775995254517,0.958592385807634,0.8116469940652371,3.856865320691804,4.020221920929497,3.84092426776045,2.882397174835205,,,
dancnet:abl_crm,0052_level_low,level_low,5.0,1.5432236194610596,0.968240891695039,0.8824860721825144,8.677611623669186,8.535472563768243,5.437430230684834,2.419877767562866,,,
dancnet:abl_crm,0053_level_low,level_low,10.0,1.4563696384429932,0.8604075989937034,0.7753268294719091,13.754449506424049,13.285715684322774,14.591101104226322,1.8455207347869873,,,
dancnet:abl_crm,0054_level_low,level_low,0.0,1.4272838830947876,0.7376174473015135,0.5161726191661073,6.0489512533966,7.006285330822673,2.319753456828396,1.897524118423462,,,
dancnet:abl_crm,0055_level_low,level_low,5.0,1.868877410888672,0.8689358525041496,0.808091778082546,15.12616879964771,14.986232202059067,8.381528963393405,2.445353746414185,,,
dancnet:abl_crm,0056_level_low,level_low,10.0,3.924802541732788,0.9820232900165756,0.9775185038020092,21.03142800475231,19.0279856579599,19.032936270324495,4.104585647583008,,,
dancnet:abl_crm,0057_level_low,level_low,0.0,1.3428306579589844,0.8424750556226874,0.654238630252591,6.353044097614127,7.083194613339868,3.6261242088773535,1.8395159244537351,,,
dancnet:abl_crm,0058_level_low,level_low,5.0,1.8870792388916016,0.7833454026197737,0.6637659078604229,10.154483878068287,10.4881581394839,5.928957717835853,3.170571804046631,,,
dancnet:abl_crm,0059_level_low,level_low,10.0,2.262253999710083,0.936152233095738,0.8543810570747694,12.216310095147868,12.42249942604774,9.373158174459835,3.206825017929077,,,
dancnet:abl_crm,0060_level_high,level_high,5.0,1.7577087879180908,0.8819823244866475,0.6926118620567828,10.367394292031875,10.718086638576704,6.804726140496632,2.5735507011413574,,,
dancnet:abl_crm,0061_level_high,level_high,10.0,2.301875114440918,0.905862363844381,0.8201905120378611,13.456531767979303,13.050566738510971,8.798753775083378,2.9029455184936523,,,
dancnet:abl_crm,0062_level_high,level_high,5.0,2.346705436706543,0.9507831493260452,0.8568940238714464,12.897881099134167,12.984038409075314,11.028336239041115,3.2864925861358643,,,
dancnet:abl_crm,0063_level_high,level_high,10.0,2.2609400749206543,0.9294446870336582,0.8317226929840875,15.183522440628265,15.104156316384522,11.278005477969591,2.92203688621521,,,
dancnet:abl_crm,0064_level_high,level_high,5.0,2.0239577293395996,0.91237660124634,0.773313381607646,8.623683893945742,9.01448240836045,3.495718297476237,3.250889301300049,,,
dancnet:abl_crm,0065_level_high,level_high,10.0,2.5751805305480957,0.9069695519372052,0.8103935753345499,18.07781511777628,16.444741736542756,9.271890567529503,3.50785231590271,,,
dancnet:abl_crm,0066_level_high,level_high,5.0,1.8751028776168823,0.8941051455118342,0.7754906744666896,11.982336149588331,11.983398634927283,8.991254946732843,2.5574114322662354,,,
dancnet:abl_crm,0067_level_high,level_high,10.0,2.230041742324829,0.9468788344152432,0.8879425113457717,13.888243594817832,13.848812329268512,5.6626601611894545,2.9376795291900635,,,
dancnet:abl_crm,0068_level_high,level_high,5.0,1.9370880126953125,0.8532415797364663,0.6977973105722166,11.928421447693085,11.874703237216773,6.980972887974509,2.617035150527954,,,
dancnet:abl_crm,0069_level_high,level_high,10.0,2.523483991622925,0.9591233566536574,0.8649830301236671,14.735576357375514,13.958966239745845,8.081136648785112,3.19476580619812,,,
dancnet:abl_crm,0070_level_high,level_high,5.0,1.755841612815857,0.930772213261982,0.820208461534416,17.838664785557793,17.091106310450837,10.892964443443612,2.6352343559265137,,,
dancnet:abl_crm,0071_level_high,level_high,10.0,2.3617656230926514,0.9522723257124636,0.8436734983331156,17.186025996976483,16.641680908810578,9.70682843797928,3.001953601837158,,,
dancnet:abl_crm,0072_level_high,level_high,5.0,1.925778865814209,0.9064211027096922,0.7828478555478469,10.89479727464141,11.134306688260445,5.775521870272414,2.387594223022461,,,
dancnet:abl_crm,0073_level_high,level_high,10.0,2.104191541671753,0.9226599342769388,0.8314921376980472,13.872370648499489,13.575143242445876,8.21807870848961,2.728771209716797,,,
dancnet:abl_crm,0074_level_high,level_high,5.0,1.990241765975952,0.9557153280081856,0.8638989923064232,10.222323493084533,10.50346274841581,8.833566225051957,2.848487377166748,,,
dancnet:abl_crm,0075_level_high,level_high,10.0,2.6563186645507812,0.954383904228812,0.9179830373493244,18.138787963188545,17.735555368417582,10.973084310763356,3.2651660442352295,,,
dancnet:abl_crm,0076_level_high,level_high,5.0,1.5034018754959106,0.8541355239299347,0.7597700724582961,3.501996792852821,4.961852534540899,5.975580033186867,1.8949295282363892,,,
dancnet:abl_crm,0077_level_high,level_high,10.0,3.291766881942749,0.9718051705484084,0.9187277733920864,20.172758943532067,19.06407002711865,16.650226367241295,3.6660289764404297,,,
dancnet:abl_crm,0078_level_high,level_high,5.0,2.3271992206573486,0.925551633428943,0.8422765829184284,11.354601472184918,11.659810745555635,12.35272952665652,2.9306893348693848,,,
dancnet:abl_crm,0079_level_high,level_high,10.0,1.622278928756714,0.9430173441148229,0.8796065043525856,12.745054542653405,12.881844813243408,8.185297224387451,2.31278920173645,,,
dancnet:abl_crm,0080_level_high,level_high,5.0,1.643988013267517,0.9042234044687948,0.7672178687038705,10.513087389146074,10.782354286405138,5.494293306729942,2.419684410095215,,,
dancnet:abl_crm,0081_level_high,level_high,10.0,1.7661089897155762,0.9276902334966048,0.8143354110729814,15.711881009708748,15.62939056421127,7.969160734263234,2.71409010887146,,,
dancnet:abl_crm,0082_level_high,level_high,5.0,2.796875476837158,0.9664518662227808,0.9182655676745244,14.106360518330618,13.915329367283888,10.49521479041867,3.457408905029297,,,
dancnet:abl_crm,0083_level_high,level_high,10.0,2.176933765411377,0.9525647951048094,0.8740359576553499,15.27492184498148,14.93147820508572,8.020451447065366,2.854522705078125,,,
dancnet:abl_crm,0084_level_high,level_high,5.0,1.7286083698272705,0.8275534614155409,0.6143765606238523,10.315469512590685,10.45097612117994,5.712752943782281,2.399524211883545,,,
dancnet:abl_crm,0085_level_high,level_high,10.0,2.0740272998809814,0.959546309905895,0.9318291543372752,14.795458097840957,14.589940504337974,12.568327529813288,3.0183489322662354,,,
dancnet:abl_crm,0086_level_high,level_high,5.0,2.151405096054077,0.9613731500663784,0.9099951053510896,9.326353469252638,9.67225531070616,10.199114008261718,3.175992250442505,,,
dancnet:abl_crm,0087_level_high,level_high,10.0,2.316434621810913,0.9646719289688516,0.884169205322089,13.878825288930072,13.755680011878336,10.508501803739115,2.813424825668335,,,
dancnet:abl_crm,0088_level_high,level_high,5.0,1.748219013214111,0.8844960744846649,0.7570843599422585,7.149128239624528,7.850148519225238,5.629281152858136,2.396885395050049,,,
dancnet:abl_crm,0089_level_high,level_high,10.0,2.3828563690185547,0.92915772666064,0.8276788123574932,14.270332730313829,14.240775355231817,7.257666470806657,3.252870798110962,,,
dancnet:abl_crm,0090_reverb_cabin,reverb_cabin,5.0,3.116669178009033,0.9904525632975736,0.9767228110726353,21.91878308230407,19.05710442036778,7.542247696968719,4.027344226837158,,,
dancnet:abl_crm,0091_reverb_cabin,reverb_cabin,10.0,2.159503698348999,0.9741754245839048,0.9159135253482924,15.055705493576426,14.51258121255708,5.863013992227084,3.088609457015991,,,
dancnet:abl_crm,0092_reverb_cabin,reverb_cabin,5.0,1.3803400993347168,0.8884750517465868,0.7585790106908546,6.445224177142604,6.131541303732106,3.568191046832633,2.0286459922790527,,,
dancnet:abl_crm,0093_reverb_cabin,reverb_cabin,10.0,1.6586298942565918,0.8304911810870775,0.7023293018260941,12.450729509585006,12.456478894491434,7.8999984879049485,2.417356252670288,,,
dancnet:abl_crm,0094_reverb_cabin,reverb_cabin,5.0,1.1744606494903564,0.7515326150427919,0.5703207061519987,2.438293686636232,3.844518599067032,2.2062642225999354,1.6169085502624512,,,
dancnet:abl_crm,0095_reverb_cabin,reverb_cabin,10.0,1.3818442821502686,0.7945869749494784,0.5835457453709826,4.461977229498251,5.111251336904675,2.276411314482928,2.2108404636383057,,,
dancnet:abl_crm,0096_reverb_cabin,reverb_cabin,5.0,1.2952128648757937,0.7563443211311807,0.4926917709927952,4.763142596419764,5.626420881660849,2.2978546319819686,2.107944965362549,,,
dancnet:abl_crm,0097_reverb_cabin,reverb_cabin,10.0,1.2772256135940552,0.7946010535451664,0.6142432924560867,1.5092667195175893,1.3695198641205524,-0.3745049833460256,1.625723123550415,,,
dancnet:abl_crm,0098_reverb_cabin,reverb_cabin,5.0,1.6093435287475586,0.895505708155799,0.7813594260207112,12.00315975783903,11.893243534221147,8.38454303917877,2.837906837463379,,,
dancnet:abl_crm,0099_reverb_cabin,reverb_cabin,10.0,3.1796345710754395,0.9656545234101088,0.9060710421849888,15.602128295581911,14.907986515461758,10.890714865992456,3.442894697189331,,,
dancnet:abl_crm,0100_reverb_cabin,reverb_cabin,5.0,1.4408559799194336,0.8091670319802203,0.5519507115728661,3.8843561365118062,4.407566520651106,-2.189896415941817,1.935907959938049,,,
dancnet:abl_crm,0101_reverb_cabin,reverb_cabin,10.0,2.5017077922821045,0.9487294589314288,0.8381073018025108,16.717286763995006,16.395796225324197,9.475686702843529,3.2894458770751953,,,
dancnet:abl_crm,0102_reverb_cabin,reverb_cabin,5.0,1.4770386219024658,0.8236047897045412,0.6574925191657093,3.873416252089833,4.649359515117498,3.412179617794086,2.204608678817749,,,
dancnet:abl_crm,0103_reverb_cabin,reverb_cabin,10.0,1.2448525428771973,0.6942351238402523,0.5054058545244712,-0.5083769146550092,1.0545966657550827,0.3204486549806684,1.8398184776306152,,,
dancnet:abl_crm,0104_reverb_cabin,reverb_cabin,5.0,1.665400147438049,0.7226800666859301,0.5037892495762131,5.834643683985796,6.76545089916033,3.4896538509340975,2.3169589042663574,,,
dancnet:abl_crm,0105_reverb_cabin,reverb_cabin,10.0,1.743690848350525,0.8943767396934592,0.7850822890655343,11.857500110786743,11.785086996310447,5.438925472594424,2.7624266147613525,,,
dancnet:abl_crm,0106_reverb_cabin,reverb_cabin,5.0,1.634075164794922,0.8393644297325921,0.5773830786111728,9.463109660950533,9.711611079721193,2.792130127464305,2.4613795280456543,,,
dancnet:abl_crm,0107_reverb_cabin,reverb_cabin,10.0,2.1246159076690674,0.9552404655659924,0.878051490727263,14.07333429133094,13.716076335142798,8.26514290661937,3.1326704025268555,,,
dancnet:abl_crm,0108_reverb_cabin,reverb_cabin,5.0,1.538121461868286,0.8152694207165916,0.6457345187524454,4.861723378968007,5.356817963879335,2.421654555203246,2.2728230953216553,,,
dancnet:abl_crm,0109_reverb_cabin,reverb_cabin,10.0,1.7207679748535156,0.8957250350367943,0.8080013661871103,7.934834929198686,8.56868525630479,5.608396768417348,2.0936477184295654,,,
dancnet:abl_crm,0110_reverb_cabin,reverb_cabin,5.0,1.83868408203125,0.9406302510947072,0.8433177560803972,11.395016641293466,11.568736888676046,6.172201755863649,2.373112201690674,,,
dancnet:abl_crm,0111_reverb_cabin,reverb_cabin,10.0,1.721000909805298,0.8665914943888349,0.7400539554296512,12.096970118927231,12.006730859523216,5.943570185869371,2.20381498336792,,,
dancnet:abl_crm,0112_reverb_cabin,reverb_cabin,5.0,1.9557709693908691,0.8942380640958372,0.7471242427664662,10.285446637563831,10.427645447748157,3.606981528787632,2.8001885414123535,,,
dancnet:abl_crm,0113_reverb_cabin,reverb_cabin,10.0,1.9805988073349,0.9446318368851362,0.876884560893637,14.458084787958247,14.096461983142436,6.934136193861413,3.0426878929138184,,,
dancnet:abl_crm,0114_reverb_cabin,reverb_cabin,5.0,1.312864899635315,0.7162544358217907,0.5040707731530751,4.665595359369973,4.94905147101285,1.677715952086761,1.8520057201385496,,,
dancnet:abl_crm,0115_reverb_cabin,reverb_cabin,10.0,2.5990896224975586,0.9555038701666578,0.8776808691001736,13.11872985835854,12.917478538483593,7.5476709954554035,3.3472447395324707,,,
dancnet:abl_crm,0116_reverb_cabin,reverb_cabin,5.0,1.637833595275879,0.8373326209575449,0.6496714752405524,10.895038193585515,11.137626458639003,0.9379142960229456,2.050466775894165,,,
dancnet:abl_crm,0117_reverb_cabin,reverb_cabin,10.0,2.8045740127563477,0.9543057868898046,0.9138604998049136,14.671724575231222,14.21767332425556,12.820467148990993,3.326327323913574,,,
dancnet:abl_crm,0118_reverb_cabin,reverb_cabin,5.0,1.9435490369796753,0.91043445827789,0.7815128940472607,10.81202353899695,11.076694090152955,7.751018057575744,2.6940317153930664,,,
dancnet:abl_crm,0119_reverb_cabin,reverb_cabin,10.0,1.2420319318771362,0.6509997184828132,0.5207617734846509,1.8107785752052912,3.52822825741549,2.735616752539914,1.7310861349105835,,,
dancnet:abl_crm,0120_radio_band,radio_band,5.0,1.727666258811951,0.8931027402477163,0.7910170220104957,10.549217948738924,10.793718457175803,5.627321322641506,2.139326572418213,,,
dancnet:abl_crm,0121_radio_band,radio_band,10.0,1.696833610534668,0.9099584802822128,0.8362602127230123,12.9729268087585,13.086798076455786,5.848317452922043,2.189361810684204,,,
dancnet:abl_crm,0122_radio_band,radio_band,5.0,3.4089770317077637,0.9741349861735452,0.9424708908750687,8.403565345434723,8.726713329093233,13.393836548551922,3.7742714881896977,,,
dancnet:abl_crm,0123_radio_band,radio_band,10.0,2.5281190872192383,0.939457835355004,0.8541607123260172,15.27527418211922,15.308252678609422,9.77297625368725,2.8621914386749268,,,
dancnet:abl_crm,0124_radio_band,radio_band,5.0,1.757368087768555,0.8887352126963383,0.7335210319910328,10.376756656818142,10.462826567452971,2.2223163974128286,1.965515613555908,,,
dancnet:abl_crm,0125_radio_band,radio_band,10.0,2.8191943168640137,0.945151555304857,0.889027736665937,19.2437588634441,18.57314530504579,12.08381539569903,3.2812061309814453,,,
dancnet:abl_crm,0126_radio_band,radio_band,5.0,1.5312831401824951,0.8639743023481289,0.790763819634703,9.1127602306364,8.970339232218898,5.584921585584875,1.6948001384735107,,,
dancnet:abl_crm,0127_radio_band,radio_band,10.0,2.233499765396118,0.9362579546719096,0.8620676695199003,13.699643089788747,13.499325302861768,8.982872914973461,2.6695613861083984,,,
dancnet:abl_crm,0128_radio_band,radio_band,5.0,2.1110999584198,0.8640001846946587,0.6462197077920362,12.156430691233652,12.407808981243353,5.348629251269005,2.57845139503479,,,
dancnet:abl_crm,0129_radio_band,radio_band,10.0,2.25542950630188,0.9492572071135024,0.880160928791259,14.422602779074388,14.13826622679559,8.605316585212273,2.598262071609497,,,
dancnet:abl_crm,0130_radio_band,radio_band,5.0,3.338397979736328,0.9666030570831492,0.9512037649204304,19.681543935632313,18.449987719880024,18.29018975300841,3.532233238220215,,,
dancnet:abl_crm,0131_radio_band,radio_band,10.0,2.4593441486358643,0.9621568812144228,0.9152158615882068,13.32877034009435,13.381911919990811,8.313297015606222,2.9967398643493652,,,
dancnet:abl_crm,0132_radio_band,radio_band,5.0,3.767284154891968,0.9914676833807948,0.9681467995832906,22.437186840572476,22.37622531626505,14.371083191179038,4.03262996673584,,,
dancnet:abl_crm,0133_radio_band,radio_band,10.0,2.169159412384033,0.9105926491395157,0.7971082345175381,13.787087739204404,13.874817795290808,4.341978210213508,2.5946905612945557,,,
dancnet:abl_crm,0134_radio_band,radio_band,5.0,2.7362070083618164,0.9684965685668016,0.896674151112159,10.629623505025744,10.337546143141497,11.5012671330053,2.885455846786499,,,
dancnet:abl_crm,0135_radio_band,radio_band,10.0,2.068434238433838,0.9178643179123492,0.7744717735141545,15.024961362657276,14.921292943456198,7.328734963387441,2.6384410858154297,,,
dancnet:abl_crm,0136_radio_band,radio_band,5.0,1.6293044090270996,0.8692353389541877,0.7231642929675204,11.355756019387831,11.649128181816405,4.3348413484530495,2.1126248836517334,,,
dancnet:abl_crm,0137_radio_band,radio_band,10.0,2.05569839477539,0.945664247205932,0.8345466546548678,16.194410110467157,15.9816655973276,3.8297168621333535,2.539440393447876,,,
dancnet:abl_crm,0138_radio_band,radio_band,5.0,4.219503879547119,0.9946533091793168,0.987069122900654,23.866678284950066,21.35878232605552,19.416267325059508,4.239255428314209,,,
dancnet:abl_crm,0139_radio_band,radio_band,10.0,2.520890951156616,0.951396298456625,0.8512594817112619,16.811576829553616,16.135567307248788,9.227749889760895,2.865971088409424,,,
dancnet:abl_crm,0140_radio_band,radio_band,5.0,2.0977306365966797,0.8415786154617667,0.6897782676299439,12.702407148975,12.868411936250087,4.756970810983608,2.5156168937683105,,,
dancnet:abl_crm,0141_radio_band,radio_band,10.0,2.73844051361084,0.9664439647908576,0.9172081035945508,20.470709308821608,19.844706385718663,13.818895423254236,3.2982070446014404,,,
dancnet:abl_crm,0142_radio_band,radio_band,5.0,2.208756685256958,0.907410928668267,0.8613333505773403,12.321277715685556,11.943552343309369,8.32342624993983,2.739650249481201,,,
dancnet:abl_crm,0143_radio_band,radio_band,10.0,2.6955294609069824,0.9538035860350454,0.8851668675037166,18.531534772773636,18.28144705198356,10.449373768610256,2.9413375854492188,,,
dancnet:abl_crm,0144_radio_band,radio_band,5.0,1.6554441452026367,0.8417214644652095,0.8058761240287199,14.297129333621312,13.832283625071684,9.544420557544168,2.1019585132598877,,,
dancnet:abl_crm,0145_radio_band,radio_band,10.0,2.6683003902435303,0.9467947222979723,0.8675152269010581,16.205435231153874,15.998652737334323,9.464137810144502,3.0929622650146484,,,
dancnet:abl_crm,0146_radio_band,radio_band,5.0,2.205818891525269,0.9182547155559476,0.8533361258536073,11.69970631199064,11.944565606186872,10.310893007870384,2.7714128494262695,,,
dancnet:abl_crm,0147_radio_band,radio_band,10.0,1.7808187007904053,0.893608410935305,0.7688207378365607,14.274620000587994,14.388243833586907,6.391689200620002,2.25960636138916,,,
dancnet:abl_crm,0148_radio_band,radio_band,5.0,2.282543182373047,0.9000328531625742,0.788847094152787,12.357610489687945,12.564056383845443,5.9323440629709925,2.6576337814331055,,,
dancnet:abl_crm,0149_radio_band,radio_band,10.0,3.1546123027801514,0.9589358961900708,0.8751416982902098,18.1003829071966,17.448644958262584,13.011581097047593,3.452984094619751,,,
dancnet:abl_crm,0150_noise_only,noise_only,,,,,,,,,23.197742462158203,,
dancnet:abl_crm,0151_noise_only,noise_only,,,,,,,,,23.803422927856445,,
dancnet:abl_crm,0152_noise_only,noise_only,,,,,,,,,32.34352111816406,,
dancnet:abl_crm,0153_noise_only,noise_only,,,,,,,,,36.11847305297851,,
dancnet:abl_crm,0154_noise_only,noise_only,,,,,,,,,24.31748962402344,,
dancnet:abl_crm,0155_noise_only,noise_only,,,,,,,,,35.24165344238281,,
dancnet:abl_crm,0156_noise_only,noise_only,,,,,,,,,22.347213745117188,,
dancnet:abl_crm,0157_noise_only,noise_only,,,,,,,,,17.017498016357422,,
dancnet:abl_crm,0158_noise_only,noise_only,,,,,,,,,32.274505615234375,,
dancnet:abl_crm,0159_noise_only,noise_only,,,,,,,,,26.69454765319824,,
dancnet:abl_crm,0160_noise_only,noise_only,,,,,,,,,16.93661117553711,,
dancnet:abl_crm,0161_noise_only,noise_only,,,,,,,,,20.836219787597656,,
dancnet:abl_crm,0162_noise_only,noise_only,,,,,,,,,39.85474395751953,,
dancnet:abl_crm,0163_noise_only,noise_only,,,,,,,,,32.47294998168945,,
dancnet:abl_crm,0164_noise_only,noise_only,,,,,,,,,24.989221572875977,,
dancnet:abl_crm,0165_noise_only,noise_only,,,,,,,,,35.101219177246094,,
dancnet:abl_crm,0166_noise_only,noise_only,,,,,,,,,36.62223052978515,,
dancnet:abl_crm,0167_noise_only,noise_only,,,,,,,,,30.91473388671875,,
dancnet:abl_crm,0168_noise_only,noise_only,,,,,,,,,19.86837577819824,,
dancnet:abl_crm,0169_noise_only,noise_only,,,,,,,,,18.264659881591797,,
dancnet:abl_crm,0170_noise_only,noise_only,,,,,,,,,12.112760543823242,,
dancnet:abl_crm,0171_noise_only,noise_only,,,,,,,,,20.911880493164062,,
dancnet:abl_crm,0172_noise_only,noise_only,,,,,,,,,27.670021057128903,,
dancnet:abl_crm,0173_noise_only,noise_only,,,,,,,,,35.72644805908203,,
dancnet:abl_crm,0174_noise_only,noise_only,,,,,,,,,33.53183364868164,,
dancnet:abl_crm,0175_noise_only,noise_only,,,,,,,,,34.35059356689453,,
dancnet:abl_crm,0176_noise_only,noise_only,,,,,,,,,34.29133605957031,,
dancnet:abl_crm,0177_noise_only,noise_only,,,,,,,,,18.606956481933594,,
dancnet:abl_crm,0178_noise_only,noise_only,,,,,,,,,22.310876846313477,,
dancnet:abl_crm,0179_noise_only,noise_only,,,,,,,,,32.28110122680664,,
dancnet:abl_crm,0180_post_blast,post_blast,15.0,1.7721805572509766,0.8965916119325043,0.8264447819600772,9.279247522201937,9.73116354387285,9.683498522132526,2.4849276542663574,,0.7583380143100402,1.2778055667877195
dancnet:abl_crm,0181_post_blast,post_blast,15.0,1.385859727859497,0.9446310715477132,0.900910078515728,12.608126584472997,12.374322453344478,10.160109328488614,3.0903847217559814,,0.8923781248478606,1.162764549255371
dancnet:abl_crm,0182_post_blast,post_blast,15.0,1.691517353057861,0.8732627971294857,0.6991617121335083,10.395910867907787,10.69023723105632,5.952605098114362,2.1992433071136475,,0.9854388741070116,1.85944402217865
dancnet:abl_crm,0183_post_blast,post_blast,15.0,1.4604144096374512,0.8832233358926785,0.7700195730763457,7.456716718115551,8.145726438221745,5.612455775821572,2.333387613296509,,0.7781244407768678,1.2142808437347412
dancnet:abl_crm,0184_post_blast,post_blast,15.0,2.035222291946411,0.9593015613441852,0.876263499136128,12.021271753282338,12.139598708605432,8.621007228317776,2.9253897666931152,,0.9738392008844834,1.8637712001800537
dancnet:abl_crm,0185_post_blast,post_blast,15.0,2.657627820968628,0.8639512422461496,0.7339855755429776,14.20077765250511,13.896444267027189,8.304561186614295,3.5269603729248047,,0.3288552974159303,1.0812324285507202
dancnet:abl_crm,0186_post_blast,post_blast,15.0,1.5398354530334473,0.8382362155824034,0.6991666457129402,8.007825822629211,8.487010644723263,4.864272268266623,2.3969709873199463,,0.8621272718100089,1.7588732242584229
dancnet:abl_crm,0187_post_blast,post_blast,15.0,2.321738004684448,0.9239890707433432,0.8527370872479785,9.114815487168098,9.43405000167897,10.677835982290969,2.9014952182769775,,0.776901172547619,1.297224521636963
dancnet:abl_crm,0188_post_blast,post_blast,15.0,1.7095141410827637,0.9089837314783282,0.7725604007087238,6.721827094979509,7.435485919428411,6.610327354101469,2.6861085891723633,,0.9626243176102972,1.833527684211731
dancnet:abl_crm,0189_post_blast,post_blast,15.0,1.243923306465149,0.6964784449446426,0.5543781369586956,4.250178781753485,5.61003862388028,5.839204604394807,1.540046453475952,,0.8549545122520443,1.3667669296264648
dancnet:abl_crm,0190_post_blast,post_blast,15.0,1.816366910934448,0.9100481723071844,0.84556170525018,12.209090492627762,12.252102553680045,8.152587669384225,3.3252272605895996,,0.827567895554318,1.3794100284576416
dancnet:abl_crm,0191_post_blast,post_blast,15.0,1.661524772644043,0.9218450615568916,0.7756323618785599,8.017714850883612,8.614912909379056,5.1627383598571,2.65329909324646,,0.804855631700375,1.2006267309188845
dancnet:abl_crm,0192_post_blast,post_blast,15.0,1.4474890232086182,0.8026735977155368,0.6919630766271844,8.842403576214519,9.250105824639236,6.006624518373031,2.112720727920532,,0.9525768572624838,1.844395637512207
dancnet:abl_crm,0193_post_blast,post_blast,15.0,1.2394983768463137,0.8916129076116804,0.7575727335521951,12.093578799825911,12.342374882384634,9.615059127496096,3.0956003665924072,,0.7449723102567807,1.3132036924362185
dancnet:abl_crm,0194_post_blast,post_blast,15.0,1.8522326946258545,0.8842609823160282,0.7497284112861354,14.741052858544908,14.389361037867616,5.3835978445973,2.5875773429870605,,0.9366595939962028,2.4300224781036377
dancnet:abl_crm,0195_post_blast,post_blast,15.0,1.9606914520263672,0.9276429814301396,0.8200928178096014,4.686717842242204,5.758950169220244,5.640897406817841,3.0577285289764404,,0.9369880103460718,2.061814785003662
dancnet:abl_crm,0196_post_blast,post_blast,15.0,1.7539430856704712,0.8527621213858687,0.7339352145285978,9.888381727195975,10.220139352947657,10.427191566215054,2.3886775970458984,,0.893942497218198,1.7392683029174805
dancnet:abl_crm,0197_post_blast,post_blast,15.0,1.7410274744033811,0.7868732134763605,0.6545331379872867,4.548135365977451,5.849191538822664,4.681905149337588,2.641941785812378,,0.4473898066382712,1.2737990617752075
dancnet:abl_crm,0198_post_blast,post_blast,15.0,1.2729060649871826,0.7959769716650844,0.6802221085183886,4.6903731539928035,5.957914134680795,6.150710788658699,1.8756349086761477,,0.8693974021073096,1.4708268642425537
dancnet:abl_crm,0199_post_blast,post_blast,15.0,1.4702186584472656,0.8873210131387698,0.8180102767972692,9.526951547234653,9.862289025297263,6.999541088030633,2.034836530685425,,1e-05,
dancnet:abl_crm,0200_post_blast,post_blast,15.0,1.7924673557281494,0.8196354307820739,0.7041778024054348,11.94550340099256,11.97121859274946,10.552840860033278,2.451420307159424,,0.9611575019967024,2.783149242401123
dancnet:abl_crm,0201_post_blast,post_blast,15.0,1.839749097824097,0.8439163973155782,0.6312350630626636,10.327187654579308,10.373921294475618,7.033153470383808,2.7807278633117676,,0.8330318980417489,1.8263838291168213
dancnet:abl_crm,0202_post_blast,post_blast,15.0,2.059697151184082,0.9117187290112224,0.7905325134540242,10.657761324746382,10.98394680883504,8.606263547227707,2.98465895652771,,0.9021669614245096,1.825989007949829
dancnet:abl_crm,0203_post_blast,post_blast,15.0,2.0862503051757812,0.940369767754784,0.8885712982767359,12.292584195441467,12.301494343399968,11.634767891334697,3.100414752960205,,0.8468727080230868,1.4486844539642334
dancnet:abl_crm,0204_post_blast,post_blast,15.0,1.7508368492126465,0.8208870077497322,0.7208216866272114,5.780007672554689,6.7967320980147345,7.837393583868428,2.6022191047668457,,0.8931255970549866,1.3506057262420654
dancnet:abl_crm,0205_post_blast,post_blast,15.0,1.7464479207992554,0.7980789502822326,0.7213451524591895,12.250657196486692,12.29267373776697,8.423755859797586,3.0328848361968994,,0.6348369063609312,1.673105239868164
dancnet:abl_crm,0206_post_blast,post_blast,15.0,1.7611868381500244,0.9270593912337364,0.8524622686334477,12.6076230319757,12.52314983707013,6.929341197951087,2.791954278945923,,0.8629014958536628,1.5760369300842283
dancnet:abl_crm,0207_post_blast,post_blast,15.0,1.629404067993164,0.84725016142232,0.74061182291696,8.75503922771262,9.10675200433408,7.379250321126946,2.1242635250091553,,0.7819489199725033,1.6323795318603516
dancnet:abl_crm,0208_post_blast,post_blast,15.0,1.7273536920547483,0.8788401850596397,0.7882382578589814,9.431445270807238,9.8798354438022,9.79983435252599,2.420888662338257,,0.7566642532802347,1.308627963066101
dancnet:abl_crm,0209_post_blast,post_blast,15.0,1.6166361570358276,0.909819414626678,0.8473094612619358,6.133282821204093,7.062178480333797,9.360513304539705,2.0210134983062744,,0.8010328747838593,1.2577422857284546
dancnet:abl_crm,0210_noise_switch,noise_switch,0.0,1.6127877235412598,0.8316527229422214,0.6254074481401926,9.6124607057182,9.946928589543996,4.291755100941949,2.125950336456299,,,
dancnet:abl_crm,0211_noise_switch,noise_switch,5.0,1.6709963083267212,0.8881148609737515,0.7817916355745999,11.412231125604563,11.576411095356248,5.203223230331309,2.313744068145752,,,
dancnet:abl_crm,0212_noise_switch,noise_switch,0.0,1.6083579063415527,0.8517858909118815,0.7187625322383188,9.68047514345952,9.726170186807012,5.493447833560652,1.9330637454986572,,,
dancnet:abl_crm,0213_noise_switch,noise_switch,5.0,1.5752880573272705,0.906858317006043,0.7243453570230123,10.66515507670617,10.760709321479284,5.308618364703909,2.4280588626861572,,,
dancnet:abl_crm,0214_noise_switch,noise_switch,0.0,1.4341715574264526,0.7948062352338816,0.7459556578051838,7.415450258914835,7.6719878789494,3.1676384054955693,1.6814966201782229,,,
dancnet:abl_crm,0215_noise_switch,noise_switch,5.0,1.7967629432678225,0.939773634587778,0.8628220014473148,12.605044280677786,12.209340562361774,8.156050569034578,2.5475993156433105,,,
dancnet:abl_crm,0216_noise_switch,noise_switch,0.0,1.703794240951538,0.6703477980077112,0.5645021570745303,10.94865545531611,11.13899278993494,5.2243406972411455,2.522141218185425,,,
dancnet:abl_crm,0217_noise_switch,noise_switch,5.0,1.6661381721496582,0.8620277808905038,0.749107496882619,9.816538165160898,10.19978354859491,6.625386583736275,2.2088944911956787,,,
dancnet:abl_crm,0218_noise_switch,noise_switch,0.0,1.5236715078353882,0.816979362696293,0.6202122368681616,6.835426300802884,7.605591658319328,3.80274211150668,2.044293165206909,,,
dancnet:abl_crm,0219_noise_switch,noise_switch,5.0,1.9905593395233152,0.9487218187998456,0.8546475682906074,12.095048612254754,11.855458303320145,6.627144737563807,2.744307518005371,,,
dancnet:abl_crm,0220_noise_switch,noise_switch,0.0,1.7578543424606323,0.8704448152597176,0.7062367702261946,7.200449813175945,7.834100455544695,4.668191112028359,2.4865260124206543,,,
dancnet:abl_crm,0221_noise_switch,noise_switch,5.0,1.639547348022461,0.8558275325983206,0.7150640484922859,11.783366080580254,11.646665788274568,6.7598211206368,2.8353676795959473,,,
dancnet:abl_crm,0222_noise_switch,noise_switch,0.0,1.7924151420593262,0.8940708077624466,0.8101452335562853,9.924161463846762,10.304101976712614,7.687996939089711,2.235907077789306,,,
dancnet:abl_crm,0223_noise_switch,noise_switch,5.0,2.198826789855957,0.9333685526401472,0.8473051467857782,12.446111697643293,12.234321534159818,6.253852751019806,2.7001991271972656,,,
dancnet:abl_crm,0224_noise_switch,noise_switch,0.0,1.1631368398666382,0.936071806723652,0.8541434617018261,4.801500871826226,5.329826813800967,7.976839621640208,3.061223268508911,,,
dancnet:abl_crm,0225_noise_switch,noise_switch,5.0,1.8736591339111328,0.8916326015363826,0.7870995631790064,10.598989229297551,10.753531944995196,6.904930514772679,2.5224764347076416,,,
dancnet:abl_crm,0226_noise_switch,noise_switch,0.0,1.463920831680298,0.7801847943826229,0.6336602427339307,7.714226624352618,8.388044614627258,5.819648805986428,1.9846432209014893,,,
dancnet:abl_crm,0227_noise_switch,noise_switch,5.0,1.7456883192062378,0.9325444504709288,0.7892522301071607,11.269344229815992,11.251852387582533,6.6544475857313214,2.642737627029419,,,
dancnet:abl_crm,0228_noise_switch,noise_switch,0.0,1.5553268194198608,0.8586511483945203,0.7191766818150157,5.981945683313042,6.76333657247697,5.447713603270347,2.2219462394714355,,,
dancnet:abl_crm,0229_noise_switch,noise_switch,5.0,1.9457907676696775,0.9527280469431438,0.8668484567401725,11.33655941673476,11.366371158702924,7.635823811438289,2.5913071632385254,,,
dancnet:abl_crm,0230_noise_switch,noise_switch,0.0,1.6609501838684082,0.8572081461822084,0.7460833553565447,8.791768816772462,9.134071543423754,5.84336131943175,2.448535442352295,,,
dancnet:abl_crm,0231_noise_switch,noise_switch,5.0,2.1409542560577393,0.931895377574744,0.841777333479654,12.0602741650655,12.12379526437229,9.819222149487183,3.01041316986084,,,
dancnet:abl_crm,0232_noise_switch,noise_switch,0.0,1.4073668718338013,0.8471449248997163,0.692973903617651,5.926977105634847,6.890432630466999,4.055293668481612,1.9631361961364744,,,
dancnet:abl_crm,0233_noise_switch,noise_switch,5.0,1.705615520477295,0.9039750569351342,0.8031965262861652,10.16843335088112,10.327158282894429,8.85509530747169,2.446746349334717,,,
dancnet:abl_crm,0234_noise_switch,noise_switch,0.0,1.411462664604187,0.8127491533366168,0.6475582359358408,6.919692421822114,7.57062296518158,4.42542069664562,1.8934242725372312,,,
dancnet:abl_crm,0235_noise_switch,noise_switch,5.0,1.6448988914489746,0.8161590943580793,0.7225458802066241,7.991627119860545,8.597414415658832,7.464263405447494,2.364341735839844,,,
dancnet:abl_crm,0236_noise_switch,noise_switch,0.0,1.3733704090118408,0.8597066604669819,0.7113217272602063,9.685528545202418,9.878080951891825,7.365597623052048,1.8491969108581543,,,
dancnet:abl_crm,0237_noise_switch,noise_switch,5.0,1.775057077407837,0.8884534711412347,0.7834482116190911,10.37727541061046,10.54631868021001,4.15218532781522,2.2500295639038086,,,
dancnet:abl_crm,0238_noise_switch,noise_switch,0.0,1.4222111701965332,0.825533712806905,0.6306456969280723,8.95326775827717,9.34316021299753,4.470645671894087,2.062912702560425,,,
dancnet:abl_crm,0239_noise_switch,noise_switch,5.0,1.938468098640442,0.8888453515502361,0.7241741071383049,12.933310019806196,12.736507390226716,8.2490164176843,2.689063787460327,,,
dancnet:abl_crm,0240_hum400,hum400,0.0,1.7794063091278076,0.7945283233289381,0.6760127239292746,8.64706726425884,9.0651894837631,5.615303673381391,2.2488222122192383,,,
dancnet:abl_crm,0241_hum400,hum400,5.0,2.259799003601074,0.9495177197445702,0.8819301716714972,8.977695907085689,9.425870133081103,4.877328248259679,2.809596061706543,,,
dancnet:abl_crm,0242_hum400,hum400,0.0,1.636439323425293,0.8644029237208678,0.7178565611738797,6.592698645456219,7.437177685921834,4.913000821792917,2.2557969093322754,,,
dancnet:abl_crm,0243_hum400,hum400,5.0,2.263810396194458,0.9624046056516988,0.8768757898773669,10.774390078460987,11.027449259782763,7.984723373648009,3.0566673278808594,,,
dancnet:abl_crm,0244_hum400,hum400,0.0,1.8355263471603391,0.9047164160733162,0.7419402649637592,7.230707818896224,7.894694140158772,4.474375376464801,2.6232099533081055,,,
dancnet:abl_crm,0245_hum400,hum400,5.0,2.249828100204468,0.9358137323722604,0.8128395222351158,10.964223856128672,11.293946036893898,4.443342200794558,2.8620495796203613,,,
dancnet:abl_crm,0246_hum400,hum400,0.0,1.6101043224334717,0.8352184164815823,0.7266063446609463,5.118428102197415,6.1731672806362035,1.484834159073052,1.936192274093628,,,
dancnet:abl_crm,0247_hum400,hum400,5.0,2.0364978313446045,0.903129535916465,0.8347743566832677,8.044238843271284,8.670230927376414,5.502789680349384,2.4762864112854004,,,
dancnet:abl_crm,0248_hum400,hum400,0.0,1.7950652837753296,0.841827778737883,0.6604517319123854,6.076080693670938,6.988529986431957,4.074212811647282,2.4501421451568604,,,
dancnet:abl_crm,0249_hum400,hum400,5.0,2.0662503242492676,0.9333178061137588,0.8493524956040014,10.476806227974627,10.800554218234486,6.6470688252178425,2.4888696670532227,,,
dancnet:abl_crm,0250_hum400,hum400,0.0,1.689650535583496,0.8932783522667711,0.7749265696406161,7.697464308097716,8.325402490801093,4.894577265041371,2.2126693725585938,,,
dancnet:abl_crm,0251_hum400,hum400,5.0,1.9729163646698,0.9265239797605112,0.8119594776970978,11.115852112489218,11.310020609263706,5.542289452103282,2.508561372756958,,,
dancnet:abl_crm,0252_hum400,hum400,0.0,1.8573575019836424,0.925701780210323,0.7802712035217637,6.2112183920628885,7.1371802599899095,3.829378830610354,2.4741086959838867,,,
dancnet:abl_crm,0253_hum400,hum400,5.0,2.2371490001678467,0.8335427882512636,0.6270095382273718,10.960402561802784,11.152027396285307,4.045819477690848,2.9206290245056152,,,
dancnet:abl_crm,0254_hum400,hum400,0.0,1.5190331935882568,0.8770152576588169,0.7803381776992275,8.230415795369844,8.80061147528889,6.664304542976742,2.0099093914031982,,,
dancnet:abl_crm,0255_hum400,hum400,5.0,1.607774019241333,0.914562740761064,0.8334099500057803,8.262378016870452,8.863402592914344,2.997939404633091,2.010514736175537,,,
dancnet:abl_crm,0256_hum400,hum400,0.0,1.427340745925903,0.886250448281619,0.7896964903633302,5.928503909157047,6.861079785986889,5.21244635081895,1.9414385557174685,,,
dancnet:abl_crm,0257_hum400,hum400,5.0,1.9335428476333616,0.9403014422066874,0.8336200900188054,9.28248760049313,9.746014465604732,3.0517202513707056,2.5857653617858887,,,
dancnet:abl_crm,0258_hum400,hum400,0.0,1.8711481094360352,0.910867283467749,0.7413591565001619,6.8438844194995765,7.656909155670959,5.42606109091149,2.473705053329468,,,
dancnet:abl_crm,0259_hum400,hum400,5.0,1.871211528778076,0.932496673768993,0.8482596823109306,12.26092734592145,12.415825320918046,4.0777745949615065,2.31730055809021,,,
dancnet:abl_crm,0260_hum400,hum400,0.0,1.715909719467163,0.8433929516765191,0.742130562212568,6.211934450891354,7.143231430688534,4.753365046564517,2.3912973403930664,,,
dancnet:abl_crm,0261_hum400,hum400,5.0,2.2614870071411133,0.9404087210759816,0.8114467807562029,10.539856404536325,10.212137370997498,5.6247884577429375,3.038944721221924,,,
dancnet:abl_crm,0262_hum400,hum400,0.0,1.7340999841690063,0.8500408276308782,0.6861142636452845,8.275393801334367,8.748961313943072,0.4204739559925212,2.118101119995117,,,
dancnet:abl_crm,0263_hum400,hum400,5.0,1.816494822502136,0.922355577683041,0.8271758108339254,10.714531931068311,11.0464508261863,3.4191679686414806,2.4109277725219727,,,
dancnet:abl_crm,0264_hum400,hum400,0.0,1.3825942277908323,0.8751217604677384,0.7725139002377597,7.994389068848405,8.547804952046032,5.267777940662475,1.8303810358047483,,,
dancnet:abl_crm,0265_hum400,hum400,5.0,2.1405272483825684,0.9269419839309612,0.8706711922355183,11.27665005554608,11.25077386831972,7.051208463296492,2.669635057449341,,,
dancnet:abl_crm,0266_hum400,hum400,0.0,1.7346450090408323,0.8768743688233203,0.7851529690487685,6.552494778831277,7.4160387396159955,5.177326272385629,2.1709213256835938,,,
dancnet:abl_crm,0267_hum400,hum400,5.0,1.9030492305755615,0.9210408296788822,0.8299907807507392,8.188879691927957,8.787320417385937,1.5858027197051432,2.263789653778076,,,
dancnet:abl_crm,0268_hum400,hum400,0.0,1.7424423694610596,0.899964852977424,0.7853716646131206,6.797916394339746,7.574411238140329,5.612857032174296,2.3437390327453613,,,
dancnet:abl_crm,0269_hum400,hum400,5.0,2.137237548828125,0.9036509426469904,0.7793083055190837,11.201663660749723,11.511298602072747,7.705292074484832,2.671722888946533,,,
dancnet:abl_crm,0270_crew_babble,crew_babble,0.0,1.2049707174301147,0.6776479936174474,0.4105279923455073,-2.215398740532568,-1.8069456240752575,-1.2770097790717472,1.624849796295166,,,
dancnet:abl_crm,0271_crew_babble,crew_babble,5.0,1.2334858179092407,0.8218220697330313,0.6606111080834983,4.794401513766038,4.531182132152186,2.513094471931924,1.6506353616714478,,,
dancnet:abl_crm,0272_crew_babble,crew_babble,10.0,1.2465956211090088,0.8429389155629371,0.7022208086812181,7.593663967162694,7.978735400979224,4.749247104757224,1.8125957250595093,,,
dancnet:abl_crm,0273_crew_babble,crew_babble,0.0,1.096318244934082,0.5361138070686718,0.3514841622616157,-0.4899072770322811,-0.1724398700900249,-1.5141337171557805,1.2479772567749023,,,
dancnet:abl_crm,0274_crew_babble,crew_babble,5.0,1.0739296674728394,0.7289883305010555,0.582517294583802,1.4560697170347048,1.97927757080233,3.490534793091804,1.2491426467895508,,,
dancnet:abl_crm,0275_crew_babble,crew_babble,10.0,1.3918323516845703,0.8553794095056392,0.6728632386620755,9.53964472219281,9.48936560051633,3.3093366147909262,1.991926431655884,,,
dancnet:abl_crm,0276_crew_babble,crew_babble,0.0,1.1158477067947388,0.6854558676572117,0.4787819382283279,-0.5498366824392704,-0.2085717889434102,-1.7054349391541537,1.4177123308181765,,,
dancnet:abl_crm,0277_crew_babble,crew_babble,5.0,1.1897937059402466,0.7851969171172711,0.6054988926510065,3.6237634292961864,4.33955859889163,3.188541331827031,1.685844898223877,,,
dancnet:abl_crm,0278_crew_babble,crew_babble,10.0,1.2953031063079834,0.7914038109556365,0.6319963727609462,8.222551081404598,8.385785266585913,5.551161801407812,1.9913318157196045,,,
dancnet:abl_crm,0279_crew_babble,crew_babble,0.0,1.066541314125061,0.463758930905179,0.3539566277484827,-0.8164312310785206,0.0454184958355346,0.1092315383758898,1.450383543968201,,,
dancnet:abl_crm,0280_crew_babble,crew_babble,5.0,1.2484009265899658,0.7434004393372757,0.5816865061435343,4.418987330041872,4.846812057726075,0.6956495667564,1.6171681880950928,,,
dancnet:abl_crm,0281_crew_babble,crew_babble,10.0,1.1781599521636963,0.8358748185514076,0.621356918444549,4.4813071664550375,5.296099056545694,0.5620462868095465,1.7410473823547363,,,
dancnet:abl_crm,0282_crew_babble,crew_babble,0.0,1.0874720811843872,0.7257691167133077,0.5768131345229195,-1.024089342831851,-1.1729274109935697,-0.517482380213626,1.4754009246826172,,,
dancnet:abl_crm,0283_crew_babble,crew_babble,5.0,1.09892475605011,0.7147853340084644,0.5112289997812811,4.24623568935257,4.507689092469676,0.9851251580589429,1.5617395639419556,,,
dancnet:abl_crm,0284_crew_babble,crew_babble,10.0,1.332719087600708,0.772777730408771,0.5670137365052178,8.054215863504465,8.438663720667707,1.5389821009680489,1.9003844261169431,,,
dancnet:abl_crm,0285_crew_babble,crew_babble,0.0,1.0942245721817017,0.6604174375632804,0.4586180915617124,0.432538452478057,0.9798619806719066,-0.2047246901489823,1.3614928722381592,,,
dancnet:abl_crm,0286_crew_babble,crew_babble,5.0,1.1948972940444946,0.7880980477067677,0.5472859973263462,5.058937343492657,5.218632723297064,1.671673430476117,1.664790391921997,,,
dancnet:abl_crm,0287_crew_babble,crew_babble,10.0,1.1272213459014893,0.710772867290543,0.6121038873922557,9.57710096414132,9.164168358871752,6.620617788291529,1.421856164932251,,,
dancnet:abl_crm,0288_crew_babble,crew_babble,0.0,1.1150245666503906,0.6388141897521296,0.3871626046273966,-0.6758951815755704,-0.2604664227115585,-1.6175783661807557,1.397982478141785,,,
dancnet:abl_crm,0289_crew_babble,crew_babble,5.0,1.18012535572052,0.8043304494499725,0.6206245388655589,4.352682765207442,4.857738011039952,2.512778117836301,1.6116275787353516,,,
dancnet:abl_crm,0290_crew_babble,crew_babble,10.0,1.6203707456588743,0.8235520151731716,0.6505894785214669,9.76430383393285,9.893230016310028,4.157427825110801,2.1700439453125,,,
dancnet:abl_crm,0291_crew_babble,crew_babble,0.0,1.066312551498413,0.6267088665997751,0.4112849285531942,-1.3129654695739714,-0.1596151337347897,0.2085430177577886,1.3310565948486328,,,
dancnet:abl_crm,0292_crew_babble,crew_babble,5.0,1.1851320266723633,0.7390401485047311,0.580634982377645,5.621616953520276,5.430070824458023,1.8502732950698664,1.724251627922058,,,
dancnet:abl_crm,0293_crew_babble,crew_babble,10.0,1.6992135047912598,0.8513851354318686,0.6893240997204324,7.490070826380548,7.562643800722087,5.000028112344726,2.750437021255493,,,
dancnet:abl_crm,0294_crew_babble,crew_babble,0.0,1.064406156539917,0.6470060734855166,0.4547357975056064,-0.6471364243512207,-0.0044061840328096,-0.5739217294224199,1.270977020263672,,,
dancnet:abl_crm,0295_crew_babble,crew_babble,5.0,1.1002930402755735,0.8002384182755568,0.6051910276545696,3.3057256931521453,3.69613891958461,2.09529702648392,1.456507444381714,,,
dancnet:abl_crm,0296_crew_babble,crew_babble,10.0,1.274346113204956,0.8554735569731847,0.6595647373511776,9.568924864144645,9.672146215759293,2.918011357717383,2.186737060546875,,,
dancnet:abl_crm,0297_crew_babble,crew_babble,0.0,1.0450854301452637,0.6536526158189249,0.4079315321724557,0.6510185387681495,1.2919601454354417,-1.089228379644476,1.3045775890350342,,,
dancnet:abl_crm,0298_crew_babble,crew_babble,5.0,1.1704236268997192,0.6457946870270905,0.4912872106029623,4.63596324183436,4.926447268669467,3.7876574536212737,1.7768235206604004,,,
dancnet:abl_crm,0299_crew_babble,crew_babble,10.0,1.491440773010254,0.8792006821114954,0.7366028905374686,9.42030286293003,9.539687540632809,7.045435351675612,2.132927417755127,,,
dancnet:abl_crm,0300_long_stream,long_stream,5.0,1.854262351989746,0.8978133491259301,0.7860569552040251,11.0184128077861,11.037951734861135,8.296609964516637,2.652156352996826,,,
dancnet:abl_crm,0301_long_stream,long_stream,5.0,1.9061403274536133,0.9036613640765798,0.813252627559115,10.439695337923856,10.67609737894611,7.0498498073938105,2.4629576206207275,,,
dancnet:abl_crm,0302_long_stream,long_stream,5.0,2.0992889404296875,0.8959808394171817,0.8014937928149677,10.89654372310672,11.09999703875631,6.608297675265029,2.68463397026062,,,
dancnet:abl_crm,0303_long_stream,long_stream,5.0,1.997708320617676,0.907272484894185,0.8166666184007719,9.22030167208025,9.606690406535346,6.438096671827541,2.7463278770446777,,,
dancnet:v3hq_cont,0000_clip_heavy,clip_heavy,0,1.7929861545562744,0.9213976569001224,0.8226219212854818,7.1874157650721475,7.767075533861695,5.1712793974295,2.5948870182037354,,,
dancnet:v3hq_cont,0001_clip_heavy,clip_heavy,5,1.511366367340088,0.8309538508921076,0.6995799015021366,7.038046313611092,6.718687327745392,6.045564951837958,2.211042881011963,,,
dancnet:v3hq_cont,0002_clip_heavy,clip_heavy,0,2.5233654975891113,0.9701058237552235,0.9114470031518771,16.313499812471996,16.182057380238543,9.848472938901368,3.054537057876587,,,
dancnet:v3hq_cont,0003_clip_heavy,clip_heavy,5,1.917820692062378,0.8778849962996416,0.7245324592397007,10.845085937944328,10.961163771626987,6.807049169802645,2.7965991497039795,,,
dancnet:v3hq_cont,0004_clip_heavy,clip_heavy,0,3.868522882461548,0.9590771226394097,0.9534651496261721,25.296295259166914,24.85581930940072,26.32111399125096,3.971456289291382,,,
dancnet:v3hq_cont,0005_clip_heavy,clip_heavy,5,1.5215539932250977,0.8814347674971906,0.7333010716870837,7.3837268047276226,7.159087494945232,5.019390316971603,2.2871193885803223,,,
dancnet:v3hq_cont,0006_clip_heavy,clip_heavy,0,2.796562910079956,0.9813349980716956,0.9724970635657764,14.166310661245166,14.062043678716531,18.98883996855912,3.6079964637756348,,,
dancnet:v3hq_cont,0007_clip_heavy,clip_heavy,5,1.851625919342041,0.8610884373626511,0.806089425852305,6.8509545597675405,7.103264792686888,5.301871257304508,2.6375913619995117,,,
dancnet:v3hq_cont,0008_clip_heavy,clip_heavy,0,3.282876491546631,0.986593956244148,0.973407918846649,17.61320579877036,17.459774452332134,18.096477061357035,3.8563568592071533,,,
dancnet:v3hq_cont,0009_clip_heavy,clip_heavy,5,2.1355934143066406,0.9105026236287345,0.8101620455003926,11.031196090555884,11.215279268437623,8.172493342528687,3.0559089183807373,,,
dancnet:v3hq_cont,0010_clip_heavy,clip_heavy,0,1.591077208518982,0.8111031599594557,0.6752395808520072,6.512337935302895,7.01370812578774,7.663258437314856,2.0698390007019043,,,
dancnet:v3hq_cont,0011_clip_heavy,clip_heavy,5,1.6148762702941895,0.9207012071076174,0.8054188929904351,8.078564690290795,7.909107906126831,5.2008693122248255,2.849226474761963,,,
dancnet:v3hq_cont,0012_clip_heavy,clip_heavy,0,3.279552936553955,0.9849741351567614,0.9589374985869242,15.57605130553483,15.569273912626596,7.38849650622895,3.757087230682373,,,
dancnet:v3hq_cont,0013_clip_heavy,clip_heavy,5,2.4853670597076416,0.9476179764511659,0.9206952904137131,9.514645713936776,9.460332904104217,6.668095044225627,3.27803635597229,,,
dancnet:v3hq_cont,0014_clip_heavy,clip_heavy,0,1.607679843902588,0.9318808241542839,0.8056291101930855,7.62423402971857,8.310282214843223,6.1025949262870895,2.2986929416656494,,,
dancnet:v3hq_cont,0015_clip_heavy,clip_heavy,5,1.8162906169891357,0.9172010035043477,0.8027577966921675,7.7170832156850455,8.135131932677437,5.822323632734223,2.754122495651245,,,
dancnet:v3hq_cont,0016_clip_heavy,clip_heavy,0,2.787658214569092,0.9297579196532202,0.8818362839301083,12.391551474243496,12.621333789706489,15.116384334517127,3.346360683441162,,,
dancnet:v3hq_cont,0017_clip_heavy,clip_heavy,5,1.8189901113510132,0.916154779571501,0.7951364444146835,9.550951411363593,9.530048737167053,5.248242084455797,2.4197490215301514,,,
dancnet:v3hq_cont,0018_clip_heavy,clip_heavy,0,1.9497145414352417,0.9325240416902484,0.8661324891670457,8.36723503635777,8.575383600256648,9.080529441928508,2.941478729248047,,,
dancnet:v3hq_cont,0019_clip_heavy,clip_heavy,5,2.6456704139709473,0.9821296779789508,0.9648537070527944,16.675629264056084,16.406153612861036,14.471975900267083,3.777961492538452,,,
dancnet:v3hq_cont,0020_clip_heavy,clip_heavy,0,2.1722116470336914,0.9048107583042588,0.8423810400479652,8.313746521133167,8.165189202590078,10.8678031080996,2.889904260635376,,,
dancnet:v3hq_cont,0021_clip_heavy,clip_heavy,5,1.987073540687561,0.9562764769134385,0.8873066966262025,11.949375107204524,11.975406001915731,7.03247538911457,2.935546875,,,
dancnet:v3hq_cont,0022_clip_heavy,clip_heavy,0,4.158324718475342,0.991824265576816,0.9854509492008471,22.668013143812594,22.523710450933546,28.37126131240127,4.144619464874268,,,
dancnet:v3hq_cont,0023_clip_heavy,clip_heavy,5,1.782829999923706,0.8467990001712047,0.7448371252837829,7.372674938326442,7.316874655377599,6.347886616694622,2.527989387512207,,,
dancnet:v3hq_cont,0024_clip_heavy,clip_heavy,0,2.0337657928466797,0.9017258580632939,0.7932378311394878,10.204728786121876,10.50448903256952,9.767255216619617,2.6035561561584473,,,
dancnet:v3hq_cont,0025_clip_heavy,clip_heavy,5,1.921781063079834,0.9171710920466172,0.7973781973392292,9.693260753328504,10.123966592828866,8.090800787392975,2.873608350753784,,,
dancnet:v3hq_cont,0026_clip_heavy,clip_heavy,0,1.567947268486023,0.8180286638611934,0.6264565651255507,9.719317654766908,10.142466590454777,9.84920103070868,2.1778478622436523,,,
dancnet:v3hq_cont,0027_clip_heavy,clip_heavy,5,1.7219159603118896,0.9000102469119908,0.7507256072683698,8.637133414315722,8.201766111640405,6.466468749712329,2.4402124881744385,,,
dancnet:v3hq_cont,0028_clip_heavy,clip_heavy,0,1.9275379180908203,0.9580394949402896,0.9252207281984764,14.54948441460415,14.554536106426353,10.887670084501178,3.2619686126708984,,,
dancnet:v3hq_cont,0029_clip_heavy,clip_heavy,5,1.629385232925415,0.9190388830612708,0.8514242007235805,13.075131965398546,13.045965130106493,9.098079439052038,2.317519187927246,,,
dancnet:v3hq_cont,0030_level_low,level_low,0,1.9408373832702637,0.8449479355787957,0.7103182029155454,10.872945679159162,10.899705246756854,5.129169909069492,2.336127519607544,,,
dancnet:v3hq_cont,0031_level_low,level_low,5,2.2312815189361572,0.8939673428500762,0.766528208428188,11.051149879771259,11.23506316099244,8.234418414890989,2.837445020675659,,,
dancnet:v3hq_cont,0032_level_low,level_low,10,3.6807987689971924,0.9919560454976103,0.9772608436273489,16.314631664436547,16.257643243382518,19.30223005916484,4.0674729347229,,,
dancnet:v3hq_cont,0033_level_low,level_low,0,2.1438965797424316,0.9329036464782913,0.8509198217619751,11.36415102767238,11.649993736933432,8.873518723108662,3.076032876968384,,,
dancnet:v3hq_cont,0034_level_low,level_low,5,2.139653444290161,0.9335748088027387,0.7620894199326369,12.960980130384625,12.711293702956743,6.319196281438216,2.963482618331909,,,
dancnet:v3hq_cont,0035_level_low,level_low,10,2.913963556289673,0.9679291878028926,0.9348137849454038,17.976787101129485,17.686994147090346,11.572699587496052,3.743671178817749,,,
dancnet:v3hq_cont,0036_level_low,level_low,0,2.3601317405700684,0.9217151449458002,0.8082518980955238,12.135113040408811,12.291544409157002,9.699945718728717,3.448093891143799,,,
dancnet:v3hq_cont,0037_level_low,level_low,5,2.910135507583618,0.9412958207312179,0.8786605386079066,14.167662892045556,14.143631568957552,11.221790153119349,3.5905253887176514,,,
dancnet:v3hq_cont,0038_level_low,level_low,10,2.1804261207580566,0.9494704606262361,0.8618291737133281,16.5774470553792,16.15322192320841,10.282629065253008,2.8264222145080566,,,
dancnet:v3hq_cont,0039_level_low,level_low,0,3.100208044052124,0.9783530734407757,0.929872246337916,13.145682451002488,13.28064511178682,9.980728515808593,3.8765175342559814,,,
dancnet:v3hq_cont,0040_level_low,level_low,5,2.2694649696350098,0.9414878072027201,0.8663141594074826,13.72461312363654,13.693156372837414,9.369147243507019,2.9315357208251953,,,
dancnet:v3hq_cont,0041_level_low,level_low,10,2.887335777282715,0.9385641108968297,0.8466168457463442,15.010575248897823,14.708398375305087,10.794453228633778,3.4375555515289307,,,
dancnet:v3hq_cont,0042_level_low,level_low,0,2.0460753440856934,0.9003754637932216,0.7745453076878037,10.090908971374233,10.173149496909964,4.16623267978629,2.958552360534668,,,
dancnet:v3hq_cont,0043_level_low,level_low,5,2.908715009689331,0.9146958493391825,0.8856021022807844,16.749217037963902,16.685640094381853,13.903270768046296,3.1591100692749023,,,
dancnet:v3hq_cont,0044_level_low,level_low,10,3.112083673477173,0.9726511721544389,0.9175009731033466,17.79673706199095,17.585470226410916,14.361944081484298,3.6392335891723633,,,
dancnet:v3hq_cont,0045_level_low,level_low,0,1.9200241565704346,0.7973407912756857,0.6344388014929359,10.711791043428283,10.861105731172502,6.032698663070125,2.723515033721924,,,
dancnet:v3hq_cont,0046_level_low,level_low,5,2.429417371749878,0.9546974196917859,0.8561337399050265,10.85080046024287,10.924433334679097,7.751407952526753,3.38313627243042,,,
dancnet:v3hq_cont,0047_level_low,level_low,10,3.5911872386932373,0.9040875647338645,0.8466251825361596,21.10372610356109,20.70318742243838,13.462120977893443,4.26257848739624,,,
dancnet:v3hq_cont,0048_level_low,level_low,0,2.4490339756011963,0.9812185996822698,0.941146970415013,13.725291031258621,13.76357831580558,18.759038066255073,3.188101291656494,,,
dancnet:v3hq_cont,0049_level_low,level_low,5,2.2154626846313477,0.8713554567175531,0.7791826028667918,13.571377484004302,13.406668139416354,8.9990158017211,2.7160892486572266,,,
dancnet:v3hq_cont,0050_level_low,level_low,10,2.8753278255462646,0.9570446704632405,0.897196291753665,17.964234617364927,17.57431535743768,11.708437136568115,3.3394765853881836,,,
dancnet:v3hq_cont,0051_level_low,level_low,0,2.4032042026519775,0.9771230113191242,0.8824975300041401,5.5595041585449305,5.60524168419673,4.929222572310093,3.389422655105591,,,
dancnet:v3hq_cont,0052_level_low,level_low,5,1.5255568027496338,0.9720949212860085,0.8930319702773285,12.851650586687498,12.677281704343761,6.453341746436369,2.6555678844451904,,,
dancnet:v3hq_cont,0053_level_low,level_low,10,1.9404690265655518,0.897567193390037,0.8336577724102237,17.224659480023014,16.869530994344924,17.784681011588315,2.4375524520874023,,,
dancnet:v3hq_cont,0054_level_low,level_low,0,1.7212295532226562,0.7973624571055411,0.5975942019246943,8.699893716378805,9.049667303025345,4.045966320483191,2.2247397899627686,,,
dancnet:v3hq_cont,0055_level_low,level_low,5,2.568739652633667,0.9150120907857808,0.8695331599728433,17.341406610668198,16.871803171740353,10.375908164216947,3.061894655227661,,,
dancnet:v3hq_cont,0056_level_low,level_low,10,4.220945835113525,0.9923139489271137,0.9871500727021623,23.84126745751542,23.442102734717526,25.63113977613657,4.31126594543457,,,
dancnet:v3hq_cont,0057_level_low,level_low,0,1.7279338836669922,0.8864895299531665,0.7390737047595162,8.639962656187661,8.740818790363278,4.755090941105764,2.5254547595977783,,,
dancnet:v3hq_cont,0058_level_low,level_low,5,2.6144521236419678,0.813874291484517,0.7030699254272104,13.879645091547282,13.898651101358707,8.4292735370247,3.4872517585754395,,,
dancnet:v3hq_cont,0059_level_low,level_low,10,2.7592661380767822,0.9564079621869146,0.8982287542120284,13.895413216578106,13.988912088787647,11.26514643174785,3.5779168605804443,,,
dancnet:v3hq_cont,0060_level_high,level_high,5,2.0643413066864014,0.8985512247283207,0.7177587133203692,13.150443188256597,13.134957186306863,8.45173868462363,2.8806064128875732,,,
dancnet:v3hq_cont,0061_level_high,level_high,10,3.530209541320801,0.9524452111318364,0.8991081127610218,17.081476113126676,16.916042398314033,16.853875792315854,3.6666665077209473,,,
dancnet:v3hq_cont,0062_level_high,level_high,5,2.803081750869751,0.9661997729100027,0.88559864510148,15.181993209212656,15.261734688641152,13.04601763401005,3.6774845123291016,,,
dancnet:v3hq_cont,0063_level_high,level_high,10,2.9719066619873047,0.9565559981101194,0.885796252618691,16.807353394427132,16.39067770353542,12.275778177446796,3.568716049194336,,,
dancnet:v3hq_cont,0064_level_high,level_high,5,2.3080220222473145,0.947975405142783,0.8552257053930975,11.693040102561596,11.761225290056267,5.759353764798955,3.599255323410034,,,
dancnet:v3hq_cont,0065_level_high,level_high,10,3.1317484378814697,0.9256289428145541,0.8450560964608579,19.91199007810463,18.64172895171603,11.502183997582092,3.7809267044067383,,,
dancnet:v3hq_cont,0066_level_high,level_high,5,2.5356557369232178,0.902456417569512,0.8153511259057623,13.685323245705959,13.680905796283438,10.287348771391704,3.3109867572784424,,,
dancnet:v3hq_cont,0067_level_high,level_high,10,2.449939489364624,0.9598647815353238,0.9087835291675751,16.440931450243564,16.16985695772346,7.622992043148986,3.403593063354492,,,
dancnet:v3hq_cont,0068_level_high,level_high,5,2.592433214187622,0.8808982969223829,0.7385649628856312,12.974741734069086,12.967828774676358,7.780063778386335,3.2461960315704346,,,
dancnet:v3hq_cont,0069_level_high,level_high,10,3.0024125576019287,0.9745583064762573,0.900051982154077,16.599462037893225,16.055228787784795,10.192357918386403,3.618469715118408,,,
dancnet:v3hq_cont,0070_level_high,level_high,5,2.378178596496582,0.9664938265489429,0.891804625811341,20.24448654751155,19.939370074454274,13.369815268335877,3.1177942752838135,,,
dancnet:v3hq_cont,0071_level_high,level_high,10,2.8828158378601074,0.9664042682884012,0.894218789502253,19.25538085645153,18.793891491902524,11.426689712207766,3.571274757385254,,,
dancnet:v3hq_cont,0072_level_high,level_high,5,2.281790256500244,0.944008137476171,0.857751113584026,13.606961678417097,13.342364981263174,7.5390613937704885,2.837984323501587,,,
dancnet:v3hq_cont,0073_level_high,level_high,10,2.628070831298828,0.9507135304260304,0.8817324542412197,15.400042144966534,15.220318827630132,10.243261035537005,3.117462396621704,,,
dancnet:v3hq_cont,0074_level_high,level_high,5,2.872337818145752,0.9765326701739743,0.9158509196466215,13.456915533095177,13.55513463663337,10.840667023640217,3.4550907611846924,,,
dancnet:v3hq_cont,0075_level_high,level_high,10,3.1578447818756104,0.9731953903813501,0.9405521977680392,19.78075859300288,19.216647470070836,12.147972280683394,3.5239834785461426,,,
dancnet:v3hq_cont,0076_level_high,level_high,5,2.0666086673736572,0.9045892113518073,0.8357415911548334,4.890022517672391,6.105470910016014,8.829876291710258,2.567042112350464,,,
dancnet:v3hq_cont,0077_level_high,level_high,10,4.22151517868042,0.9878780664942568,0.9615052136479432,24.008195457971443,23.7311188117709,21.233160772069162,4.244054317474365,,,
dancnet:v3hq_cont,0078_level_high,level_high,5,3.0908548831939697,0.9523334528022515,0.8888406055091981,12.945806076033712,13.094529868591643,15.402684088308394,3.507011651992798,,,
dancnet:v3hq_cont,0079_level_high,level_high,10,2.1216812133789062,0.954574798669188,0.9070460704964886,15.22246805956307,15.08684232345142,9.545176102315814,2.7021689414978027,,,
dancnet:v3hq_cont,0080_level_high,level_high,5,2.099059581756592,0.9416629806820058,0.8431899530451714,12.865035753254908,12.806092035691666,7.736660374816436,2.8069026470184326,,,
dancnet:v3hq_cont,0081_level_high,level_high,10,2.399141788482666,0.9503981191533584,0.8659770301793219,16.966694602427182,16.698836535502334,9.214934772130341,3.3152172565460205,,,
dancnet:v3hq_cont,0082_level_high,level_high,5,3.6243231296539307,0.9767009351390669,0.9386493623677057,17.53752717004816,17.43988257769916,14.113737051242738,4.087126731872559,,,
dancnet:v3hq_cont,0083_level_high,level_high,10,2.6001510620117188,0.9731672383828049,0.9188458188330347,17.047667884023003,16.6330149555561,10.12370239085295,3.226578712463379,,,
dancnet:v3hq_cont,0084_level_high,level_high,5,2.198509693145752,0.886649569314865,0.7304808157130515,12.022381419832941,11.914231343643166,6.943155963675251,3.007171392440796,,,
dancnet:v3hq_cont,0085_level_high,level_high,10,2.9423458576202393,0.9780801701629018,0.9584375203534498,16.709237988308796,16.323104215173633,14.0581927944329,3.6047611236572266,,,
dancnet:v3hq_cont,0086_level_high,level_high,5,2.546332597732544,0.9798306734263875,0.9403879643918871,12.275958413693731,12.48079893861458,12.099856837989227,3.5497515201568604,,,
dancnet:v3hq_cont,0087_level_high,level_high,10,2.8350963592529297,0.9758112644521735,0.9105842000090868,16.311349400548487,15.95147169876155,12.687798731093137,3.3702032566070557,,,
dancnet:v3hq_cont,0088_level_high,level_high,5,2.1344313621520996,0.9097340882695285,0.8164679176474463,8.775740013723158,9.191299350665243,6.696398184965731,2.893204927444458,,,
dancnet:v3hq_cont,0089_level_high,level_high,10,2.7134640216827393,0.9591620766046479,0.8923455476470407,15.688234090055502,15.559043091666629,9.014268911613222,3.4254612922668457,,,
dancnet:v3hq_cont,0090_reverb_cabin,reverb_cabin,5,3.559295892715454,0.9935320133256649,0.9822026431960617,25.14353824749787,24.003117767707842,11.426264363596927,4.120600700378418,,,
dancnet:v3hq_cont,0091_reverb_cabin,reverb_cabin,10,2.9874227046966553,0.9800933188092713,0.9415014856126027,17.053809493924273,16.713467401111195,8.938266456733485,3.717017412185669,,,
dancnet:v3hq_cont,0092_reverb_cabin,reverb_cabin,5,1.4599080085754395,0.8837729964055077,0.7537727799155598,7.110306433151864,7.3722906816184945,4.650303587018924,2.1448240280151367,,,
dancnet:v3hq_cont,0093_reverb_cabin,reverb_cabin,10,2.073801279067993,0.8715212743834613,0.7560031980387768,14.418431186826595,14.265843131205214,9.809684900884546,3.0242903232574463,,,
dancnet:v3hq_cont,0094_reverb_cabin,reverb_cabin,5,1.181138038635254,0.7679448738739119,0.572341054095206,2.5964064578037838,3.968384858072256,2.4530674486603576,1.6454659700393677,,,
dancnet:v3hq_cont,0095_reverb_cabin,reverb_cabin,10,1.4307732582092285,0.8109305666784338,0.6126669668680977,5.066471077351719,5.590071835179492,2.730011572632467,2.3063318729400635,,,
dancnet:v3hq_cont,0096_reverb_cabin,reverb_cabin,5,1.3760782480239868,0.8079540224686371,0.5684219871367913,5.28629062088207,6.1134785316193,2.832774985752207,2.305866241455078,,,
dancnet:v3hq_cont,0097_reverb_cabin,reverb_cabin,10,1.3263142108917236,0.8150800990144598,0.6370243109833589,1.922136229582251,2.1147304622991228,0.5072739601894501,1.723260760307312,,,
dancnet:v3hq_cont,0098_reverb_cabin,reverb_cabin,5,2.121464252471924,0.9264995753311545,0.8481285110014458,13.591167313820138,13.58416783701788,9.493035513688351,3.3008337020874023,,,
dancnet:v3hq_cont,0099_reverb_cabin,reverb_cabin,10,3.616185188293457,0.9779217942580717,0.9406930938109263,16.869983410475477,16.82810075485721,12.83934855667135,3.8603312969207764,,,
dancnet:v3hq_cont,0100_reverb_cabin,reverb_cabin,5,1.39728581905365,0.8451145019724199,0.5869441092203721,4.27718716310531,4.619303094381349,-1.5871245407494798,2.080752372741699,,,
dancnet:v3hq_cont,0101_reverb_cabin,reverb_cabin,10,3.3040077686309814,0.9696821218893057,0.8914813866978766,18.52682822010227,18.16142837630541,10.977852197464212,3.788743495941162,,,
dancnet:v3hq_cont,0102_reverb_cabin,reverb_cabin,5,1.513519525527954,0.8345944786736998,0.6708695953301312,4.133052803618207,4.86077242674114,3.572294994665861,2.3965818881988525,,,
dancnet:v3hq_cont,0103_reverb_cabin,reverb_cabin,10,1.3469582796096802,0.7517252079558474,0.5615804148890159,1.064497291054404,1.887449891537965,1.4530420329542044,2.0705080032348633,,,
dancnet:v3hq_cont,0104_reverb_cabin,reverb_cabin,5,1.8769230842590332,0.7659179364721446,0.5607767097412124,6.255511350500668,7.064131366225467,3.7030380533296405,2.624065637588501,,,
dancnet:v3hq_cont,0105_reverb_cabin,reverb_cabin,10,1.95352303981781,0.9267532556728989,0.8375764755832691,12.869114635193712,12.86707135157821,6.529671260815643,3.0551156997680664,,,
dancnet:v3hq_cont,0106_reverb_cabin,reverb_cabin,5,1.8890694379806519,0.8539163383414088,0.6077708613378147,9.889553786694504,9.978731820682974,3.5491533164147255,2.9439051151275635,,,
dancnet:v3hq_cont,0107_reverb_cabin,reverb_cabin,10,2.499898910522461,0.964671499400748,0.9043495086439474,14.607518479177667,14.475285087215195,9.1992105036554,3.5129637718200684,,,
dancnet:v3hq_cont,0108_reverb_cabin,reverb_cabin,5,1.681898832321167,0.8423731718419754,0.6825325919745374,5.787713004497265,6.045442450952105,2.806022431659168,2.472822427749634,,,
dancnet:v3hq_cont,0109_reverb_cabin,reverb_cabin,10,2.1422786712646484,0.923282660830495,0.8579402380783953,10.842849760237758,11.11216344396114,6.702680819301484,2.561901569366455,,,
dancnet:v3hq_cont,0110_reverb_cabin,reverb_cabin,5,2.414658546447754,0.9661212181350916,0.899214856678661,13.056296762848994,12.99216779781122,7.59460152079459,2.8507869243621826,,,
dancnet:v3hq_cont,0111_reverb_cabin,reverb_cabin,10,1.7592867612838745,0.8774693567997233,0.7559411591918616,12.5983343933856,12.633051077998589,6.62023416963578,2.267770290374756,,,
dancnet:v3hq_cont,0112_reverb_cabin,reverb_cabin,5,2.316906452178955,0.9228447821878895,0.8006263096960021,11.623499250818178,11.750694913742802,5.01298866385994,3.1234567165374756,,,
dancnet:v3hq_cont,0113_reverb_cabin,reverb_cabin,10,2.0884487628936768,0.9542392802571267,0.8930580729566763,15.134125074126189,14.837960599866298,7.75580219071447,3.130760431289673,,,
dancnet:v3hq_cont,0114_reverb_cabin,reverb_cabin,5,1.3597067594528198,0.7429366020704791,0.5417394706556243,5.020660732838056,4.572389214746806,1.5641228815926673,2.0163378715515137,,,
dancnet:v3hq_cont,0115_reverb_cabin,reverb_cabin,10,3.071542501449585,0.9651891758213917,0.9058807662693223,14.610356069498158,14.431659809343106,8.914321941436247,3.6570703983306885,,,
dancnet:v3hq_cont,0116_reverb_cabin,reverb_cabin,5,1.9499404430389404,0.9190047608356348,0.7975389723602592,13.036935938715967,12.846774030894213,2.7133453950567805,2.4761857986450195,,,
dancnet:v3hq_cont,0117_reverb_cabin,reverb_cabin,10,3.42633318901062,0.9638941637067738,0.9263066305160169,16.67768799058374,16.73702719244734,15.3703907162104,3.7172763347625732,,,
dancnet:v3hq_cont,0118_reverb_cabin,reverb_cabin,5,2.6447219848632812,0.9370125269377193,0.8378179499299496,12.932719121320313,12.807868826422053,8.946275612349108,3.1135590076446533,,,
dancnet:v3hq_cont,0119_reverb_cabin,reverb_cabin,10,1.2354755401611328,0.647734816859791,0.4827637104602999,0.27657837598078067,3.1464275926522967,2.640985606260925,1.6596429347991943,,,
dancnet:v3hq_cont,0120_radio_band,radio_band,5,2.3239388465881348,0.9364194550025631,0.86960202726858,11.866192009778501,11.89957840535714,6.520571171983717,2.7110610008239746,,,
dancnet:v3hq_cont,0121_radio_band,radio_band,10,2.1002554893493652,0.935534370492981,0.8737136146592096,13.602246765457686,13.625763348960994,5.9751032826804416,2.5920348167419434,,,
dancnet:v3hq_cont,0122_radio_band,radio_band,5,3.7349674701690674,0.9854816352458822,0.9610377760118345,12.60960309665683,12.784163381403339,16.4965743612449,3.9564990997314453,,,
dancnet:v3hq_cont,0123_radio_band,radio_band,10,2.9285826683044434,0.9608768636184686,0.8979911060992135,16.15686004600446,15.983361046140027,11.19753492023236,3.2337093353271484,,,
dancnet:v3hq_cont,0124_radio_band,radio_band,5,2.322396993637085,0.9288035640442349,0.8160025991507021,12.379623082782791,12.339418670145148,3.368323353745001,2.5352299213409424,,,
dancnet:v3hq_cont,0125_radio_band,radio_band,10,3.465228796005249,0.9616341177069114,0.9170272521955265,20.56175999894989,20.236527159621378,13.395272787300222,3.7569072246551514,,,
dancnet:v3hq_cont,0126_radio_band,radio_band,5,2.522599458694458,0.9308117277280801,0.859767942868273,14.542464829021085,14.455447900175196,6.58060096690543,2.625516176223755,,,
dancnet:v3hq_cont,0127_radio_band,radio_band,10,2.817403793334961,0.9627798516671043,0.9157833117858519,15.141246697549732,14.9676501514218,10.034877750198312,3.183692216873169,,,
dancnet:v3hq_cont,0128_radio_band,radio_band,5,2.6614911556243896,0.9011139268188862,0.7285216046700212,13.46702823433661,13.393365785832817,5.99223436275939,3.0788493156433105,,,
dancnet:v3hq_cont,0129_radio_band,radio_band,10,2.7481744289398193,0.9630702795202476,0.907269356096699,16.380114109445344,16.131613052595455,10.292042746401078,3.109224557876587,,,
dancnet:v3hq_cont,0130_radio_band,radio_band,5,3.8560502529144287,0.9788843800084848,0.9727104755056544,22.65147652129054,22.54028018677261,30.26222511674369,3.932551622390747,,,
dancnet:v3hq_cont,0131_radio_band,radio_band,10,2.9257853031158447,0.9684674767142886,0.9295208959660487,14.742132488037074,14.70829659147736,8.399519535558857,3.3405914306640625,,,
dancnet:v3hq_cont,0132_radio_band,radio_band,5,3.821150064468384,0.9980286485895772,0.9882566744547554,27.35626484855425,26.344052760671435,16.80326540613834,4.028693675994873,,,
dancnet:v3hq_cont,0133_radio_band,radio_band,10,2.4485690593719482,0.9438947118037815,0.8579521379755937,16.134619992533374,15.779835014768889,5.789256307802169,2.91924786567688,,,
dancnet:v3hq_cont,0134_radio_band,radio_band,5,3.057892084121704,0.9761540766298233,0.9139442620934997,14.761545803095,14.593197868525156,13.410709609668784,3.428551435470581,,,
dancnet:v3hq_cont,0135_radio_band,radio_band,10,2.506959915161133,0.9377685724278131,0.8052078514580647,16.137389536576713,16.048843075785303,7.867834239179359,3.0183584690093994,,,
dancnet:v3hq_cont,0136_radio_band,radio_band,5,2.0663671493530273,0.929300363650423,0.8135998044910353,12.180560733950816,12.250561885068219,4.59774492689232,2.59110951423645,,,
dancnet:v3hq_cont,0137_radio_band,radio_band,10,2.6369566917419434,0.9648572994742871,0.8722247239808129,17.372930790958865,17.244554240961527,4.356837940443643,2.9532480239868164,,,
dancnet:v3hq_cont,0138_radio_band,radio_band,5,4.290153980255127,0.9968165289588152,0.9911191458680467,27.859063786136062,27.170239545963952,30.013350566770214,4.324904918670654,,,
dancnet:v3hq_cont,0139_radio_band,radio_band,10,2.5202677249908447,0.9652798976853014,0.8982891101943845,17.61602871231572,17.248718501673046,10.31674754055352,2.8533167839050293,,,
dancnet:v3hq_cont,0140_radio_band,radio_band,5,2.4381604194641113,0.8778497144356541,0.7632894162166887,14.43287595278515,14.314204593951196,5.945494084792227,2.8518083095550537,,,
dancnet:v3hq_cont,0141_radio_band,radio_band,10,2.518495559692383,0.9738727505922226,0.9257251794832723,20.65225461262432,20.451571915856626,14.517444343040403,2.959994077682495,,,
dancnet:v3hq_cont,0142_radio_band,radio_band,5,2.17055082321167,0.9390350804539281,0.8990671664324097,14.068618544129771,14.056159256247962,11.543528880522862,2.720644474029541,,,
dancnet:v3hq_cont,0143_radio_band,radio_band,10,2.911475419998169,0.962006051871934,0.9100410321766597,19.42622191789457,19.304401234912095,11.53558249770242,3.33012056350708,,,
dancnet:v3hq_cont,0144_radio_band,radio_band,5,1.9360263347625732,0.8814283244510485,0.8394332476266854,15.935197072705767,15.740717859865503,10.101161613256435,2.359666347503662,,,
dancnet:v3hq_cont,0145_radio_band,radio_band,10,2.921536922454834,0.9543540949086602,0.902223799865993,17.964034479625916,17.750646714923185,10.581856273985526,3.261910915374756,,,
dancnet:v3hq_cont,0146_radio_band,radio_band,5,2.5362231731414795,0.9406042555464594,0.8855265656798252,13.72028501643047,13.854440236892776,11.429529246950313,3.045498847961426,,,
dancnet:v3hq_cont,0147_radio_band,radio_band,10,2.5134975910186768,0.9149092510759558,0.8249405877403156,14.974865786659313,15.018883353333406,6.612487757983046,2.828982353210449,,,
dancnet:v3hq_cont,0148_radio_band,radio_band,5,2.453200101852417,0.9334254314382641,0.8438260550248843,13.042390816676964,13.086178774115886,6.673684002831692,2.8072571754455566,,,
dancnet:v3hq_cont,0149_radio_band,radio_band,10,3.352888584136963,0.9664783588777406,0.9090370064843069,17.91461245653774,17.709202867727086,15.992572250434032,3.5552406311035156,,,
dancnet:v3hq_cont,0150_noise_only,noise_only,nan,,,,,,,,39.14287567138672,,
dancnet:v3hq_cont,0151_noise_only,noise_only,nan,,,,,,,,41.18057632446289,,
dancnet:v3hq_cont,0152_noise_only,noise_only,nan,,,,,,,,40.616539001464844,,
dancnet:v3hq_cont,0153_noise_only,noise_only,nan,,,,,,,,53.79536056518555,,
dancnet:v3hq_cont,0154_noise_only,noise_only,nan,,,,,,,,28.247243881225586,,
dancnet:v3hq_cont,0155_noise_only,noise_only,nan,,,,,,,,48.57487487792969,,
dancnet:v3hq_cont,0156_noise_only,noise_only,nan,,,,,,,,50.57654571533203,,
dancnet:v3hq_cont,0157_noise_only,noise_only,nan,,,,,,,,20.978071212768555,,
dancnet:v3hq_cont,0158_noise_only,noise_only,nan,,,,,,,,51.58348083496094,,
dancnet:v3hq_cont,0159_noise_only,noise_only,nan,,,,,,,,38.827545166015625,,
dancnet:v3hq_cont,0160_noise_only,noise_only,nan,,,,,,,,32.596961975097656,,
dancnet:v3hq_cont,0161_noise_only,noise_only,nan,,,,,,,,36.58681869506836,,
dancnet:v3hq_cont,0162_noise_only,noise_only,nan,,,,,,,,56.125640869140625,,
dancnet:v3hq_cont,0163_noise_only,noise_only,nan,,,,,,,,61.251220703125,,
dancnet:v3hq_cont,0164_noise_only,noise_only,nan,,,,,,,,27.55812644958496,,
dancnet:v3hq_cont,0165_noise_only,noise_only,nan,,,,,,,,55.113162994384766,,
dancnet:v3hq_cont,0166_noise_only,noise_only,nan,,,,,,,,56.64360046386719,,
dancnet:v3hq_cont,0167_noise_only,noise_only,nan,,,,,,,,53.2396125793457,,
dancnet:v3hq_cont,0168_noise_only,noise_only,nan,,,,,,,,41.13550567626953,,
dancnet:v3hq_cont,0169_noise_only,noise_only,nan,,,,,,,,27.981983184814453,,
dancnet:v3hq_cont,0170_noise_only,noise_only,nan,,,,,,,,20.14035987854004,,
dancnet:v3hq_cont,0171_noise_only,noise_only,nan,,,,,,,,29.439298629760742,,
dancnet:v3hq_cont,0172_noise_only,noise_only,nan,,,,,,,,31.362957000732422,,
dancnet:v3hq_cont,0173_noise_only,noise_only,nan,,,,,,,,52.71299743652344,,
dancnet:v3hq_cont,0174_noise_only,noise_only,nan,,,,,,,,52.270416259765625,,
dancnet:v3hq_cont,0175_noise_only,noise_only,nan,,,,,,,,57.68608856201172,,
dancnet:v3hq_cont,0176_noise_only,noise_only,nan,,,,,,,,55.84864807128906,,
dancnet:v3hq_cont,0177_noise_only,noise_only,nan,,,,,,,,42.94215774536133,,
dancnet:v3hq_cont,0178_noise_only,noise_only,nan,,,,,,,,28.072948455810547,,
dancnet:v3hq_cont,0179_noise_only,noise_only,nan,,,,,,,,57.249595642089844,,
dancnet:v3hq_cont,0180_post_blast,post_blast,15.0,1.8939679861068726,0.9301752780287393,0.8814354052764388,12.101480427884262,12.189188779029505,10.495315608401915,2.908933639526367,,0.8490860489558956,1.4853571653366089
dancnet:v3hq_cont,0181_post_blast,post_blast,15.0,1.6481068134307861,0.954051447200373,0.9168535174085272,15.192688780129693,14.952492708221197,11.772096908545024,3.299647092819214,,0.9161892421856953,1.3633852005004883
dancnet:v3hq_cont,0182_post_blast,post_blast,15.0,2.219778299331665,0.9236320687105812,0.8199674820457102,12.128155677981907,12.18737883432228,6.633079383838634,2.8681282997131348,,0.9897730286166445,2.583378791809082
dancnet:v3hq_cont,0183_post_blast,post_blast,15.0,1.76594877243042,0.9273944325719595,0.8379706993123441,9.365187289740675,9.777060482938044,7.486378455914647,2.7024614810943604,,0.8893429750580584,1.3280792236328125
dancnet:v3hq_cont,0184_post_blast,post_blast,15.0,2.5130562782287598,0.9713248343829903,0.9060461418667402,14.848321027317423,14.72047756704258,9.659269466209382,3.3822898864746094,,0.9900440656576159,2.67575740814209
dancnet:v3hq_cont,0185_post_blast,post_blast,15.0,2.7552602291107178,0.888715583133376,0.7539995385558814,17.69303624743506,17.471279889951187,9.844956551154226,3.3848204612731934,,0.4286000620090745,1.0703166723251343
dancnet:v3hq_cont,0186_post_blast,post_blast,15.0,2.3483011722564697,0.9008817482554337,0.8057086532163481,9.976451775086122,10.25198328880641,6.78614261096924,3.109940767288208,,0.9204471851764303,2.5911874771118164
dancnet:v3hq_cont,0187_post_blast,post_blast,15.0,3.132422924041748,0.9508438064938645,0.9085733415927248,11.704385844064408,11.71608192043707,14.08101984948707,3.6437830924987793,,0.8492137241962329,1.9349839687347412
dancnet:v3hq_cont,0188_post_blast,post_blast,15.0,2.031975746154785,0.9436856245846019,0.8440752841226904,8.212072064268627,8.666901366250423,8.08358007947825,3.0464978218078613,,0.976587428141475,2.400846481323242
dancnet:v3hq_cont,0189_post_blast,post_blast,15.0,1.4040710926055908,0.7864571726270965,0.6513921726200218,5.073823457039392,6.168652363878247,7.692555972067858,2.008776903152466,,0.8850238934424222,1.6227552890777588
dancnet:v3hq_cont,0190_post_blast,post_blast,15.0,2.86147403717041,0.945445671524007,0.8986239712801714,16.340576206517447,15.997146530862986,10.68387406006539,3.6605727672576904,,0.8966507135376919,2.2475836277008057
dancnet:v3hq_cont,0191_post_blast,post_blast,15.0,2.115654945373535,0.9441665259803862,0.8320288000964055,9.055820818192297,9.48379850217711,5.933389422759728,3.18042254447937,,0.8793974330085557,1.4108816385269165
dancnet:v3hq_cont,0192_post_blast,post_blast,15.0,1.9162065982818604,0.8560826281642424,0.7617696341419871,11.506607529344748,11.456834230912055,7.765491137040546,2.6439592838287354,,0.9675128676475252,2.0471856594085693
dancnet:v3hq_cont,0193_post_blast,post_blast,15.0,1.3525080680847168,0.9205015100331807,0.8257642476931759,13.4967192324298,13.616600502516029,10.529450184712895,3.4066643714904785,,0.7769545183968997,1.6137293577194214
dancnet:v3hq_cont,0194_post_blast,post_blast,15.0,2.654757261276245,0.936210273144635,0.8309963468600388,16.84463781657756,16.305080032207467,7.2491136602789386,3.2389516830444336,,0.9424644048911839,2.940159320831299
dancnet:v3hq_cont,0195_post_blast,post_blast,15.0,1.951261043548584,0.9469274191260341,0.8617519457783609,4.909044546971511,5.85521911060217,6.320406564853157,3.295596122741699,,0.9580807851864707,2.2908456325531006
dancnet:v3hq_cont,0196_post_blast,post_blast,15.0,2.2748830318450928,0.8842690961719496,0.7751053263656028,12.132858298020022,12.120715798717566,12.40527504353412,2.934770345687866,,0.9218756079536541,2.5031843185424805
dancnet:v3hq_cont,0197_post_blast,post_blast,15.0,1.8394922018051147,0.802428939069903,0.681852167534827,4.918348128701326,6.130970793451844,5.370652839095727,2.659949541091919,,0.47642721285669676,1.4020978212356567
dancnet:v3hq_cont,0198_post_blast,post_blast,15.0,1.6947301626205444,0.9155390412780134,0.8376485987776755,8.833779247623141,9.274398611851813,10.028647072454232,2.5807602405548096,,0.945442109199173,2.2310636043548584
dancnet:v3hq_cont,0199_post_blast,post_blast,15.0,1.9225764274597168,0.9381950089523725,0.8848661303809359,12.216032115866016,12.05227543269091,8.130165513460511,2.6426968574523926,,1e-05,
dancnet:v3hq_cont,0200_post_blast,post_blast,15.0,2.281526803970337,0.8650135658524268,0.7383056568234646,13.615737348662009,13.65767417245342,11.931607502228987,3.0409412384033203,,0.97408282479462,3.2996532917022705
dancnet:v3hq_cont,0201_post_blast,post_blast,15.0,2.1401925086975098,0.8832807274489243,0.6647671621551271,11.647101765173431,11.61141859239915,7.924415190195783,2.969991683959961,,0.8478097241424295,2.049747943878174
dancnet:v3hq_cont,0202_post_blast,post_blast,15.0,2.769137382507324,0.9407139733060472,0.8317356799463561,12.897178689706742,12.982498937889735,9.969078425502252,3.405195951461792,,0.9420636376198503,2.617335081100464
dancnet:v3hq_cont,0203_post_blast,post_blast,15.0,2.612895965576172,0.959936501552046,0.922713062940074,14.459819707288597,14.42701264892203,14.573196262356253,3.4279212951660156,,0.8951014007896244,1.899145483970642
dancnet:v3hq_cont,0204_post_blast,post_blast,15.0,2.2683005332946777,0.852032930785419,0.776493756318157,7.715601854642489,8.381075819575077,8.864018995585305,3.1792404651641846,,0.9306153744168253,2.1855547428131104
dancnet:v3hq_cont,0205_post_blast,post_blast,15.0,1.7081841230392456,0.8407039158466258,0.7540178883110203,14.196708676524699,14.008453356482955,9.392748075508248,3.30466890335083,,0.6767736808976648,1.5658831596374512
dancnet:v3hq_cont,0206_post_blast,post_blast,15.0,2.3301475048065186,0.9567985846660165,0.9025720530925111,15.737172399550834,15.33454107443723,8.916179069415662,3.277540683746338,,0.9168456732489404,2.522228956222534
dancnet:v3hq_cont,0207_post_blast,post_blast,15.0,1.9479503631591797,0.8812299186741805,0.7731638589772819,10.410050300734465,10.543930992268294,8.59718678296537,2.5435004234313965,,0.8405592349465423,1.9427404403686523
dancnet:v3hq_cont,0208_post_blast,post_blast,15.0,2.221996545791626,0.9236856478721692,0.8437729185695134,11.890704168620038,11.980856211786408,11.454512211417095,3.0884439945220947,,0.8449444400990955,1.747842788696289
dancnet:v3hq_cont,0209_post_blast,post_blast,15.0,2.1339471340179443,0.9534186869500997,0.902720160336728,10.220231179893506,10.385174240432594,11.31698743310353,2.8077714443206787,,0.900136652816172,1.6355770826339722
dancnet:v3hq_cont,0210_noise_switch,noise_switch,0,1.9718966484069824,0.8867028945938679,0.7105797973689608,10.965127747465067,10.99956920834337,5.818858435071887,2.685264825820923,,,
dancnet:v3hq_cont,0211_noise_switch,noise_switch,5,2.047161102294922,0.9199151972623505,0.8170156570701095,13.028539970671106,12.954798939994745,6.679381427581279,2.663381576538086,,,
dancnet:v3hq_cont,0212_noise_switch,noise_switch,0,2.0851309299468994,0.901894653550567,0.786140166614024,12.430726371497467,12.480142289795523,8.10844480488325,2.717290163040161,,,
dancnet:v3hq_cont,0213_noise_switch,noise_switch,5,2.0084242820739746,0.9419900917445931,0.8085180463475682,12.581273977571858,12.498683627374625,7.318917701509186,2.956498622894287,,,
dancnet:v3hq_cont,0214_noise_switch,noise_switch,0,1.5002450942993164,0.8531027957039752,0.7606397917315699,12.222161261432653,12.032345709636438,4.481679686609214,1.9443080425262451,,,
dancnet:v3hq_cont,0215_noise_switch,noise_switch,5,2.2919325828552246,0.9576389116582279,0.8844467623891629,14.03113940707411,13.822565285217838,9.007563036229609,2.9864256381988525,,,
dancnet:v3hq_cont,0216_noise_switch,noise_switch,0,1.891808032989502,0.7010668319659368,0.6126028045820476,11.067538614766821,10.871364427635264,6.175185593738859,2.7286205291748047,,,
dancnet:v3hq_cont,0217_noise_switch,noise_switch,5,2.1868057250976562,0.907585531769027,0.8021143841101381,11.946053287548313,11.782400041690595,8.155277659947707,2.845853805541992,,,
dancnet:v3hq_cont,0218_noise_switch,noise_switch,0,1.8220983743667603,0.8773613225355419,0.7105123864034298,8.96898345016066,9.222132905534748,4.720546537986487,2.53837251663208,,,
dancnet:v3hq_cont,0219_noise_switch,noise_switch,5,2.5136666297912598,0.9640696819752715,0.8961479171790139,13.712333865427969,13.627926628518733,8.868711741255616,3.255040407180786,,,
dancnet:v3hq_cont,0220_noise_switch,noise_switch,0,1.9846806526184082,0.9015344885384431,0.7477981754408123,8.926440163971638,9.322663031024952,5.86791786587855,2.8135592937469482,,,
dancnet:v3hq_cont,0221_noise_switch,noise_switch,5,1.8474771976470947,0.9041642133281637,0.7626892534337657,12.672984431898445,12.281154299723926,7.527315833201695,3.1662063598632812,,,
dancnet:v3hq_cont,0222_noise_switch,noise_switch,0,2.3786368370056152,0.9206692831793348,0.8546964289142247,12.234058419011735,12.26232055051295,10.77625354640237,2.874100685119629,,,
dancnet:v3hq_cont,0223_noise_switch,noise_switch,5,2.374042272567749,0.9381884989184573,0.8679266721220746,13.283909257783566,13.307454997470689,8.065815842195114,2.8747541904449463,,,
dancnet:v3hq_cont,0224_noise_switch,noise_switch,0,1.1976525783538818,0.9408247624811231,0.8770838226881437,4.533426378402254,5.092375337001476,9.734416679145745,3.2122912406921387,,,
dancnet:v3hq_cont,0225_noise_switch,noise_switch,5,2.389531135559082,0.922076248700654,0.833138457075857,12.025385666006498,11.993453557362718,8.488991721237229,2.8333561420440674,,,
dancnet:v3hq_cont,0226_noise_switch,noise_switch,0,1.9119360446929932,0.8614604666781502,0.7401501454682903,10.006917317665616,10.103690864182093,7.4185747507045745,2.531245231628418,,,
dancnet:v3hq_cont,0227_noise_switch,noise_switch,5,2.1100432872772217,0.9533290823763021,0.8399655403828944,12.758066259953875,12.679786627777677,7.850346714510227,3.0533440113067627,,,
dancnet:v3hq_cont,0228_noise_switch,noise_switch,0,1.9434599876403809,0.8957219306367208,0.7734208306607517,7.837292327906402,8.310872917358486,6.5190293906023316,2.6528916358947754,,,
dancnet:v3hq_cont,0229_noise_switch,noise_switch,5,2.6332101821899414,0.9622904018921898,0.8921539405171129,14.10622843364295,14.092283824057457,9.626890440753433,3.428317070007324,,,
dancnet:v3hq_cont,0230_noise_switch,noise_switch,0,1.965057373046875,0.8864969243751597,0.8089662733622236,10.678767949920784,10.852917099349463,7.997232991331947,2.9920225143432617,,,
dancnet:v3hq_cont,0231_noise_switch,noise_switch,5,2.85841965675354,0.9560804694612014,0.8839451598323412,13.974725839739666,13.754803573700725,11.569383527295049,3.402766466140747,,,
dancnet:v3hq_cont,0232_noise_switch,noise_switch,0,1.6448063850402832,0.8885481547124029,0.7766246409527221,8.109352495897205,8.55003025663594,5.9028570522946575,2.416999340057373,,,
dancnet:v3hq_cont,0233_noise_switch,noise_switch,5,2.4500279426574707,0.9472544472950657,0.8797914663508095,13.101618278713412,13.056112419645931,10.974916029720651,2.990204095840454,,,
dancnet:v3hq_cont,0234_noise_switch,noise_switch,0,1.8408782482147217,0.8652648937530039,0.7082549248440745,8.854994897359466,9.064734820465958,5.950298862366717,2.4704716205596924,,,
dancnet:v3hq_cont,0235_noise_switch,noise_switch,5,1.9454827308654785,0.843242410470921,0.7473490916243846,10.573593483651052,10.869023623589095,9.427836744137794,2.7576804161071777,,,
dancnet:v3hq_cont,0236_noise_switch,noise_switch,0,1.9939017295837402,0.9005913487550972,0.80127235578624,12.538362172060753,12.229443269884218,9.575255610142237,2.6452476978302,,,
dancnet:v3hq_cont,0237_noise_switch,noise_switch,5,2.6000466346740723,0.9269353107385316,0.8517607617324648,11.971880142511244,11.83327137589841,4.950439875997694,3.234687328338623,,,
dancnet:v3hq_cont,0238_noise_switch,noise_switch,0,1.7819623947143555,0.8870017268840189,0.733616539072914,10.30185451623807,10.491801732906168,5.757626893569557,2.61714506149292,,,
dancnet:v3hq_cont,0239_noise_switch,noise_switch,5,2.4974730014801025,0.9252121872376041,0.8008787296362602,14.977183676876546,14.748298314805698,9.90385687790953,3.1794934272766113,,,
dancnet:v3hq_cont,0240_hum400,hum400,0,2.576643466949463,0.8291582544357421,0.7358796997230941,12.025267101471055,12.00936139971018,7.631747336535676,3.2572402954101562,,,
dancnet:v3hq_cont,0241_hum400,hum400,5,2.7316365242004395,0.9710725079959095,0.9242064979643176,11.408929711793462,11.707596017295117,7.04460800377917,3.2114577293395996,,,
dancnet:v3hq_cont,0242_hum400,hum400,0,2.2408156394958496,0.9256061598717874,0.8296359097720456,10.521968098971525,10.563908717451685,7.632877420642586,2.835707664489746,,,
dancnet:v3hq_cont,0243_hum400,hum400,5,2.9892361164093018,0.977101056039115,0.9132844162519971,13.296362848255455,13.364040940265717,10.006843021610688,3.5232973098754883,,,
dancnet:v3hq_cont,0244_hum400,hum400,0,2.152134656906128,0.9329269198293292,0.8206625937976454,10.364251010648209,10.46840157068867,6.31859655747438,3.0640578269958496,,,
dancnet:v3hq_cont,0245_hum400,hum400,5,2.8847463130950928,0.9687240075998069,0.8893042316259775,14.96491689171499,14.299705980194286,6.234258124093837,3.4079995155334473,,,
dancnet:v3hq_cont,0246_hum400,hum400,0,2.0431203842163086,0.9136534000383633,0.8587100270776805,8.349268531657723,8.767393426694928,5.316592101529868,2.884348154067993,,,
dancnet:v3hq_cont,0247_hum400,hum400,5,2.585927963256836,0.9540346626679524,0.9120553127043817,11.858036389268722,12.053936355904293,7.986309216987253,3.3180456161499023,,,
dancnet:v3hq_cont,0248_hum400,hum400,0,2.5183663368225098,0.9078063590564259,0.7699250572572847,10.23486114440497,10.17094316008674,6.325789077131293,3.124147653579712,,,
dancnet:v3hq_cont,0249_hum400,hum400,5,2.856886386871338,0.9567664356948288,0.8915332024169944,13.08550573748791,13.070311066949357,8.768293581045617,3.3692100048065186,,,
dancnet:v3hq_cont,0250_hum400,hum400,0,2.4420344829559326,0.9462349097916031,0.852228286317093,11.525640506403525,11.441551834262478,6.972248284768127,3.175349473953247,,,
dancnet:v3hq_cont,0251_hum400,hum400,5,2.8814635276794434,0.9596170759767726,0.885645185784883,15.149972409895799,14.949967142349443,8.38271431211454,3.5448265075683594,,,
dancnet:v3hq_cont,0252_hum400,hum400,0,2.2852487564086914,0.9570383994230668,0.8525544415121966,9.717043342177504,9.883023317444293,6.315196563113376,3.0337936878204346,,,
dancnet:v3hq_cont,0253_hum400,hum400,5,2.7211403846740723,0.8656771788799484,0.6825700052819706,13.633853970500947,13.631473368447551,5.180451617675093,3.312375783920288,,,
dancnet:v3hq_cont,0254_hum400,hum400,0,2.2381346225738525,0.9367438066946494,0.8599246176686793,13.157517980211427,12.531256674637067,9.861575678650532,2.8268790245056152,,,
dancnet:v3hq_cont,0255_hum400,hum400,5,2.5101704597473145,0.9546660276678153,0.9190606730143923,13.072491758463556,12.926549990063418,4.991528231959718,3.286729335784912,,,
dancnet:v3hq_cont,0256_hum400,hum400,0,2.10837984085083,0.9360975966537216,0.8722366493420135,10.872696750134851,11.035351675609729,8.267065279684434,2.7565090656280518,,,
dancnet:v3hq_cont,0257_hum400,hum400,5,2.50162410736084,0.9611995024110853,0.8844258357812844,12.509143703405831,12.573669252035316,5.654273817750413,3.2216334342956543,,,
dancnet:v3hq_cont,0258_hum400,hum400,0,2.5251142978668213,0.9527394274166856,0.8437829421118255,10.323749741474085,10.550915224762779,7.50452563209106,3.125863790512085,,,
dancnet:v3hq_cont,0259_hum400,hum400,5,2.8653206825256348,0.9592128328916166,0.907718936486282,16.5049297778198,15.852055987984686,8.18712439094013,3.699553966522217,,,
dancnet:v3hq_cont,0260_hum400,hum400,0,2.17094349861145,0.8946182275332633,0.8109404000660363,9.321611431023392,9.654170435483515,7.009628307101476,2.9752442836761475,,,
dancnet:v3hq_cont,0261_hum400,hum400,5,2.825042963027954,0.9546088844460185,0.8658076074336999,13.150062427249317,12.504616360243805,7.696915118162619,3.4065468311309814,,,
dancnet:v3hq_cont,0262_hum400,hum400,0,2.1414694786071777,0.929565697869642,0.8211277506621615,12.391304953081246,12.203304587568491,1.7124502409419944,2.7527971267700195,,,
dancnet:v3hq_cont,0263_hum400,hum400,5,2.7534570693969727,0.9597420374075221,0.9084176242414704,15.150819406677893,15.063977631712442,7.248277283071421,3.555084228515625,,,
dancnet:v3hq_cont,0264_hum400,hum400,0,2.4118587970733643,0.9397344296318199,0.8775858845754181,11.904220563830483,11.708038831656399,7.427307994198108,3.1172616481781006,,,
dancnet:v3hq_cont,0265_hum400,hum400,5,3.127662420272827,0.9679395364956616,0.939096932965974,15.008844135786743,14.817208980310301,9.748048600926579,3.5902953147888184,,,
dancnet:v3hq_cont,0266_hum400,hum400,0,2.5506746768951416,0.9318590120630278,0.8662344194183363,10.328954625850582,10.046037974077109,7.896477460565335,3.0931341648101807,,,
dancnet:v3hq_cont,0267_hum400,hum400,5,2.6527888774871826,0.9644931909706106,0.9202677591411232,13.4492820900019,13.409050743557199,3.103435029833701,3.08962345123291,,,
dancnet:v3hq_cont,0268_hum400,hum400,0,2.4126570224761963,0.9519338690346062,0.8734769772497831,10.678974786868816,10.620798664252488,7.76365485403649,2.851752519607544,,,
dancnet:v3hq_cont,0269_hum400,hum400,5,2.8512537479400635,0.9429982241777088,0.867563834165328,14.176225611276037,14.311611685009048,9.928150791000672,3.539259433746338,,,
dancnet:v3hq_cont,0270_crew_babble,crew_babble,0.0,1.1605792045593262,0.656528834669218,0.36781151865601397,-2.615452732884789,-1.724488669928585,-0.9352981924360005,1.5620498657226562,,,
dancnet:v3hq_cont,0271_crew_babble,crew_babble,5.0,1.2474545240402222,0.8355837982039304,0.6828169013387082,5.266924476963439,5.121360693926295,3.470505207888358,1.7462401390075684,,,
dancnet:v3hq_cont,0272_crew_babble,crew_babble,10.0,1.4342052936553955,0.8990399605644084,0.7645749248433379,9.686482680186257,9.773849211309313,6.700131721084463,2.0990588665008545,,,
dancnet:v3hq_cont,0273_crew_babble,crew_babble,0.0,1.062809944152832,0.5476436159190929,0.3659368259598108,-0.058095995440026846,0.48363520535382165,-0.7420142544374612,1.1869879961013794,,,
dancnet:v3hq_cont,0274_crew_babble,crew_babble,5.0,1.080817461013794,0.7503643247455196,0.6094737012179329,1.7657948180574559,2.1378577973620176,4.438520732891308,1.2506420612335205,,,
dancnet:v3hq_cont,0275_crew_babble,crew_babble,10.0,1.4171265363693237,0.8711951265117358,0.6947071793944282,9.50202955431046,9.315013981508654,3.8999586390613663,2.110835075378418,,,
dancnet:v3hq_cont,0276_crew_babble,crew_babble,0.0,1.1052727699279785,0.665218292276927,0.436390187490368,-1.4256522988876783,-0.3998766525992831,-1.863043439539086,1.4076223373413086,,,
dancnet:v3hq_cont,0277_crew_babble,crew_babble,5.0,1.1793737411499023,0.793757600207665,0.5914646665707308,3.6903492662144597,4.371428488181136,3.4319018012363465,1.7479686737060547,,,
dancnet:v3hq_cont,0278_crew_babble,crew_babble,10.0,1.3233743906021118,0.8039574029536998,0.6435357046621927,8.893217859427846,9.14378033796481,6.324480628265377,2.0539071559906006,,,
dancnet:v3hq_cont,0279_crew_babble,crew_babble,0.0,1.065413475036621,0.46817743053465904,0.34572264276564396,-0.7257061058402374,0.23085166992176245,0.5618841078165131,1.4818195104599,,,
dancnet:v3hq_cont,0280_crew_babble,crew_babble,5.0,1.3542762994766235,0.780129744341357,0.6172620736940077,5.7387516351992796,6.123100880827077,1.9640499482638174,1.8153948783874512,,,
dancnet:v3hq_cont,0281_crew_babble,crew_babble,10.0,1.1471452713012695,0.8284447795466005,0.633142358729941,5.365544182923667,5.863284433300655,1.546770101066978,1.750607967376709,,,
dancnet:v3hq_cont,0282_crew_babble,crew_babble,0.0,1.0986648797988892,0.7290545181531192,0.5834839504994092,-1.0394188471650363,-0.766490533517576,0.5752789101340124,1.4725697040557861,,,
dancnet:v3hq_cont,0283_crew_babble,crew_babble,5.0,1.1123511791229248,0.745527816610473,0.5354449424381693,4.468802879006355,4.452652139861669,1.6679120023263907,1.6337006092071533,,,
dancnet:v3hq_cont,0284_crew_babble,crew_babble,10.0,1.514333963394165,0.8195449846511853,0.6543094873568558,9.717890574197412,9.526397677091255,3.0995654466199953,2.1775918006896973,,,
dancnet:v3hq_cont,0285_crew_babble,crew_babble,0.0,1.0943025350570679,0.6589617955203395,0.4504815042378145,0.3091557940942052,0.7316286956974252,0.08394196686475036,1.3870117664337158,,,
dancnet:v3hq_cont,0286_crew_babble,crew_babble,5.0,1.2165107727050781,0.8054305935675274,0.5561412879817249,5.579970745032935,5.608066105996272,2.469797914690096,1.706982135772705,,,
dancnet:v3hq_cont,0287_crew_babble,crew_babble,10.0,1.1593005657196045,0.7256089334669126,0.6314075783926306,9.756075983247328,9.530871837003764,7.621054703135059,1.4925603866577148,,,
dancnet:v3hq_cont,0288_crew_babble,crew_babble,0.0,1.12614905834198,0.6425845886207421,0.3918555834185557,-0.486735008962763,0.07557417090780241,-0.9666859900247963,1.4063236713409424,,,
dancnet:v3hq_cont,0289_crew_babble,crew_babble,5.0,1.2230788469314575,0.8542301524058825,0.6931332976856187,5.263783836191528,5.290321928242836,3.8485817158020783,1.8934297561645508,,,
dancnet:v3hq_cont,0290_crew_babble,crew_babble,10.0,1.7494451999664307,0.8404053575612092,0.6672570353064942,10.050224848723161,9.967931969617789,4.824104513462625,2.4170515537261963,,,
dancnet:v3hq_cont,0291_crew_babble,crew_babble,0.0,1.0702234506607056,0.6301274790262016,0.42185406985703755,-1.0476351565779316,0.5465902269134582,1.384498691363106,1.326420545578003,,,
dancnet:v3hq_cont,0292_crew_babble,crew_babble,5.0,1.2114684581756592,0.779326901207462,0.6344324585519759,6.19401568918361,6.167888514710791,2.766402852846154,1.8094301223754883,,,
dancnet:v3hq_cont,0293_crew_babble,crew_babble,10.0,1.8553102016448975,0.8633537753953799,0.7053193744975293,7.820664584615548,7.773554003378416,5.701872926680562,2.9249610900878906,,,
dancnet:v3hq_cont,0294_crew_babble,crew_babble,0.0,1.0660903453826904,0.6520131361355044,0.43445725015364645,-0.8621622805365937,-0.08586485629446455,-0.5610190224273167,1.2628581523895264,,,
dancnet:v3hq_cont,0295_crew_babble,crew_babble,5.0,1.09930419921875,0.8008097961940295,0.5693229395641934,3.6506975703265763,3.955612023185899,2.662693142248974,1.4642975330352783,,,
dancnet:v3hq_cont,0296_crew_babble,crew_babble,10.0,1.342797040939331,0.8774807863902746,0.6964067477204,10.010400960704152,10.02070647362881,3.6545232773546346,2.321723699569702,,,
dancnet:v3hq_cont,0297_crew_babble,crew_babble,0.0,1.0531361103057861,0.6723068438264437,0.43361413962182815,1.0766227843819136,1.9501623616656958,0.011554830807071158,1.292177438735962,,,
dancnet:v3hq_cont,0298_crew_babble,crew_babble,5.0,1.207961082458496,0.6807453474553262,0.5378691350502991,4.8993763039901985,5.18849131502637,4.353400252455222,1.8656795024871826,,,
dancnet:v3hq_cont,0299_crew_babble,crew_babble,10.0,1.7345072031021118,0.9126665346043001,0.8140670552937143,11.267914621489819,11.284985598403122,8.893120872443042,2.54276704788208,,,
dancnet:v3hq_cont,0300_long_stream,long_stream,5.0,2.4171855449676514,0.9276200328574118,0.8398383729424486,13.507542220567268,13.409191596759868,10.289438830811648,3.134530544281006,,,
dancnet:v3hq_cont,0301_long_stream,long_stream,5.0,2.677633047103882,0.9414344419134539,0.8735793624263539,13.03296983140168,13.002465916296948,9.37894477254412,3.1941781044006348,,,
dancnet:v3hq_cont,0302_long_stream,long_stream,5.0,2.5753886699676514,0.9289452010129093,0.8579838366123809,13.232748986991771,13.16234574987179,8.535353256089646,3.2186942100524902,,,
dancnet:v3hq_cont,0303_long_stream,long_stream,5.0,2.5482254028320312,0.9415282951799514,0.8757536362111268,11.017035665397293,11.182949691083001,8.107715375895227,3.2491140365600586,,,
