system,id,category,snr_db,input_snr_measured,pesq_wb,stoi,estoi,sisdr,snr,segsnr,pesq_nb,delta_snr
noisy,0000_stationary_p20,stationary,20.0,19.590499313844777,2.3212616443634033,0.982676557756227,0.9330493627462588,19.58190629023459,19.590499313844777,16.70675319916761,2.737772226333618,0.0
noisy,0001_stationary_p20,stationary,20.0,19.42863866647033,2.4539542198181152,0.9902048255299312,0.9270440094325068,19.43656775731309,19.42863866647033,9.500981507870822,3.3686890602111816,0.0
noisy,0002_stationary_p20,stationary,20.0,19.32818536525876,1.8054158687591553,0.9898309304477316,0.9464951722019614,19.335009002036628,19.32818536525876,9.885990988291113,2.8728342056274414,0.0
noisy,0003_stationary_p20,stationary,20.0,19.311354777623183,2.742182970046997,0.982465509412416,0.9276385113872138,19.314654526401355,19.311354777623183,14.646102692822632,3.1792309284210205,0.0
noisy,0004_stationary_p20,stationary,20.0,19.444967101365854,2.3510634899139404,0.9857244436985264,0.9465116038840916,19.45192096968283,19.444967101365854,12.25393355159584,2.7657036781311035,0.0
noisy,0005_stationary_p20,stationary,20.0,19.06714267914146,1.8105642795562744,0.959906909974997,0.9227698970486066,19.066538701052217,19.06714267914146,11.170938530901651,2.86875319480896,0.0
noisy,0006_stationary_p20,stationary,20.0,20.00001274993647,2.3951807022094727,0.9656477870125972,0.893137091613053,20.017921347796538,20.00001274993647,17.764012437927093,2.956639289855957,0.0
noisy,0007_stationary_p20,stationary,20.0,17.27047489519429,2.177150249481201,0.9938441305314754,0.9565289988553436,17.46940523897663,17.27047489519429,7.901333227143012,2.742689847946167,0.0
noisy,0008_stationary_p20,stationary,20.0,19.606440770855578,2.203962564468384,0.986026447844036,0.9428019603472988,19.62133655836577,19.606440770855578,12.529565592684396,2.6526849269866943,0.0
noisy,0009_stationary_p20,stationary,20.0,19.99989383420887,2.5361130237579346,0.9564098076560812,0.8651592135626339,19.980682994668552,19.99989383420887,12.682123054788482,3.504597425460815,0.0
noisy,0010_stationary_p20,stationary,20.0,19.86760317019796,2.5470263957977295,0.9899629331710804,0.9447034615259527,19.863105418396273,19.86760317019796,13.97201733021224,2.984457015991211,0.0
noisy,0011_stationary_p20,stationary,20.0,19.190847769968823,1.9297645092010496,0.9684398355961078,0.8864350746497379,19.211874438869778,19.190847769968823,10.509750438631396,2.4519457817077637,0.0
noisy,0012_stationary_p20,stationary,20.0,19.89750678187765,1.568040132522583,0.9682218819629108,0.8379504469540829,19.895856919849457,19.89750678187765,13.281423696637672,1.9390907287597656,0.0
noisy,0013_stationary_p20,stationary,20.0,18.38834413445744,3.1422038078308105,0.9711679297499192,0.9062559506211892,18.39542197338225,18.38834413445744,11.3105891758419,3.689661741256714,0.0
noisy,0014_stationary_p20,stationary,20.0,19.328475519327597,2.1586103439331055,0.9411177831010828,0.8598071002663007,19.323172782861064,19.328475519327597,11.59808821433622,3.373884677886963,0.0
noisy,0015_stationary_p20,stationary,20.0,19.084931326602764,2.211460590362549,0.971852442839263,0.915101795462738,19.088987962991403,19.084931326602764,9.940257603945318,2.890588760375977,0.0
noisy,0016_stationary_p20,stationary,20.0,19.99999916436265,2.838033437728882,0.958601647169676,0.8822857664902259,19.99886664393385,19.99999916436265,13.043186019848996,3.9420487880706783,0.0
noisy,0017_stationary_p20,stationary,20.0,19.52621175626332,1.7491443157196045,0.954898742410193,0.8805562168048541,19.58928014598098,19.52621175626332,11.924903366272954,2.314384698867798,0.0
noisy,0018_stationary_p20,stationary,20.0,19.51018400884375,2.4969968795776367,0.9361475416536424,0.8212755237809769,19.52040730059767,19.51018400884375,9.344126387385314,3.2677736282348633,0.0
noisy,0019_stationary_p20,stationary,20.0,18.6925014886986,2.001706600189209,0.9654796940739906,0.8973462546082609,18.692439652020575,18.6925014886986,11.55625694706665,2.660621166229248,0.0
noisy,0020_stationary_p25,stationary,25.0,24.89747306016209,2.5512735843658447,0.9924607352836552,0.9689831515724407,24.921469617760337,24.89747306016209,18.21693504891109,3.905665874481201,0.0
noisy,0021_stationary_p25,stationary,25.0,22.104013195208772,2.143806219100952,0.9787934416973932,0.9364554490433848,22.107837385019483,22.104013195208772,17.250599958340437,2.5516116619110107,0.0
noisy,0022_stationary_p25,stationary,25.0,22.90060218464625,2.542945623397827,0.9901417910009472,0.9675812867510296,22.90301801353811,22.90060218464625,15.234865930056294,3.8397984504699703,0.0
noisy,0023_stationary_p25,stationary,25.0,23.65353607043209,2.3847193717956543,0.9774237326315552,0.9442087284106546,23.766291774503813,23.65353607043209,12.690036974191251,2.7964234352111816,0.0
noisy,0024_stationary_p25,stationary,25.0,22.55853430131149,3.054243326187134,0.9937675669162654,0.938731480724404,22.554105535191344,22.55853430131149,20.651333765578507,3.7720093727111816,0.0
noisy,0025_stationary_p25,stationary,25.0,23.195566753867706,1.918083906173706,0.972176630976598,0.8881063075727381,23.19488386966896,23.195566753867706,13.392628422753804,2.3675119876861572,0.0
noisy,0026_stationary_p25,stationary,25.0,22.634619766468585,2.994006395339966,0.9900758852540132,0.954953457808386,22.7124085691164,22.634619766468585,11.560219791326558,3.381906032562256,0.0
noisy,0027_stationary_p25,stationary,25.0,23.80843411807629,2.552500486373902,0.9202855537096132,0.8791273574007827,23.833348737547382,23.80843411807629,13.047147446621032,2.9415524005889893,0.0
noisy,0028_stationary_p25,stationary,25.0,24.543503099785127,3.016334056854248,0.989675205810172,0.9631667933559172,24.543182878849827,24.543503099785127,16.281181314926442,3.8277587890625,0.0
noisy,0029_stationary_p25,stationary,25.0,24.411634915604505,3.354713201522827,0.9667223051177996,0.9115440174984164,24.410062283492696,24.411634915604505,20.86743951120706,3.677297830581665,0.0
noisy,0030_stationary_p25,stationary,25.0,23.593937658970976,2.712217330932617,0.9985046990591095,0.9863865240518456,23.59396401609292,23.593937658970976,14.473733211609584,3.534605026245117,0.0
noisy,0031_stationary_p25,stationary,25.0,24.445051666087178,2.7241594791412354,0.9913457618434928,0.9584630609363506,24.450626749971175,24.445051666087178,15.45666676336408,3.6285324096679688,0.0
noisy,0032_stationary_p25,stationary,25.0,24.94158684190475,3.129641532897949,0.9815697522081464,0.9361531056971384,25.298128809107745,24.94158684190475,19.76886435574902,3.4810307025909424,0.0
noisy,0033_stationary_p25,stationary,25.0,23.016474741327546,2.7294092178344727,0.9827573677351776,0.9264880381750252,23.0088334367715,23.016474741327546,19.69465988953939,3.4675679206848145,0.0
noisy,0034_stationary_p25,stationary,25.0,23.994827557712327,2.4157421588897705,0.9948939015409304,0.968188909219128,24.072020529335628,23.994827557712327,11.459471714549954,2.8679680824279785,0.0
noisy,0035_stationary_p25,stationary,25.0,22.70845078986839,2.558568000793457,0.986941414358054,0.9510677585502666,22.710450206169753,22.70845078986839,20.87428322756925,3.0358269214630127,0.0
noisy,0036_stationary_p25,stationary,25.0,24.8528587581856,3.2933664321899414,0.9876149353133864,0.968942602027214,24.853583089523227,24.8528587581856,21.161251691959095,3.680406332015991,0.0
noisy,0037_stationary_p25,stationary,25.0,24.941714885602693,3.064368963241577,0.9377641905726858,0.8849139639687948,24.962723166586912,24.941714885602693,17.584379010644472,3.329392910003662,0.0
noisy,0038_stationary_p25,stationary,25.0,23.12916094714685,1.7992126941680908,0.9746875993673658,0.92235632995803,23.126250397464936,23.12916094714685,13.89175986801241,2.3584272861480713,0.0
noisy,0039_stationary_p25,stationary,25.0,24.99992158930692,3.0994584560394287,0.9849139427679516,0.9522272773841544,24.952938790164172,24.99992158930692,22.0009262757714,3.590864419937134,0.0
noisy,0040_nonstationary_p20,nonstationary,20.0,19.31113708092044,1.9141954183578491,0.9509520203152452,0.8609903310645212,19.310359896979445,19.31113708092044,17.229197085674958,2.614701509475708,0.0
noisy,0041_nonstationary_p20,nonstationary,20.0,18.92094720744911,2.4706406593322754,0.9311953119955878,0.8328087348660536,18.92368514345555,18.92094720744911,13.10549086408735,3.227447509765625,0.0
noisy,0042_nonstationary_p20,nonstationary,20.0,19.8528072822391,2.9201505184173584,0.9932526881982904,0.9763180479983998,19.84457806508192,19.8528072822391,15.737133037951104,3.7009358406066895,0.0
noisy,0043_nonstationary_p20,nonstationary,20.0,19.88267112177935,3.0963644981384277,0.9889575894315324,0.9661578231407316,20.113199041154033,19.88267112177935,15.264290597260134,3.5174355506896973,0.0
noisy,0044_nonstationary_p20,nonstationary,20.0,19.55856095264547,1.9128490686416624,0.9775742029400668,0.8873323249835618,19.554828276629685,19.55856095264547,11.445488327114385,2.614065647125244,0.0
noisy,0045_nonstationary_p20,nonstationary,20.0,19.99995950112753,2.642119884490967,0.9710943008536272,0.9017952123675004,19.997417804800307,19.99995950112753,19.547117436809,3.2851369380950928,0.0
noisy,0046_nonstationary_p20,nonstationary,20.0,18.65315946513251,2.6729836463928223,0.9902907373887334,0.9507385227738347,18.661955863898857,18.65315946513251,7.8688210196356625,3.579618215560913,0.0
noisy,0047_nonstationary_p20,nonstationary,20.0,19.41193977404226,2.1462342739105225,0.9708073107410488,0.9030935569247814,19.418884904270673,19.41193977404226,11.565832081737332,2.68257737159729,0.0
noisy,0048_nonstationary_p20,nonstationary,20.0,17.684070455692723,2.4398739337921143,0.993223585257786,0.9606239442378696,17.68980354638672,17.684070455692723,11.299677049165387,3.5182559490203857,0.0
noisy,0049_nonstationary_p20,nonstationary,20.0,19.63794151198774,2.2535486221313477,0.983745161167985,0.9402655553530376,19.637496521417297,19.63794151198774,12.546389748982374,3.041320562362671,0.0
noisy,0050_nonstationary_p20,nonstationary,20.0,19.95638027835772,2.2212727069854736,0.9543082488174234,0.7749051446261237,19.933412142479177,19.95638027835772,11.330692813760432,3.108590841293335,0.0
noisy,0051_nonstationary_p20,nonstationary,20.0,19.345658866728115,2.049450397491455,0.9721570655445556,0.8922450883449284,19.348034598096547,19.345658866728115,10.23157805336405,2.718592405319214,0.0
noisy,0052_nonstationary_p20,nonstationary,20.0,19.42847262943146,2.1136298179626465,0.9925346755195203,0.9555006191737137,19.428600057909932,19.42847262943146,12.18634206402058,2.81781005859375,0.0
noisy,0053_nonstationary_p20,nonstationary,20.0,19.92712083760494,2.4466443061828613,0.8926834097112188,0.761313582593799,19.894030750220477,19.92712083760494,12.361080767328144,3.224550247192383,0.0
noisy,0054_nonstationary_p20,nonstationary,20.0,19.970875284813378,2.416109561920166,0.9770723649476228,0.8919065375090683,19.97404979773269,19.970875284813378,15.510756466356346,2.990938901901245,0.0
noisy,0055_nonstationary_p20,nonstationary,20.0,19.91222721786486,2.477938175201416,0.988447972526436,0.9520586391539272,19.89976051912715,19.91222721786486,15.93739329641094,2.974097490310669,0.0
noisy,0056_nonstationary_p20,nonstationary,20.0,19.242760330784034,2.3993849754333496,0.9306322870587634,0.8326283941660162,19.22072108047177,19.242760330784034,15.705909154644624,3.8134090900421143,0.0
noisy,0057_nonstationary_p20,nonstationary,20.0,18.43036430605833,2.027897596359253,0.9937346216182046,0.968151695951105,18.431493124423035,18.43036430605833,9.2845025600816,3.2298178672790527,0.0
noisy,0058_nonstationary_p20,nonstationary,20.0,19.345542428880677,2.7815072536468506,0.9858334418954756,0.9354654446429252,19.35106010775608,19.345542428880677,15.975880436672382,3.3878724575042725,0.0
noisy,0059_nonstationary_p20,nonstationary,20.0,19.3449814833006,1.7528743743896484,0.9562979169453836,0.8848577653244515,19.34652816084832,19.3449814833006,12.409457130469509,2.3304197788238525,0.0
noisy,0060_nonstationary_p25,nonstationary,25.0,24.999964701273388,3.4125590324401855,0.9968077550408408,0.97803889856436,25.00814439133453,24.999964701273388,21.01016605797508,3.947594404220581,0.0
noisy,0061_nonstationary_p25,nonstationary,25.0,24.622180325396172,2.2712960243225098,0.9880632729026632,0.9557502823941482,24.62621991726756,24.622180325396172,15.977243017345632,2.7364978790283203,0.0
noisy,0062_nonstationary_p25,nonstationary,25.0,24.542618867560726,3.0458438396453857,0.9887943837039156,0.9569992949711564,24.542192631198443,24.542618867560726,19.00934385569185,3.88361930847168,0.0
noisy,0063_nonstationary_p25,nonstationary,25.0,22.27009849578328,2.6624245643615723,0.9854186061512392,0.9522450464142764,22.276613947094237,22.27009849578328,13.259849277987266,3.539519786834717,0.0
noisy,0064_nonstationary_p25,nonstationary,25.0,24.260624121414608,2.8541321754455566,0.9817743930628084,0.9468935192618382,24.26211623002451,24.260624121414608,13.858814974456424,3.354221820831299,0.0
noisy,0065_nonstationary_p25,nonstationary,25.0,24.12079535495343,3.18194317817688,0.9938569374362252,0.9822593267092916,24.125393349312535,24.12079535495343,13.28660391053702,3.612150192260742,0.0
noisy,0066_nonstationary_p25,nonstationary,25.0,23.827988647185524,3.7790067195892334,0.9951432730832876,0.9898496657642298,23.82623433688513,23.827988647185524,18.20063583860581,4.209384441375732,0.0
noisy,0067_nonstationary_p25,nonstationary,25.0,24.985416556313172,3.177561044692993,0.9320002907548596,0.8232009525190361,24.911519639034204,24.985416556313172,19.132430757832218,3.627368211746216,0.0
noisy,0068_nonstationary_p25,nonstationary,25.0,23.573363984028713,2.5747978687286377,0.9920168619757912,0.9752177423121224,23.57507357963722,23.573363984028713,10.931959477063648,3.3022303581237793,0.0
noisy,0069_nonstationary_p25,nonstationary,25.0,25.000063152245303,3.62932562828064,0.9534241666649822,0.9225501528548514,24.99804875643983,25.000063152245303,20.787005366308275,4.006192207336426,0.0
noisy,0070_nonstationary_p25,nonstationary,25.0,21.368435170473937,2.5026557445526123,0.9659619646717728,0.8930639201048566,21.365027345355298,21.368435170473937,12.160806182115008,3.2745938301086426,0.0
noisy,0071_nonstationary_p25,nonstationary,25.0,24.956274220691338,3.1328094005584717,0.977382176388222,0.930408462998749,24.95653435593201,24.956274220691338,23.09686854851115,3.6020596027374268,0.0
noisy,0072_nonstationary_p25,nonstationary,25.0,23.750616007892617,3.3199803829193115,0.9865808000788384,0.9245407494196995,23.749641922833757,23.750616007892617,18.04495485758235,3.966472387313843,0.0
noisy,0073_nonstationary_p25,nonstationary,25.0,24.77713068298398,2.972278356552124,0.926102037984634,0.8540535801580813,24.773745415128957,24.77713068298398,21.437913775978963,3.3454408645629883,0.0
noisy,0074_nonstationary_p25,nonstationary,25.0,23.17411738712787,2.366638422012329,0.9908722376300412,0.96798730179791,23.171608451445277,23.17411738712787,14.15584069917999,3.1487996578216553,0.0
noisy,0075_nonstationary_p25,nonstationary,25.0,23.49212122529186,3.425363540649414,0.9770797629254244,0.9310122311775628,23.495185701075023,23.49212122529186,18.149423063869023,3.9292614459991455,0.0
noisy,0076_nonstationary_p25,nonstationary,25.0,22.132428854690616,2.204073190689087,0.9824191175711798,0.9200920457607324,22.13787238395441,22.132428854690616,12.625861818748596,2.974344491958618,0.0
noisy,0077_nonstationary_p25,nonstationary,25.0,23.673169812854567,3.275157928466797,0.9987800455348274,0.9917804868750534,23.68606275898024,23.673169812854567,14.524861758991214,4.088878154754639,0.0
noisy,0078_nonstationary_p25,nonstationary,25.0,21.931411047528627,2.0413196086883545,0.9966302268384972,0.9773560195756948,21.94502834539563,21.931411047528627,9.733141463260369,2.614809274673462,0.0
noisy,0079_nonstationary_p25,nonstationary,25.0,24.50996052314646,3.0607218742370605,0.9828827897302704,0.9147012256078948,24.50847258155573,24.50996052314646,16.92470756839328,3.709950447082519,0.0
noisy,0080_impulsive_p20,impulsive,20.0,18.512771111827647,1.7769486904144287,0.9636020760213924,0.9014242491976138,18.52322416139742,18.512771111827647,15.544504693670534,3.0482523441314697,0.0
noisy,0081_impulsive_p20,impulsive,20.0,19.29430664400164,1.3597406148910522,0.9409210875700488,0.8943814615852145,19.293067088774873,19.29430664400164,17.13430839341092,1.7741572856903076,0.0
noisy,0082_impulsive_p20,impulsive,20.0,19.99987920653809,2.1286697387695312,0.9740982062889572,0.9382654127253076,20.00497385963863,19.99987920653809,26.136061227172263,3.613058567047119,0.0
noisy,0083_impulsive_p20,impulsive,20.0,19.956344781526592,2.3286232948303223,0.9914184532552928,0.9700766114324088,19.97420895336726,19.956344781526592,23.27811221574108,3.871016502380371,0.0
noisy,0084_impulsive_p20,impulsive,20.0,19.526413024096307,2.1848554611206055,0.9630214027686976,0.8881973857199158,19.521770373103625,19.526413024096307,23.98286639929214,3.3151557445526123,0.0
noisy,0085_impulsive_p20,impulsive,20.0,19.82320084507672,2.549147129058838,0.96140739502895,0.9182754551551178,19.824252404620395,19.82320084507672,20.66380013619374,3.63484787940979,0.0
noisy,0086_impulsive_p20,impulsive,20.0,18.827193757709935,2.2002949714660645,0.98703099143524,0.937956392586366,18.8277090495079,18.827193757709935,11.733526631495184,3.079674243927002,0.0
noisy,0087_impulsive_p20,impulsive,20.0,18.958021795971337,2.504420280456543,0.9910435258670178,0.9819087940322444,18.96516146299294,18.958021795971337,25.910706092358403,3.068763017654419,0.0
noisy,0088_impulsive_p20,impulsive,20.0,17.584003493857804,2.2029364109039307,0.9855346072234744,0.9094880462618544,17.57133749374602,17.584003493857804,17.7879860209786,2.952009677886963,0.0
noisy,0089_impulsive_p20,impulsive,20.0,18.692539859604828,3.384713649749756,0.9710003570270402,0.9411437275854968,18.695268171177094,18.692539859604828,23.569462203722125,3.6078076362609863,0.0
noisy,0090_impulsive_p20,impulsive,20.0,20.00005819051685,2.810354471206665,0.9911088918498048,0.9571742754685034,19.97312081397116,20.00005819051685,27.97453771452287,3.81887412071228,0.0
noisy,0091_impulsive_p20,impulsive,20.0,19.99995142861631,2.4070029258728027,0.9304976777596556,0.89405824003404,19.97508212308506,19.99995142861631,24.207111221183116,3.54093074798584,0.0
noisy,0092_impulsive_p20,impulsive,20.0,19.9999570270419,3.0133750438690186,0.97688402963979,0.9184444335837776,20.00237670734117,19.9999570270419,18.69636458504511,3.458277702331543,0.0
noisy,0093_impulsive_p20,impulsive,20.0,19.822703066819543,2.1787233352661133,0.9759828263633992,0.9354512461182076,19.822598892672204,19.822703066819543,23.15109307418614,3.3677315711975098,0.0
noisy,0094_impulsive_p20,impulsive,20.0,18.883888888923615,3.256939172744751,0.9871377121849642,0.9068241371920758,18.892189753943256,18.883888888923615,20.074380371477403,3.7995357513427734,0.0
noisy,0095_impulsive_p20,impulsive,20.0,19.985435988510226,2.590092658996582,0.994282827844555,0.9851567486436564,19.990188786423953,19.985435988510226,29.166934264553056,3.6255156993865967,0.0
noisy,0096_impulsive_p20,impulsive,20.0,16.628019818161906,2.0415725708007812,0.9885616765098324,0.9530419175059724,16.62498813409067,16.628019818161906,18.717084358806407,3.5470502376556396,0.0
noisy,0097_impulsive_p20,impulsive,20.0,19.362437309144493,2.2002198696136475,0.9444002141896848,0.928662017564771,19.362187607486675,19.362437309144493,17.48190665925662,2.9637420177459717,0.0
noisy,0098_impulsive_p20,impulsive,20.0,15.94768026407408,1.1930508613586426,0.91192261139732,0.8626426414470225,15.946929217846066,15.94768026407408,11.831266613999468,1.6999552249908447,0.0
noisy,0099_impulsive_p20,impulsive,20.0,20.000007426978357,3.954046249389648,0.9912965476209068,0.9827296790832006,19.97526783516891,20.000007426978357,32.80965269377261,4.13702917098999,0.0
noisy,0100_impulsive_p25,impulsive,25.0,23.789436722123497,2.5326461791992188,0.983741724043652,0.9354094895706572,23.79321395813812,23.789436722123497,16.8207988432423,3.5454368591308594,0.0
noisy,0101_impulsive_p25,impulsive,25.0,24.085173036949502,2.223257541656494,0.9847932058341532,0.9537639933194298,24.089338245499544,24.085173036949502,19.831066661720044,3.503861904144287,0.0
noisy,0102_impulsive_p25,impulsive,25.0,23.593248615506617,2.63057279586792,0.9058107746392348,0.8722865080805781,23.592902065280686,23.593248615506617,22.957359444349827,3.4179441928863525,0.0
noisy,0103_impulsive_p25,impulsive,25.0,24.912268859650823,3.559248924255371,0.9887502307729036,0.9818972580815948,24.912630740812578,24.912268859650823,27.730828226889123,4.109909534454346,0.0
noisy,0104_impulsive_p25,impulsive,25.0,24.74653699879044,3.346565961837769,0.9935191723626596,0.9790228046605124,24.74886189715583,24.74653699879044,21.24631497509514,3.720707893371582,0.0
noisy,0105_impulsive_p25,impulsive,25.0,24.260233929503627,2.895909070968628,0.9972825329668634,0.9831004946189196,24.265029206482467,24.260233929503627,22.565282505065152,3.694209098815918,0.0
noisy,0106_impulsive_p25,impulsive,25.0,24.6220581602563,3.655179023742676,0.9975957905056264,0.9869045467387246,24.62655884629383,24.6220581602563,26.456042473638956,3.9319052696228023,0.0
noisy,0107_impulsive_p25,impulsive,25.0,24.59041378989087,1.912143588066101,0.978370677884676,0.9237972301431466,24.589750141818843,24.59041378989087,23.31673986618985,3.1104607582092285,0.0
noisy,0108_impulsive_p25,impulsive,25.0,24.999853889803596,4.119194507598877,0.996843932852814,0.9956940206696556,24.9964129363566,24.999853889803596,33.69600676059883,4.148578643798828,0.0
noisy,0109_impulsive_p25,impulsive,25.0,22.853397126840616,2.742199659347534,0.9996519227010572,0.9989584070727332,22.853497856675272,22.853397126840616,24.888332316632063,3.725089073181152,0.0
noisy,0110_impulsive_p25,impulsive,25.0,24.57455953183137,3.019993305206299,0.9974399926041956,0.9852291874724936,24.581273442449895,24.57455953183137,23.67310173423135,3.8548057079315186,0.0
noisy,0111_impulsive_p25,impulsive,25.0,23.82726000035011,3.013767719268799,0.9975331364921484,0.9831478634063692,23.834506919796297,23.82726000035011,17.95024929605054,3.717353820800781,0.0
noisy,0112_impulsive_p25,impulsive,25.0,24.63798651543611,2.9789576530456543,0.994568849742241,0.9867036966530908,24.629233707156786,24.63798651543611,25.146276252677744,3.3254759311676025,0.0
noisy,0113_impulsive_p25,impulsive,25.0,24.68505774162919,2.4030911922454834,0.9981991965111814,0.9925723371326964,24.684980935638464,24.68505774162919,26.3657609205214,3.849908351898194,0.0
noisy,0114_impulsive_p25,impulsive,25.0,19.037102909154036,2.9685332775115967,0.999557923435468,0.9975422672477312,19.037408225573493,19.037102909154036,14.515439117312294,3.402132034301758,0.0
noisy,0115_impulsive_p25,impulsive,25.0,22.40396904806662,2.671396255493164,0.9846058820714236,0.9546239343141992,22.427716943477172,22.40396904806662,22.46644000173415,3.9413580894470215,0.0
noisy,0116_impulsive_p25,impulsive,25.0,24.65423889360339,3.395717144012451,0.990038492703575,0.9599046336817938,24.659192690988917,24.65423889360339,21.78078279431745,4.144776344299316,0.0
noisy,0117_impulsive_p25,impulsive,25.0,24.822615943675768,3.4604005813598633,0.998427454568722,0.9941581491967264,24.82437590041946,24.822615943675768,26.86300894056303,3.907622814178467,0.0
noisy,0118_impulsive_p25,impulsive,25.0,22.900503901080988,3.0596444606781006,0.9930037487783262,0.9770774790079166,22.9058915463243,22.900503901080988,26.00820431118326,3.568495750427246,0.0
noisy,0119_impulsive_p25,impulsive,25.0,24.311472988788147,3.653270959854126,0.9970514550084532,0.9784729037389642,24.30890734678333,24.311472988788147,21.19929449019809,3.942326784133911,0.0
noisy,0120_mixed_p20,mixed,20.0,19.685001304461835,1.9245011806488037,0.946150204139426,0.8893630993597077,19.68594014730125,19.685001304461835,13.627299370854177,3.109605312347412,0.0
noisy,0121_mixed_p20,mixed,20.0,19.956383810321093,1.987383723258972,0.988948007665395,0.9498228658420508,19.94752447843862,19.956383810321093,17.638722910076442,2.78399658203125,0.0
noisy,0122_mixed_p20,mixed,20.0,19.60627709401219,2.408360481262207,0.9699365731481544,0.8779594136607441,19.623138337495178,19.60627709401219,14.04069858240121,3.176008462905884,0.0
noisy,0123_mixed_p20,mixed,20.0,17.43004392417553,2.111984968185425,0.9517396272900452,0.8796922625712338,17.576457817060383,17.43004392417553,8.001061884057846,2.658993721008301,0.0
noisy,0124_mixed_p20,mixed,20.0,20.0000849703309,2.4044644832611084,0.99324345727943,0.9627337515033187,20.14161087741526,20.0000849703309,17.438901667820947,3.450824022293091,0.0
noisy,0125_mixed_p20,mixed,20.0,17.507979423555422,2.6607398986816406,0.9932472572503784,0.968668799077594,17.506126992655517,17.507979423555422,13.933675552871502,3.2305166721343994,0.0
noisy,0126_mixed_p20,mixed,20.0,19.65374468167292,2.1170663833618164,0.9899136574814924,0.9626214541020413,19.637371684208883,19.65374468167292,18.932322942493975,3.191213369369507,0.0
noisy,0127_mixed_p20,mixed,20.0,19.999973770203137,1.4889529943466189,0.972627778589664,0.8992563342920364,20.001843301591784,19.999973770203137,13.037777219341573,2.7948813438415527,0.0
noisy,0128_mixed_p20,mixed,20.0,19.99994551074197,2.748286247253418,0.9816270508368432,0.9458301254828222,19.989722311937783,19.99994551074197,22.031626949073992,3.3045196533203125,0.0
noisy,0129_mixed_p20,mixed,20.0,18.282199352412633,2.7243423461914062,0.8768363637219935,0.8414524825507936,18.296577129769712,18.282199352412633,19.407200355691796,3.167076349258423,0.0
noisy,0130_mixed_p20,mixed,20.0,19.985541557838033,1.924405574798584,0.9656784460556496,0.8977327932214461,19.98716178213613,19.985541557838033,18.114546517693157,3.5124499797821045,0.0
noisy,0131_mixed_p20,mixed,20.0,19.277284085322727,1.8275729417800903,0.9849021100768746,0.9553880271628424,19.28715654676686,19.277284085322727,15.252848190083409,3.1592204570770264,0.0
noisy,0132_mixed_p20,mixed,20.0,19.526495765063043,2.5146751403808594,0.9905941440718172,0.9522195566839188,19.54412005566608,19.526495765063043,15.820567457179044,3.3911800384521484,0.0
noisy,0133_mixed_p20,mixed,20.0,16.931897353071076,2.178290367126465,0.9928166091301098,0.961104158661741,16.939509633707075,16.931897353071076,11.278617586813844,3.1171841621398926,0.0
noisy,0134_mixed_p20,mixed,20.0,19.985475992806187,2.2269198894500732,0.9528444752685856,0.8722468342413628,19.982346054308245,19.985475992806187,14.68345870917781,3.1588871479034424,0.0
noisy,0135_mixed_p20,mixed,20.0,16.872726538591817,1.6191279888153076,0.9698308117198976,0.9477044346076984,16.873196555468827,16.872726538591817,14.35161934022475,3.1055192947387695,0.0
noisy,0136_mixed_p20,mixed,20.0,17.659126031737568,1.6250200271606443,0.9354523034001478,0.7801971640997546,17.63728690772914,17.659126031737568,15.120797470139522,3.000208854675293,0.0
noisy,0137_mixed_p20,mixed,20.0,19.669273433437567,2.048266649246216,0.9640975769618342,0.9119379797845364,19.690305331137942,19.669273433437567,17.890912028452608,3.3459243774414062,0.0
noisy,0138_mixed_p20,mixed,20.0,19.98546643900907,3.7240476608276367,0.961124578928848,0.922629409024642,19.978344876218507,19.98546643900907,20.64333004165675,4.109180450439453,0.0
noisy,0139_mixed_p20,mixed,20.0,19.32829355386935,2.1432993412017822,0.9900384264315284,0.9635446999202318,19.494292126294688,19.32829355386935,12.58286465448204,2.8920328617095947,0.0
noisy,0140_mixed_p25,mixed,25.0,24.882629766274135,3.3443009853363037,0.9437406124690024,0.9093183819477209,24.895437042471546,24.882629766274135,21.662905969436036,3.9373586177825928,0.0
noisy,0141_mixed_p25,mixed,25.0,21.78274941789112,2.7336950302124023,0.9793360901698694,0.9128675282499304,21.788643953904945,21.78274941789112,15.063281608904935,3.386784076690674,0.0
noisy,0142_mixed_p25,mixed,25.0,24.80776772506301,2.673499822616577,0.984061296718685,0.9537095299966803,24.94425359770808,24.80776772506301,18.91110848985921,3.064676523208618,0.0
noisy,0143_mixed_p25,mixed,25.0,24.328121727051393,2.552668571472168,0.9902090258320052,0.9660218818574118,24.341484591524573,24.328121727051393,16.386134919708432,3.4021265506744385,0.0
noisy,0144_mixed_p25,mixed,25.0,23.23919066536086,2.3674042224884033,0.9893727051109577,0.940081384351428,23.24140895175802,23.23919066536086,16.112157964519383,2.826780080795288,0.0
noisy,0145_mixed_p25,mixed,25.0,22.584093028510523,2.9111061096191406,0.9421228094600428,0.9026630880216514,22.601870792754,22.584093028510523,17.90556771171268,3.6068074703216553,0.0
noisy,0146_mixed_p25,mixed,25.0,23.75072453295548,2.4273669719696045,0.9899450018429652,0.945859895873106,23.75533883194845,23.75072453295548,19.97811252234851,2.9268908500671387,0.0
noisy,0147_mixed_p25,mixed,25.0,24.68502151263951,3.556709051132202,0.9896451631200572,0.9629979531779738,24.68461178566273,24.68502151263951,18.58095797866495,4.151044845581055,0.0
noisy,0148_mixed_p25,mixed,25.0,24.82262532724587,3.2196624279022217,0.9869706525580036,0.9711856686360372,24.94316928279624,24.82262532724587,20.605556618526776,3.6095478534698486,0.0
noisy,0149_mixed_p25,mixed,25.0,21.690183124372023,1.6746838092803955,0.9622040737176736,0.9119169030979556,21.831785509973297,21.690183124372023,16.92560586905032,2.569371461868286,0.0
noisy,0150_mixed_p25,mixed,25.0,24.999965027679423,2.490638256072998,0.9759403300732572,0.94210914162034,24.96822711601375,24.999965027679423,27.368232398218836,3.951899766921997,0.0
noisy,0151_mixed_p25,mixed,25.0,24.76214605626149,2.5874133110046387,0.9661487340833204,0.8963752612917674,24.764068124612145,24.76214605626149,17.475800752959803,3.5008137226104736,0.0
noisy,0152_mixed_p25,mixed,25.0,23.957960644152084,2.8284571170806885,0.9943193865262594,0.9733272812747766,23.965888849738345,23.957960644152084,16.996430671493446,3.7252025604248047,0.0
noisy,0153_mixed_p25,mixed,25.0,24.294174893459974,2.63258695602417,0.9486341181445684,0.9155702570018396,24.27068567409829,24.294174893459974,22.74041966441088,3.3576478958129883,0.0
noisy,0154_mixed_p25,mixed,25.0,24.716074461248965,2.923185110092163,0.9519180634940836,0.8946422325935219,24.711641691523244,24.716074461248965,19.77580920158345,3.794969320297241,0.0
noisy,0155_mixed_p25,mixed,25.0,20.984006497491126,2.5128023624420166,0.9935985190020208,0.9780414157859216,20.992003216739153,20.984006497491126,12.539162477861655,2.8101961612701416,0.0
noisy,0156_mixed_p25,mixed,25.0,22.781746225419347,4.146172523498535,0.974245406484932,0.946996627851586,22.78893605092903,22.781746225419347,27.649483554708816,4.243429183959961,0.0
noisy,0157_mixed_p25,mixed,25.0,24.63800758759342,2.5304157733917236,0.9958691255411224,0.9714186040058108,24.63509438025184,24.63800758759342,19.15629372535673,3.1059465408325195,0.0
noisy,0158_mixed_p25,mixed,25.0,22.296924933273523,2.833353042602539,0.9907217214859184,0.9571318361314382,22.295998751733244,22.296924933273523,19.058123728502196,3.3547940254211426,0.0
noisy,0159_mixed_p25,mixed,25.0,23.827362769231954,2.185619592666626,0.990330787530836,0.9721790637232836,23.887232997800535,23.827362769231954,13.98238071044351,3.1966538429260254,0.0
file:dfn3,0000_stationary_p20,stationary,20.0,19.590499313844777,3.466998815536499,0.9866486139852144,0.9657242152059724,20.143964986567624,19.79866658355871,16.044481802901647,3.824211597442627,0.208167269713936
file:dfn3,0001_stationary_p20,stationary,20.0,19.42863866647033,2.7650368213653564,0.9901545784400162,0.9555864014518036,8.564112276825258,9.108086153692009,12.984507609182076,3.6282784938812256,-10.320552512778322
file:dfn3,0002_stationary_p20,stationary,20.0,19.32818536525876,2.926673889160156,0.9916982507315746,0.9612140906716892,21.79869218754686,21.279712807888775,12.97182227521628,3.826005697250366,1.9515274426300169
file:dfn3,0003_stationary_p20,stationary,20.0,19.311354777623183,3.1720330715179443,0.9847151894362676,0.948267732241756,20.40587663940728,19.917975241629257,13.776916176207925,3.6389739513397217,0.6066204640060704
file:dfn3,0004_stationary_p20,stationary,20.0,19.444967101365854,3.5126874446868896,0.9878296636805516,0.9546386957674646,19.5375446189172,19.010589432051404,13.391914937448746,3.71150541305542,-0.4343776693144541
file:dfn3,0005_stationary_p20,stationary,20.0,19.06714267914146,3.0126421451568604,0.9608966394016064,0.9362303283317928,23.97890349804571,23.544473115492337,16.109542122794497,3.674280166625977,4.477330436350876
file:dfn3,0006_stationary_p20,stationary,20.0,20.00001274993647,2.4974799156188965,0.9692714616580296,0.9363185566094784,14.174509496753288,14.199147468495868,15.632039284745671,3.571178436279297,-5.800865281440602
file:dfn3,0007_stationary_p20,stationary,20.0,17.27047489519429,3.0395748615264893,0.9938922293180128,0.9722057359324956,20.757817562582808,20.213836180186707,11.533638532370556,3.8177340030670166,2.9433612849924167
file:dfn3,0008_stationary_p20,stationary,20.0,19.606440770855578,3.4843711853027344,0.9900998573603036,0.9646396425383248,21.389062914274625,20.995008216027458,15.439533952564434,3.7787697315216064,1.38856744517188
file:dfn3,0009_stationary_p20,stationary,20.0,19.99989383420887,3.513397693634033,0.9723066488468504,0.9348145450439912,20.096735073042833,18.87024835138828,13.821761174604145,4.0888824462890625,-1.1296454828205889
file:dfn3,0010_stationary_p20,stationary,20.0,19.86760317019796,3.475787401199341,0.9935951765928904,0.9766199496987228,21.08018856653128,20.707528085601933,15.593076483209346,3.93373441696167,0.839924915403973
file:dfn3,0011_stationary_p20,stationary,20.0,19.190847769968823,2.9902632236480713,0.974051395810406,0.923736752908273,12.96033507928822,7.985664995851938,6.149137324024776,3.534531593322754,-11.205182774116889
file:dfn3,0012_stationary_p20,stationary,20.0,19.89750678187765,3.129532814025879,0.98451906274706,0.934543769076524,22.01480264919157,21.501690548492626,16.401741606596715,3.596554756164551,1.6041837666149767
file:dfn3,0013_stationary_p20,stationary,20.0,18.38834413445744,2.933372974395752,0.9710486654246788,0.929225999555662,18.43925732318012,17.226433347358615,12.185622483597305,3.8054733276367183,-1.161910787098826
file:dfn3,0014_stationary_p20,stationary,20.0,19.328475519327597,3.730828046798706,0.9783860536009504,0.9560644626036836,20.517169289097367,20.225589468569535,15.887907440910071,4.172540187835693,0.8971139492419411
file:dfn3,0015_stationary_p20,stationary,20.0,19.084931326602764,3.376805543899536,0.9840963679446104,0.9613164394884316,22.728275909032497,22.19749502218591,13.761879425459645,3.751816749572754,3.112563695583148
file:dfn3,0016_stationary_p20,stationary,20.0,19.99999916436265,2.8998727798461914,0.9597877525450046,0.8888677729414998,20.515391216891206,19.629569977734928,13.797863441908484,3.504348039627075,-0.3704291866277209
file:dfn3,0017_stationary_p20,stationary,20.0,19.52621175626332,2.945000171661377,0.9749758412735836,0.9341546493675372,22.711553713882186,21.840062266787537,15.730057397439031,3.526694059371948,2.313850510524219
file:dfn3,0018_stationary_p20,stationary,20.0,19.51018400884375,2.52663516998291,0.9466059121446778,0.8460826512550548,14.942062032328074,12.871762514364535,9.268357866197093,3.47767972946167,-6.638421494479214
file:dfn3,0019_stationary_p20,stationary,20.0,18.6925014886986,2.812619209289551,0.9677988102834204,0.911158851836774,18.663988004844597,18.07153796936721,12.346119500585749,3.5875158309936523,-0.62096351933139
file:dfn3,0020_stationary_p25,stationary,25.0,24.89747306016209,3.417755126953125,0.9876398166103444,0.9519430453179092,22.155683708194587,21.041271337885696,16.012213526307477,3.930528402328491,-3.856201722276392
file:dfn3,0021_stationary_p25,stationary,25.0,22.104013195208772,2.955941677093506,0.9869724052915928,0.963728007035452,22.878684170396152,22.54661967834018,16.82290021237842,3.749631404876709,0.4426064831314065
file:dfn3,0022_stationary_p25,stationary,25.0,22.90060218464625,2.8631060123443604,0.9930315178878696,0.977041048655531,23.598785173078163,23.18911961920311,15.953336276971797,3.938753128051758,0.2885174345568622
file:dfn3,0023_stationary_p25,stationary,25.0,23.65353607043209,3.3237051963806152,0.9802706131379876,0.9681424152571676,23.595334236852853,22.968650457461525,15.001126797859053,3.7119462490081783,-0.6848856129705645
file:dfn3,0024_stationary_p25,stationary,25.0,22.55853430131149,2.629387140274048,0.9802299552985888,0.9368971629881592,17.888255035649813,17.331037000276204,14.66029340813395,3.0535037517547607,-5.227497301035282
file:dfn3,0025_stationary_p25,stationary,25.0,23.195566753867706,3.225815534591675,0.9758407505898244,0.9367895709069868,21.88825041092686,21.608097709303895,13.966041016459824,3.4889512062072754,-1.587469044563807
file:dfn3,0026_stationary_p25,stationary,25.0,22.634619766468585,3.1595540046691895,0.99205023950684,0.9662034392423384,20.102661211709663,19.796903070134377,13.18507869869927,3.829951047897339,-2.8377166963342084
file:dfn3,0027_stationary_p25,stationary,25.0,23.80843411807629,2.4546804428100586,0.9138949326404244,0.8261725744982665,24.925968299625257,24.156516216349555,15.020270173763963,3.176778793334961,0.3480820982732666
file:dfn3,0028_stationary_p25,stationary,25.0,24.543503099785127,3.585777997970581,0.9898823280110356,0.9713231874334612,17.34296314225853,17.107595045507388,10.940234699255829,4.14317512512207,-7.435908054277739
file:dfn3,0029_stationary_p25,stationary,25.0,24.411634915604505,2.8419389724731445,0.9456409994050128,0.8684959465717161,19.330004025687725,19.288579410354533,14.75245336404998,3.5064210891723633,-5.123055505249969
file:dfn3,0030_stationary_p25,stationary,25.0,23.593937658970976,3.1796600818634033,0.9952111291688984,0.9824688893083257,14.103615858021609,14.158236258565488,14.31913391009184,3.93399977684021,-9.435701400405488
file:dfn3,0031_stationary_p25,stationary,25.0,24.445051666087178,3.4691784381866455,0.9916381255336104,0.9659500259705228,22.74040580882088,21.44497303690293,14.838778890054584,4.062534809112549,-3.0000786291842445
file:dfn3,0032_stationary_p25,stationary,25.0,24.94158684190475,3.5370302200317383,0.9773179721395244,0.9403808134093224,15.758075221868408,15.502708371146934,14.478618588266144,3.916246175765991,-9.438878470757816
file:dfn3,0033_stationary_p25,stationary,25.0,23.016474741327546,2.7816569805145264,0.988187218799634,0.923902388417258,20.556176341412808,19.909828407758177,15.296466028429029,3.640507936477661,-3.1066463335693655
file:dfn3,0034_stationary_p25,stationary,25.0,23.994827557712327,2.7628233432769775,0.9949883698464542,0.9774930194985362,21.29778754828914,20.8903313251491,12.50969168397097,3.395650625228882,-3.1044962325632284
file:dfn3,0035_stationary_p25,stationary,25.0,22.70845078986839,1.9434505701065063,0.9442438490660066,0.9138093821010984,14.814423351321192,14.39125580464583,15.00582494635789,2.4064295291900635,-8.317194985222564
file:dfn3,0036_stationary_p25,stationary,25.0,24.8528587581856,3.4391379356384277,0.9898588401253926,0.9769258899246932,25.06337749521471,24.422412799485453,20.31732190972009,3.827709913253784,-0.4304459587001474
file:dfn3,0037_stationary_p25,stationary,25.0,24.941714885602693,3.2332465648651123,0.9409566121459884,0.8903323338638912,19.993267193918307,18.977215470723,14.884373463936544,3.5721540451049805,-5.964499414879693
file:dfn3,0038_stationary_p25,stationary,25.0,23.12916094714685,2.674116373062134,0.9778567553226056,0.9384504103877142,18.1653721497054,16.82683325039796,12.223243414780567,3.374347686767578,-6.30232769674889
file:dfn3,0039_stationary_p25,stationary,25.0,24.99992158930692,3.0183873176574707,0.9821845738540718,0.9622842688050668,12.762169512702554,12.348987915270282,10.165406712538136,3.894095897674561,-12.65093367403664
file:dfn3,0040_nonstationary_p20,nonstationary,20.0,19.31113708092044,2.5346360206604004,0.9724513477194262,0.9026554161455684,20.705411330877247,20.60977764169369,15.942064597281044,3.413879871368408,1.2986405607732436
file:dfn3,0041_nonstationary_p20,nonstationary,20.0,18.92094720744911,2.8728818893432617,0.9271360184195272,0.8763081527004976,17.342320120012516,16.627571046998636,11.864018580543444,3.8280999660491943,-2.293376160450478
file:dfn3,0042_nonstationary_p20,nonstationary,20.0,19.8528072822391,4.024486064910889,0.994764260202429,0.9829409226432833,22.85582368536243,22.480642802283135,19.60302129273759,4.2736430168151855,2.6278355200440338
file:dfn3,0043_nonstationary_p20,nonstationary,20.0,19.88267112177935,3.674643039703369,0.9921709622385024,0.973219932085605,21.70111447773533,21.303912800851084,16.754852506434496,3.8719723224639897,1.4212416790717342
file:dfn3,0044_nonstationary_p20,nonstationary,20.0,19.55856095264547,2.9130566120147705,0.979217334561302,0.9375438720817896,14.857509934425956,14.696586355828646,13.35004665245973,3.6840991973876953,-4.861974596816822
file:dfn3,0045_nonstationary_p20,nonstationary,20.0,19.99995950112753,3.1315722465515137,0.9674074734659264,0.9180408482538908,20.734294590195994,20.273222531108516,14.711986347461226,3.829561233520508,0.2732630299809848
file:dfn3,0046_nonstationary_p20,nonstationary,20.0,18.65315946513251,3.594557046890259,0.9931334078491928,0.9732313085174216,23.935062374285444,23.095370383969435,12.547331881796966,4.021275997161865,4.442210918836924
file:dfn3,0047_nonstationary_p20,nonstationary,20.0,19.41193977404226,3.036137104034424,0.9803725935787666,0.9373691649064988,21.07204335930799,20.63795963630533,14.0144825915752,3.69087553024292,1.226019862263069
file:dfn3,0048_nonstationary_p20,nonstationary,20.0,17.684070455692723,2.7824361324310303,0.9942817762100224,0.9767172372542704,22.379546697310456,21.96368527421629,13.84687377728486,3.735753536224365,4.279614818523566
file:dfn3,0049_nonstationary_p20,nonstationary,20.0,19.63794151198774,3.219974994659424,0.9863646194912156,0.959352379226378,21.076463791184963,20.65508562988341,13.735540042786372,3.915127754211426,1.0171441178956684
file:dfn3,0050_nonstationary_p20,nonstationary,20.0,19.95638027835772,2.8255341053009033,0.9528549233088104,0.8817196651889724,16.64295378665218,16.407737994577136,14.483436430579497,3.458463191986084,-3.548642283780584
file:dfn3,0051_nonstationary_p20,nonstationary,20.0,19.345658866728115,2.9684557914733887,0.9820365176350764,0.9469984008589476,18.19996744450104,17.77470888468871,11.922713382101213,3.6311347484588623,-1.570949982039405
file:dfn3,0052_nonstationary_p20,nonstationary,20.0,19.42847262943146,3.154818534851074,0.9921519571498906,0.983607338615244,15.62210989413068,15.40983740337541,15.8418049941971,3.52417516708374,-4.01863522605605
file:dfn3,0053_nonstationary_p20,nonstationary,20.0,19.92712083760494,2.705209732055664,0.895157780981148,0.8107356787731075,16.38206109209839,16.278853599956197,12.05685246761634,3.81758713722229,-3.648267237648742
file:dfn3,0054_nonstationary_p20,nonstationary,20.0,19.970875284813378,2.8280351161956787,0.9798536089526224,0.9502080053879828,11.946604184961338,11.814424973765604,14.401270188084643,3.755360364913941,-8.156450311047774
file:dfn3,0055_nonstationary_p20,nonstationary,20.0,19.91222721786486,3.701201677322388,0.9909194854287484,0.9755300177777256,19.652904498074747,19.37523589422612,16.42977704116244,3.945157289505005,-0.5369913236387376
file:dfn3,0056_nonstationary_p20,nonstationary,20.0,19.242760330784034,2.6047003269195557,0.9395734465357928,0.8777495365161688,13.841629149277656,13.631956676173107,8.64188823802736,3.8672690391540527,-5.610803654610926
file:dfn3,0057_nonstationary_p20,nonstationary,20.0,18.43036430605833,2.8557846546173096,0.9913080283801994,0.9740558817599272,12.2638151876178,11.338608886470736,11.26206362438136,3.6169912815093994,-7.091755419587594
file:dfn3,0058_nonstationary_p20,nonstationary,20.0,19.345542428880677,3.0731465816497803,0.9830833191921036,0.9510236270069908,18.158801886007396,17.643309719941765,13.899544410064266,3.7325282096862793,-1.7022327089389115
file:dfn3,0059_nonstationary_p20,nonstationary,20.0,19.3449814833006,3.084826707839966,0.9745573653697216,0.9456004764870208,19.3264224044942,18.80294540747412,13.709739071920913,3.672178506851196,-0.5420360758264806
file:dfn3,0060_nonstationary_p25,nonstationary,25.0,24.999964701273388,3.5232980251312256,0.994784115601133,0.9800932510389484,17.3233950760225,17.13716873513115,14.184062112228464,4.180325984954834,-7.862795966142237
file:dfn3,0061_nonstationary_p25,nonstationary,25.0,24.622180325396172,3.376218795776367,0.9735098038835206,0.9236425283005782,22.468832222409056,21.494744243690104,15.20019344808703,3.8792519569396977,-3.127436081706069
file:dfn3,0062_nonstationary_p25,nonstationary,25.0,24.542618867560726,3.5378031730651855,0.9885771229022488,0.9582766993241714,24.65930905078464,23.664838325525736,16.45586033288211,4.122307300567627,-0.8777805420349907
file:dfn3,0063_nonstationary_p25,nonstationary,25.0,22.27009849578328,3.4115262031555176,0.9909144644717488,0.973615692697198,26.89417041831486,25.697189056060942,16.69526503611107,4.147054195404053,3.4270905602776622
file:dfn3,0064_nonstationary_p25,nonstationary,25.0,24.260624121414608,3.159609794616699,0.9797000798215548,0.9516285695417436,22.585907367928485,21.64310742238999,13.079963276536429,3.73262357711792,-2.6175166990246197
file:dfn3,0065_nonstationary_p25,nonstationary,25.0,24.12079535495343,3.5141305923461914,0.9915102578787404,0.9807760805621794,24.758571339735724,24.128731349345564,15.50010932922379,4.1708269119262695,0.0079359943921346
file:dfn3,0066_nonstationary_p25,nonstationary,25.0,23.827988647185524,3.2382330894470215,0.9942091237220172,0.979243647453786,22.470774910924852,22.058765875177503,15.714540116421263,3.957682847976685,-1.7692227720080211
file:dfn3,0067_nonstationary_p25,nonstationary,25.0,24.985416556313172,3.34602427482605,0.939350825773562,0.8510413077652108,18.099937190537094,17.91632485180951,17.407424130716215,3.8659353256225586,-7.069091704503663
file:dfn3,0068_nonstationary_p25,nonstationary,25.0,23.573363984028713,2.648956060409546,0.988017399949136,0.9651590173748236,20.551191703066365,20.20085896584526,12.332644295622885,3.680888175964355,-3.3725050181834533
file:dfn3,0069_nonstationary_p25,nonstationary,25.0,25.000063152245303,3.15869665145874,0.9406555097234974,0.9201484218039456,17.52986975122046,17.378315100734525,15.367686915859473,3.8798086643218994,-7.621748051510778
file:dfn3,0070_nonstationary_p25,nonstationary,25.0,21.368435170473937,2.392767906188965,0.9770644297587324,0.9360753203869848,21.907226057038297,21.564400257545017,13.84752786372688,3.356837511062622,0.1959650870710803
file:dfn3,0071_nonstationary_p25,nonstationary,25.0,24.956274220691338,3.7543740272521977,0.978337016918457,0.9509992199660068,14.865505970027607,14.904807901439652,11.289671460610537,4.065433502197266,-10.051466319251686
file:dfn3,0072_nonstationary_p25,nonstationary,25.0,23.750616007892617,2.344724416732788,0.9297874672579168,0.8372719394988696,8.051186924301867,8.548273930383594,9.166623195613523,2.735043525695801,-15.202342077509025
file:dfn3,0073_nonstationary_p25,nonstationary,25.0,24.77713068298398,3.0465781688690186,0.9145139026271538,0.8586099361824016,16.659477112832537,16.49699108332651,12.047855881794822,3.7290408611297607,-8.28013959965747
file:dfn3,0074_nonstationary_p25,nonstationary,25.0,23.17411738712787,3.406071662902832,0.991346717728206,0.976785535455496,23.330624304918068,22.172252360801288,14.4678318461046,4.05157995223999,-1.0018650263265805
file:dfn3,0075_nonstationary_p25,nonstationary,25.0,23.49212122529186,3.025350332260132,0.9768429881480104,0.9224014913214588,19.66003164161588,19.302989187667343,14.676885573103668,3.756734132766723,-4.189132037624518
file:dfn3,0076_nonstationary_p25,nonstationary,25.0,22.132428854690616,2.6162872314453125,0.9762656190329784,0.9306337394971104,16.314901610960163,14.67437164475336,10.246994222155015,3.6499922275543217,-7.458057209937257
file:dfn3,0077_nonstationary_p25,nonstationary,25.0,23.673169812854567,3.660614490509033,0.9893588923249949,0.977743537043399,16.919232814899182,16.83092174752518,14.980518239141178,4.291680812835693,-6.842248065329386
file:dfn3,0078_nonstationary_p25,nonstationary,25.0,21.931411047528627,2.139674186706543,0.9936877668362716,0.9692655701672256,18.061868687035435,17.646466066066168,11.109785775997484,3.5526626110076904,-4.284944981462459
file:dfn3,0079_nonstationary_p25,nonstationary,25.0,24.50996052314646,3.64184045791626,0.9900368105275816,0.9478576013976044,25.035365390347625,23.801610810780552,16.65930114729821,3.989732265472412,-0.7083497123659086
file:dfn3,0080_impulsive_p20,impulsive,20.0,18.512771111827647,2.732719659805298,0.9803874315144268,0.955336535551188,23.250149128672803,22.66917199881234,18.16331117579408,3.5068154335021973,4.156400886984695
file:dfn3,0081_impulsive_p20,impulsive,20.0,19.29430664400164,2.900752305984497,0.9744810893719468,0.9507477416418162,20.695729512491443,20.28845475875834,17.139785915178617,3.4056742191314697,0.9941481147567012
file:dfn3,0082_impulsive_p20,impulsive,20.0,19.99987920653809,3.293525457382202,0.9779218844333571,0.9705953203072254,18.139285248763215,17.774388577872532,15.76483881396404,3.8774120807647705,-2.2254906286655576
file:dfn3,0083_impulsive_p20,impulsive,20.0,19.956344781526592,3.3979125022888184,0.9925183961297956,0.9784737319924636,20.11757860220374,20.10308960359252,15.677959377542726,4.089164733886719,0.1467448220659264
file:dfn3,0084_impulsive_p20,impulsive,20.0,19.526413024096307,3.0808041095733643,0.9762002559119471,0.9226049081308492,22.69099183876452,22.254357973419495,20.389893523930738,3.742211103439331,2.727944949323188
file:dfn3,0085_impulsive_p20,impulsive,20.0,19.82320084507672,2.624325752258301,0.9644223670727808,0.91346854641451,18.906666403449663,18.514809826540017,12.404763938215163,3.595937013626098,-1.3083910185367031
file:dfn3,0086_impulsive_p20,impulsive,20.0,18.827193757709935,3.339907169342041,0.9937424474315052,0.9746648581397664,23.548781999140655,22.992457731865382,13.935137199723163,3.8274459838867183,4.165263974155451
file:dfn3,0087_impulsive_p20,impulsive,20.0,18.958021795971337,3.059135913848877,0.9901548671878976,0.9666156777071124,19.93549535560783,19.78250952052584,17.14076938137616,3.578056573867798,0.8244877245545048
file:dfn3,0088_impulsive_p20,impulsive,20.0,17.584003493857804,2.5829432010650635,0.9737054757875844,0.9190158740561444,16.751235395536945,16.23884995290536,13.33030533513716,3.007359027862549,-1.345153540952445
file:dfn3,0089_impulsive_p20,impulsive,20.0,18.692539859604828,3.0792675018310547,0.9778353936592892,0.9436555027245868,18.725804389988863,18.29569362699003,17.610345874982272,3.635665893554687,-0.3968462326147985
file:dfn3,0090_impulsive_p20,impulsive,20.0,20.00005819051685,2.65088152885437,0.9834996098519418,0.962300362242722,23.058407866615344,22.13393643724349,20.564925481839044,3.5716419219970703,2.133878246726642
file:dfn3,0091_impulsive_p20,impulsive,20.0,19.99995142861631,3.0787787437438965,0.9580831426895488,0.9084729483114816,17.64578598970146,16.93187377965507,15.101599461316654,3.8835413455963135,-3.068077648961239
file:dfn3,0092_impulsive_p20,impulsive,20.0,19.9999570270419,2.7904794216156006,0.975132912850628,0.9312490466338196,16.588643958584562,16.465972334014026,13.602107346864235,3.5322139263153076,-3.5339846930278753
file:dfn3,0093_impulsive_p20,impulsive,20.0,19.822703066819543,2.848013401031494,0.974945483239919,0.939941993650794,14.305583484099357,14.31882738764858,16.747364170681227,3.806224822998047,-5.5038756791709655
file:dfn3,0094_impulsive_p20,impulsive,20.0,18.883888888923615,3.707757234573364,0.9957532260338856,0.9728828850813852,17.584023141236575,17.48188281634265,16.734146983208035,4.147347450256348,-1.402006072580967
file:dfn3,0095_impulsive_p20,impulsive,20.0,19.985435988510226,3.455364227294922,0.9970720163822916,0.993897334974208,22.556087150438128,22.20200785090064,21.242909345157308,3.9684340953826904,2.216571862390414
file:dfn3,0096_impulsive_p20,impulsive,20.0,16.628019818161906,1.3309082984924316,0.9620343878440176,0.7902859493644903,14.36320546574998,14.416623259412289,11.215019318376632,2.3616788387298584,-2.211396558749618
file:dfn3,0097_impulsive_p20,impulsive,20.0,19.362437309144493,2.881484031677246,0.9568334342374596,0.9211664991151914,20.435331703443932,19.622022848695487,11.92146761362355,3.668742418289185,0.2595855395509936
file:dfn3,0098_impulsive_p20,impulsive,20.0,15.94768026407408,2.7570831775665283,0.9620706567784386,0.934637109428851,22.833215848425667,22.536695228580346,14.759199130951073,3.206068515777588,6.589014964506266
file:dfn3,0099_impulsive_p20,impulsive,20.0,20.000007426978357,3.77058219909668,0.9821742718845152,0.96357429720666,17.332139971088047,16.591355182264973,12.671992593506218,4.185309886932373,-3.408652244713384
file:dfn3,0100_impulsive_p25,impulsive,25.0,23.789436722123497,3.277352809906006,0.989038919882958,0.9686350729761416,10.031460233113256,10.324017387834116,14.681318926057765,3.6265759468078618,-13.465419334289376
file:dfn3,0101_impulsive_p25,impulsive,25.0,24.085173036949502,3.4700489044189453,0.9932160693871084,0.9842580715191908,15.500714612397893,15.499188478331448,11.73953211505202,4.1843156814575195,-8.585984558618058
file:dfn3,0102_impulsive_p25,impulsive,25.0,23.593248615506617,2.4504098892211914,0.9210976816851534,0.8645095959204403,16.140584998443586,15.613084797339685,12.800093645524948,3.534667491912842,-7.980163818166929
file:dfn3,0103_impulsive_p25,impulsive,25.0,24.912268859650823,3.2173595428466797,0.9487742660797212,0.9389730786364088,23.097329693065383,22.356403068395423,15.835483897826956,3.9034769535064697,-2.555865791255396
file:dfn3,0104_impulsive_p25,impulsive,25.0,24.74653699879044,3.4491636753082275,0.9939958153161356,0.9803738660297676,23.867858786639804,23.411893214860275,18.780135764880967,3.812462568283081,-1.334643783930165
file:dfn3,0105_impulsive_p25,impulsive,25.0,24.260233929503627,2.988776683807373,0.9972573368687324,0.9863761115119776,23.907251050125097,23.394720509229103,19.419951449686497,3.727778911590576,-0.8655134202745209
file:dfn3,0106_impulsive_p25,impulsive,25.0,24.6220581602563,3.406069040298462,0.9956982514441438,0.9855614028526002,19.116983189448845,18.12793681974351,16.2491407881521,4.0583271980285645,-6.494121340512791
file:dfn3,0107_impulsive_p25,impulsive,25.0,24.59041378989087,3.217237949371338,0.9848717466571922,0.9736435992016458,20.62201676308031,19.99661496668716,19.375836700611515,3.624342918395996,-4.593798823203713
file:dfn3,0108_impulsive_p25,impulsive,25.0,24.999853889803596,4.317776679992676,0.9924201982633728,0.9875095888892278,20.233298981486563,19.863990829957245,17.34988538587565,4.348151683807373,-5.135863059846351
file:dfn3,0109_impulsive_p25,impulsive,25.0,22.853397126840616,3.168773412704468,0.999572919840883,0.9989868166332242,26.987230318087796,25.952820669298085,23.417494344031223,3.819582462310791,3.099423542457469
file:dfn3,0110_impulsive_p25,impulsive,25.0,24.57455953183137,3.656603574752808,0.9969075779843176,0.9898045699915604,23.357427386620884,23.01080958546649,20.144645198341156,4.132970809936523,-1.563749946364883
file:dfn3,0111_impulsive_p25,impulsive,25.0,23.82726000035011,3.268674373626709,0.997448114915074,0.9888396047744552,22.84235630686812,22.28310686371263,16.108917960549608,3.948851585388184,-1.5441531366374797
file:dfn3,0112_impulsive_p25,impulsive,25.0,24.63798651543611,3.1889288425445557,0.9953803728176456,0.9843244151252856,24.636139884717892,23.997170187754328,20.230201534478475,3.6010568141937256,-0.6408163276817831
file:dfn3,0113_impulsive_p25,impulsive,25.0,24.68505774162919,3.2572484016418457,0.9988067898333296,0.9952674209240718,26.79009217511346,26.023032409379837,23.6951278029731,3.8763887882232666,1.3379746677506468
file:dfn3,0114_impulsive_p25,impulsive,25.0,19.037102909154036,3.1178879737854004,0.9993550508445496,0.9972158647036858,22.15802184044504,20.62423549602221,13.077100971713923,3.578559160232544,1.5871325868681725
file:dfn3,0115_impulsive_p25,impulsive,25.0,22.40396904806662,2.35662841796875,0.984847840587308,0.9562410791390636,15.857841441609002,12.601507507277567,11.219718097282108,3.671306848526001,-9.802461540789052
file:dfn3,0116_impulsive_p25,impulsive,25.0,24.65423889360339,3.090815544128418,0.9684476727612948,0.9164632378633052,16.777332792559708,13.277817987255114,9.814820339170543,3.8475303649902344,-11.376420906348278
file:dfn3,0117_impulsive_p25,impulsive,25.0,24.822615943675768,3.50827956199646,0.9981627427194396,0.9936481876613994,24.104753926156523,23.673357456895168,22.659495265940176,3.918795585632324,-1.1492584867805995
file:dfn3,0118_impulsive_p25,impulsive,25.0,22.900503901080988,3.0133848190307617,0.996026489062352,0.9805367351737072,25.52165960209453,24.57302273944628,20.69038564073753,3.5049962997436523,1.672518838365292
file:dfn3,0119_impulsive_p25,impulsive,25.0,24.311472988788147,3.601653814315796,0.9964183368092868,0.9855293709575386,20.487065531172245,19.28637751427259,16.295907656295984,3.9791297912597656,-5.025095474515556
file:dfn3,0120_mixed_p20,mixed,20.0,19.685001304461835,3.024773359298706,0.9533063256888414,0.8922585173951982,15.657342502374137,15.160119103785854,11.850302244113829,3.631275415420532,-4.524882200675981
file:dfn3,0121_mixed_p20,mixed,20.0,19.956383810321093,3.3396871089935303,0.992236313751435,0.9714499097182784,21.43448442994347,21.230904244432253,18.854364749012856,3.78925108909607,1.2745204341111602
file:dfn3,0122_mixed_p20,mixed,20.0,19.60627709401219,3.0109479427337646,0.9793362419128006,0.939175438582054,18.080512871977767,17.47385390583922,14.139598361332313,3.6183016300201416,-2.132423188172968
file:dfn3,0123_mixed_p20,mixed,20.0,17.43004392417553,2.442798376083374,0.9559068859229698,0.9046043883618192,20.533283602749737,19.643363053608557,10.362139112204751,3.2492995262145996,2.213319129433028
file:dfn3,0124_mixed_p20,mixed,20.0,20.0000849703309,3.3724167346954346,0.9940543905113955,0.9798968085903828,22.64794227441677,21.811135738666664,17.496387584858773,3.9027485847473145,1.8110507683357648
file:dfn3,0125_mixed_p20,mixed,20.0,17.507979423555422,2.9360382556915283,0.9823881387498342,0.9565896361165522,19.765534864999783,18.99797419023391,13.346764358141009,3.554637670516968,1.489994766678489
file:dfn3,0126_mixed_p20,mixed,20.0,19.65374468167292,3.346893787384033,0.9920972812154732,0.969021562005808,20.10748665553055,19.973963641879013,17.823505035891145,3.805283308029175,0.3202189602060912
file:dfn3,0127_mixed_p20,mixed,20.0,19.999973770203137,2.1045379638671875,0.979753058226764,0.9294790709213472,16.070174303837202,12.486228300723042,10.03103750276632,3.556589126586914,-7.513745469480096
file:dfn3,0128_mixed_p20,mixed,20.0,19.99994551074197,3.2085611820220947,0.979308326919082,0.9565608889586864,19.85400428385731,18.87277831368451,15.792327310986602,3.6895980834960938,-1.1271671970574602
file:dfn3,0129_mixed_p20,mixed,20.0,18.282199352412633,2.0181734561920166,0.8922823924001353,0.80612781161736,15.656493341081712,15.512020008140947,9.194345149244256,2.816436290740967,-2.7701793442716856
file:dfn3,0130_mixed_p20,mixed,20.0,19.985541557838033,3.1624631881713867,0.9650036425654944,0.9156089162281764,19.96036835668535,19.814569180599392,13.60080425342733,3.748537540435791,-0.1709723772386411
file:dfn3,0131_mixed_p20,mixed,20.0,19.277284085322727,3.388753890991211,0.9891954769057932,0.9680390491808472,23.42209356357194,22.44000157207417,16.778706211971826,3.764799118041992,3.1627174867514434
file:dfn3,0132_mixed_p20,mixed,20.0,19.526495765063043,3.1374382972717285,0.9924136084791798,0.967770458663764,18.689110933132188,17.859704856727117,14.652807383362456,3.752035140991211,-1.6667909083359262
file:dfn3,0133_mixed_p20,mixed,20.0,16.931897353071076,2.4322845935821533,0.9838948884990446,0.96047079565426,15.566777013560838,14.741579082471874,12.042997298523588,3.2766199111938477,-2.1903182705992013
file:dfn3,0134_mixed_p20,mixed,20.0,19.985475992806187,3.4037017822265625,0.9683497256714888,0.8897043302791496,18.750175995368952,17.84237052148226,13.198663094737446,3.878581762313843,-2.1431054713239277
file:dfn3,0135_mixed_p20,mixed,20.0,16.872726538591817,3.0126025676727295,0.9733075722995548,0.9486480614177936,24.045597361772067,23.408308014212334,15.973295362449846,3.756810426712036,6.535581475620518
file:dfn3,0136_mixed_p20,mixed,20.0,17.659126031737568,2.006619453430176,0.9300259326542488,0.8278194679091417,13.032105391754026,12.906485415670776,8.156160371201596,2.834747076034546,-4.752640616066792
file:dfn3,0137_mixed_p20,mixed,20.0,19.669273433437567,3.3812813758850098,0.983937927730238,0.9410344094612548,18.32734529801435,18.148602570139904,16.484794189470833,3.864051580429077,-1.5206708632976635
file:dfn3,0138_mixed_p20,mixed,20.0,19.98546643900907,3.639180183410645,0.958417925396453,0.9254030833518668,15.839182880240452,15.84083326182373,15.471970393162298,4.1672892570495605,-4.144633177185339
file:dfn3,0139_mixed_p20,mixed,20.0,19.32829355386935,2.2701539993286133,0.9777239075640076,0.9559169642407306,15.803656787900412,15.630268927276727,13.319311054827084,3.1583712100982666,-3.698024626592627
file:dfn3,0140_mixed_p25,mixed,25.0,24.882629766274135,3.4727907180786133,0.9419840982955374,0.9126740890708276,23.39565615858192,22.925902143763764,17.38788085107295,3.948661804199219,-1.9567276225103711
file:dfn3,0141_mixed_p25,mixed,25.0,21.78274941789112,2.268606662750244,0.982850879361302,0.9168657660262785,13.7306504969282,13.809170077265646,13.145721419913448,3.0573947429656982,-7.973579340625475
file:dfn3,0142_mixed_p25,mixed,25.0,24.80776772506301,3.988274812698364,0.9878514999946466,0.9698285327692174,23.273529291156343,22.889963575810658,18.235501858862424,4.112145900726318,-1.9178041492523512
file:dfn3,0143_mixed_p25,mixed,25.0,24.328121727051393,3.6149091720581055,0.990142434739302,0.976926234619404,18.60704817530296,14.4142453854007,11.822904154396456,4.044958591461182,-9.913876341650694
file:dfn3,0144_mixed_p25,mixed,25.0,23.23919066536086,3.1414129734039307,0.9839114177604094,0.977117551449731,18.08820897118531,17.547486524727763,17.279964034013364,3.63395619392395,-5.691704140633096
file:dfn3,0145_mixed_p25,mixed,25.0,22.584093028510523,3.007920503616333,0.9343418516861528,0.9001845185023785,20.097646436928787,19.364381842293938,13.364206230113693,3.8316357135772705,-3.219711186216589
file:dfn3,0146_mixed_p25,mixed,25.0,23.75072453295548,3.215337038040161,0.989715714787994,0.9552171583810812,21.51801587695148,21.062417827430103,17.61039939225871,3.549309253692627,-2.6883067055253775
file:dfn3,0147_mixed_p25,mixed,25.0,24.68502151263951,3.709891796112061,0.9785193670127288,0.9448655903736688,16.8290211174943,15.8045976819583,12.524373412920983,4.125889301300049,-8.88042383068121
file:dfn3,0148_mixed_p25,mixed,25.0,24.82262532724587,2.8778769969940186,0.9725043103158426,0.9456611100173636,23.74656706137003,22.95259788821079,17.617801218493415,3.404045343399048,-1.8700274390350808
file:dfn3,0149_mixed_p25,mixed,25.0,21.690183124372023,2.672376871109009,0.9860923377903652,0.943269569538865,23.638845719033327,23.47385976265093,15.314740691713231,3.6180624961853023,1.7836766382789089
file:dfn3,0150_mixed_p25,mixed,25.0,24.999965027679423,2.7292933464050293,0.9564770554976312,0.9303664475247112,16.878906149222853,16.52723666009496,15.4652369789684,3.7945616245269775,-8.472728367584462
file:dfn3,0151_mixed_p25,mixed,25.0,24.76214605626149,2.641458749771118,0.9669621566338604,0.91052674510475,14.782945977394744,14.703664616818584,14.386015792063068,3.2414705753326416,-10.058481439442904
file:dfn3,0152_mixed_p25,mixed,25.0,23.957960644152084,3.016563653945923,0.9932526481094076,0.9748473940996204,23.05132889182594,22.3782716679684,16.0730418228061,4.017890930175781,-1.579688976183686
file:dfn3,0153_mixed_p25,mixed,25.0,24.294174893459974,2.977688789367676,0.9598925703628436,0.9113267072238944,24.097915640339927,23.227541624273215,19.379649625884248,3.483027458190918,-1.066633269186763
file:dfn3,0154_mixed_p25,mixed,25.0,24.716074461248965,3.0825579166412354,0.9560930769072934,0.8962120521166205,17.111954104156027,16.929633519343227,16.888138046372227,3.952279806137085,-7.786440941905738
file:dfn3,0155_mixed_p25,mixed,25.0,20.984006497491126,3.672959566116333,0.9957338995445124,0.9885174242868582,26.73838998163145,25.91277890008172,12.81155776154278,4.052557945251465,4.928772402590596
file:dfn3,0156_mixed_p25,mixed,25.0,22.781746225419347,2.9742298126220703,0.9259967707999892,0.8746917817192709,18.666911127369737,18.459348088777535,13.68849638628479,3.820368766784668,-4.322398136641812
file:dfn3,0157_mixed_p25,mixed,25.0,24.63800758759342,3.781452178955078,0.9957707148517396,0.980853768449415,25.34714926042674,24.574045857448866,19.29885625532541,4.0902299880981445,-0.0639617301445589
file:dfn3,0158_mixed_p25,mixed,25.0,22.296924933273523,2.8638877868652344,0.9925725148362056,0.9697005698778915,21.552327435741084,21.029058201888155,17.413763999754327,3.55141019821167,-1.267866731385368
file:dfn3,0159_mixed_p25,mixed,25.0,23.827362769231954,2.9372878074645996,0.9867416928750208,0.9695893174926944,18.47093207838804,18.05227200880201,13.926895255285997,3.713211059570313,-5.7750907604299435
dancnet:ll,0000_stationary_p20,stationary,20.0,19.590499313844777,3.727159976959229,0.991234531553543,0.9763069227069197,21.96927241052116,20.84592404257835,16.87061349221687,3.919074296951294,1.2554247287335762
dancnet:ll,0001_stationary_p20,stationary,20.0,19.42863866647033,3.688719749450683,0.9933800641334656,0.965980220481076,23.468474765007397,22.613573823836344,13.595820007611389,4.147840976715088,3.184935157366013
dancnet:ll,0002_stationary_p20,stationary,20.0,19.32818536525876,3.389846086502075,0.9910501261051544,0.9656624229911768,22.265240813131264,20.411366088384376,12.954907912414727,3.94903302192688,1.0831807231256183
dancnet:ll,0003_stationary_p20,stationary,20.0,19.311354777623183,3.439100980758667,0.988442072342944,0.9506893742520452,21.828179132810902,20.25645538767926,14.03216420154334,3.79176664352417,0.9451006100560768
dancnet:ll,0004_stationary_p20,stationary,20.0,19.444967101365854,3.544763565063477,0.9879193639879212,0.9570721779392792,19.910789823045388,19.18867951896827,13.696493001634328,3.9020280838012695,-0.2562875823975865
dancnet:ll,0005_stationary_p20,stationary,20.0,19.06714267914146,3.257485628128052,0.9682166588902948,0.9413322555703706,24.403655781533892,20.523979882676947,13.108058886144766,3.823439121246338,1.4568372035354855
dancnet:ll,0006_stationary_p20,stationary,20.0,20.00001274993647,3.41830062866211,0.9802349799109732,0.940530529485862,19.847910939946672,19.029956152503512,16.864231516192522,3.9741947650909424,-0.9700565974329578
dancnet:ll,0007_stationary_p20,stationary,20.0,17.27047489519429,3.2914950847625732,0.9950152244092694,0.9772477872872398,22.330738459143184,20.459136044033,11.249498583910675,3.7441036701202393,3.188661148838712
dancnet:ll,0008_stationary_p20,stationary,20.0,19.606440770855578,3.565819263458252,0.9905177101345036,0.9673278624467307,21.977968174969625,20.668455556174298,14.922323263292071,3.953594923019409,1.0620147853187234
dancnet:ll,0009_stationary_p20,stationary,20.0,19.99989383420887,3.492544412612915,0.970450290465392,0.9226367734119876,22.599873571805823,21.4439362093545,15.335809454953878,4.097965717315674,1.4440423751456315
dancnet:ll,0010_stationary_p20,stationary,20.0,19.86760317019796,3.4834208488464355,0.9937772582305504,0.9748777758245968,21.381807623905615,20.263207891860535,15.355480931120011,3.883753538131714,0.3956047216625755
dancnet:ll,0011_stationary_p20,stationary,20.0,19.190847769968823,3.3407537937164307,0.9851931105690168,0.9484133743748192,24.219156862669102,22.139568135128755,14.471021740328723,3.834099769592285,2.9487203651599287
dancnet:ll,0012_stationary_p20,stationary,20.0,19.89750678187765,3.424027919769287,0.9822514524087824,0.936918058783586,22.903757310675633,21.33221840765532,16.435397382655193,3.632685422897339,1.4347116257776733
dancnet:ll,0013_stationary_p20,stationary,20.0,18.38834413445744,3.5846214294433594,0.9712729092331112,0.9309543073707548,21.513785335970553,20.24527177871617,12.701548687228655,3.997407913208008,1.8569276442587253
dancnet:ll,0014_stationary_p20,stationary,20.0,19.328475519327597,3.89937162399292,0.9777663713353512,0.9535772395414212,24.638246643682777,23.34543005959184,17.476643668350018,4.198194980621338,4.016954540264241
dancnet:ll,0015_stationary_p20,stationary,20.0,19.084931326602764,3.308544635772705,0.984605359348526,0.9610673768120904,22.426993974448003,20.476019417331553,13.565281816175789,3.737648725509643,1.3910880907287897
dancnet:ll,0016_stationary_p20,stationary,20.0,19.99999916436265,3.453096866607666,0.962176030341306,0.8857033038121565,21.75576289718524,20.10123976160557,14.392955986691437,3.814500093460083,0.1012405972429206
dancnet:ll,0017_stationary_p20,stationary,20.0,19.52621175626332,3.2277395725250244,0.9821764447918866,0.947291155957048,23.78983497000803,21.293835705019188,15.012642471398516,3.720297336578369,1.767623948755869
dancnet:ll,0018_stationary_p20,stationary,20.0,19.51018400884375,3.679173231124878,0.962014575905796,0.8858177985338309,21.88543832129131,20.302711957702996,11.617804038757727,4.06133508682251,0.7925279488592452
dancnet:ll,0019_stationary_p20,stationary,20.0,18.6925014886986,3.2297472953796387,0.9820033530763248,0.9477720864543242,23.435314474083935,21.431763677295493,13.278902017751692,3.7720093727111816,2.739262188596893
dancnet:ll,0020_stationary_p25,stationary,25.0,24.89747306016209,3.852234125137329,0.9897703252141432,0.9623458779385464,23.57510910422748,21.689100468451045,16.5512625631021,4.049930572509766,-3.2083725917110435
dancnet:ll,0021_stationary_p25,stationary,25.0,22.104013195208772,3.74784517288208,0.9886221934558144,0.9677002615919308,23.840217712650244,21.70817097781804,16.191497442614303,3.898033142089844,-0.395842217390733
dancnet:ll,0022_stationary_p25,stationary,25.0,22.90060218464625,3.622317314147949,0.9929681104349664,0.97891352649241,25.711933461936603,23.38972091671788,17.773970650576995,4.231523513793945,0.4891187320716312
dancnet:ll,0023_stationary_p25,stationary,25.0,23.65353607043209,3.811826944351196,0.9908358654217252,0.982295091267352,26.418426513272628,22.38046925131327,14.3297418673545,4.1246771812438965,-1.2730668191188208
dancnet:ll,0024_stationary_p25,stationary,25.0,22.55853430131149,3.4534687995910645,0.9925888425319744,0.9466233722213436,22.68721334925405,21.87445690215762,17.967200761550906,4.0778117179870605,-0.6840773991538676
dancnet:ll,0025_stationary_p25,stationary,25.0,23.195566753867706,3.2648496627807617,0.9774960357832492,0.9418578219107672,21.885570378074114,20.690595366962935,14.851052034703011,3.5558133125305176,-2.5049713869047707
dancnet:ll,0026_stationary_p25,stationary,25.0,22.634619766468585,3.7023568153381343,0.9945310627609538,0.9751619049454764,25.584656597771456,23.507510182229552,13.083882276130364,4.1111063957214355,0.8728904157609669
dancnet:ll,0027_stationary_p25,stationary,25.0,23.80843411807629,2.978407859802246,0.908613860218522,0.8183388037692694,26.524344821171734,23.20570514804653,14.554879371787507,3.4842793941497803,-0.6027289700297622
dancnet:ll,0028_stationary_p25,stationary,25.0,24.543503099785127,3.880369901657105,0.9911533636430347,0.9718689462386988,22.438021958933643,21.70489581692894,16.15082062958109,4.223523139953613,-2.838607282856188
dancnet:ll,0029_stationary_p25,stationary,25.0,24.411634915604505,3.8687777519226074,0.9685445583583694,0.9188214944959326,24.734655605240217,23.94053166409076,19.28361406813774,4.0875749588012695,-0.4711032515137425
dancnet:ll,0030_stationary_p25,stationary,25.0,23.593937658970976,3.5273497104644775,0.9969390654347484,0.9849799717663384,23.788312534586822,22.666925850765516,15.613618821547927,3.988415002822876,-0.92701180820546
dancnet:ll,0031_stationary_p25,stationary,25.0,24.445051666087178,3.460507392883301,0.99032335071357,0.9643697903450238,21.823965761290935,20.502385860000057,14.855355084724428,3.9200339317321777,-3.942665806087117
dancnet:ll,0032_stationary_p25,stationary,25.0,24.94158684190475,3.9387030601501465,0.9850943470621122,0.9535183213984372,18.862881000245352,18.838948126817503,16.27038006279566,4.241333484649658,-6.102638715087245
dancnet:ll,0033_stationary_p25,stationary,25.0,23.016474741327546,3.5025763511657715,0.9904159116350362,0.9426829507108742,22.548253029973708,21.53562537346322,17.145476839038732,4.015603542327881,-1.480849367864323
dancnet:ll,0034_stationary_p25,stationary,25.0,23.994827557712327,3.815415859222412,0.9950439511538254,0.9798784113567636,25.877045156472896,22.93395758994507,13.417551723406508,4.149966239929199,-1.0608699677672568
dancnet:ll,0035_stationary_p25,stationary,25.0,22.70845078986839,3.3552777767181396,0.988745183533238,0.9697720587808862,22.269841522901213,21.35428488429565,18.923478904726572,3.751986265182495,-1.3541659055727422
dancnet:ll,0036_stationary_p25,stationary,25.0,24.8528587581856,3.636525869369507,0.9901162994210844,0.9751775766370944,24.405638020906743,22.72360301656244,18.95761829975966,3.921180725097656,-2.1292557416231617
dancnet:ll,0037_stationary_p25,stationary,25.0,24.941714885602693,3.833585500717163,0.9601036990348836,0.9227766747961142,22.937078712213253,21.640627529913004,16.24771244499453,4.017116546630859,-3.3010873556896883
dancnet:ll,0038_stationary_p25,stationary,25.0,23.12916094714685,2.9258127212524414,0.9791818976351968,0.9406728923987792,22.89615795371697,20.492626402176228,13.254432657685562,3.561532497406006,-2.6365345449706226
dancnet:ll,0039_stationary_p25,stationary,25.0,24.99992158930692,3.2863354682922363,0.9892288293730808,0.9716358767234262,13.854450930396434,13.514569428985688,10.800251774861133,4.13954496383667,-11.485352160321234
dancnet:ll,0040_nonstationary_p20,nonstationary,20.0,19.31113708092044,3.4247331619262695,0.977400022889672,0.926736650779474,23.69217549900612,21.9905265401875,17.240388357344163,3.7560884952545166,2.679389459267057
dancnet:ll,0041_nonstationary_p20,nonstationary,20.0,18.92094720744911,3.348088026046753,0.9604952212542832,0.8811981957337692,19.47141490531367,18.406610263732844,12.289910143953996,3.898480176925659,-0.5143369437162697
dancnet:ll,0042_nonstationary_p20,nonstationary,20.0,19.8528072822391,3.9848034381866455,0.9946470679857452,0.9825289359999833,24.3223937421377,21.90701349098557,18.460550252716292,4.222470283508301,2.0542062087464643
dancnet:ll,0043_nonstationary_p20,nonstationary,20.0,19.88267112177935,3.6774752140045166,0.9902044141051072,0.9723618331990668,23.47811947772228,22.07639240180208,17.30339082386971,3.8473422527313232,2.193721280022732
dancnet:ll,0044_nonstationary_p20,nonstationary,20.0,19.55856095264547,3.139307737350464,0.9855232198193185,0.9422625358380842,22.11498556052768,20.480217530817356,13.415236833371049,3.615328311920166,0.9216565781718876
dancnet:ll,0045_nonstationary_p20,nonstationary,20.0,19.99995950112753,3.5013463497161865,0.9806327309676546,0.941200592115955,20.28000583583953,19.416997628357592,16.240302627914378,3.836461305618286,-0.582961872769939
dancnet:ll,0046_nonstationary_p20,nonstationary,20.0,18.65315946513251,3.687018394470215,0.9925547649117008,0.9715569764982804,24.128471279384204,22.038541327935537,10.545202860885787,4.161775588989258,3.385381862803026
dancnet:ll,0047_nonstationary_p20,nonstationary,20.0,19.41193977404226,3.285280704498291,0.9788090396474662,0.9312898279102964,22.233238838595742,20.434628416279885,13.789725144120135,3.7308809757232666,1.0226886422376251
dancnet:ll,0048_nonstationary_p20,nonstationary,20.0,17.684070455692723,2.8539512157440186,0.9908479176316696,0.9627216010493423,15.98537759751506,15.732174059476447,13.551503588864,3.543426275253296,-1.9518963962162752
dancnet:ll,0049_nonstationary_p20,nonstationary,20.0,19.63794151198774,3.0943310260772705,0.9857382280827692,0.9630919290746064,22.808229166731792,20.72853907907703,14.129054201774329,3.5853183269500732,1.0905975670892936
dancnet:ll,0050_nonstationary_p20,nonstationary,20.0,19.95638027835772,3.7976226806640625,0.9776629970607886,0.9529820697342096,19.59124043221603,19.02203944487259,20.008867405867456,3.998356819152832,-0.9343408334851304
dancnet:ll,0051_nonstationary_p20,nonstationary,20.0,19.345658866728115,3.137076616287231,0.9814810978937352,0.9432518649841184,21.714354485402183,20.394128387859396,13.395217537638098,3.6164517402648926,1.0484695211312811
dancnet:ll,0052_nonstationary_p20,nonstationary,20.0,19.42847262943146,3.9841537475585938,0.9942212976548092,0.9879025571016252,21.746669665148563,21.188724144425024,17.997560623337606,4.057955265045166,1.7602515149935627
dancnet:ll,0053_nonstationary_p20,nonstationary,20.0,19.92712083760494,3.5094244480133057,0.9236461835813424,0.8522074830510304,21.36394214401555,20.12751430860974,13.424929030299904,4.0615763664245605,0.2003934710048014
dancnet:ll,0054_nonstationary_p20,nonstationary,20.0,19.970875284813378,4.170538902282715,0.9920869161336524,0.9740079400611584,22.741724024189885,22.666267846467264,20.04856462857388,4.235383033752441,2.695392561653886
dancnet:ll,0055_nonstationary_p20,nonstationary,20.0,19.91222721786486,3.746294498443603,0.9917215299469864,0.9768699076655728,20.702910804370273,19.676573706878976,16.399201038832995,4.036037921905518,-0.2356535109858839
dancnet:ll,0056_nonstationary_p20,nonstationary,20.0,19.242760330784034,3.0516622066497803,0.9472368516176854,0.8840760959698261,15.07743336288902,14.69073760597492,9.217069418214164,4.098739147186279,-4.552022724809113
dancnet:ll,0057_nonstationary_p20,nonstationary,20.0,18.43036430605833,2.8076374530792236,0.9947787350208024,0.9794730418490304,23.455232605125214,21.0343975089172,12.31751583786079,3.6998257637023926,2.6040332028588686
dancnet:ll,0058_nonstationary_p20,nonstationary,20.0,19.345542428880677,3.65801739692688,0.9914217857738242,0.9680825023629752,21.6629551024742,20.426262164343395,16.216229663603198,3.9583659172058105,1.0807197354627185
dancnet:ll,0059_nonstationary_p20,nonstationary,20.0,19.3449814833006,3.1499409675598145,0.9747360748185953,0.9465106985813528,22.22111588461798,20.310704960197334,13.601990568481764,3.6128084659576416,0.9657234768967378
dancnet:ll,0060_nonstationary_p25,nonstationary,25.0,24.999964701273388,3.9865429401397705,0.9959269914543846,0.9813325521843734,21.8574083867229,21.1680117565763,17.82023358160309,4.199853897094727,-3.8319529446970897
dancnet:ll,0061_nonstationary_p25,nonstationary,25.0,24.622180325396172,3.5755012035369873,0.9780588636457336,0.9375896108286232,24.256430089605775,21.817036621528967,15.443197408914456,3.9446184635162354,-2.8051437038672056
dancnet:ll,0062_nonstationary_p25,nonstationary,25.0,24.542618867560726,3.462343454360962,0.9897948308477752,0.9613285233061752,24.225760442941947,22.949315291549063,16.9204351663978,3.984659194946289,-1.5933035760116638
dancnet:ll,0063_nonstationary_p25,nonstationary,25.0,22.27009849578328,3.4609789848327637,0.9906958263611624,0.9751867377522228,27.902595026541505,22.386927305443688,15.101312076211492,4.0262532234191895,0.1168288096604079
dancnet:ll,0064_nonstationary_p25,nonstationary,25.0,24.260624121414608,3.556203603744507,0.9870888542723936,0.9686159676842564,24.174750448254976,22.979908375587836,14.397979277677535,3.97249436378479,-1.2807157458267715
dancnet:ll,0065_nonstationary_p25,nonstationary,25.0,24.12079535495343,3.8349883556365967,0.9933648220378104,0.9853062998414108,24.822898648375418,22.789270556476247,13.66673833033538,4.190072536468506,-1.331524798477183
dancnet:ll,0066_nonstationary_p25,nonstationary,25.0,23.827988647185524,4.072314262390137,0.9961301487997468,0.9903523781803232,22.571187831447375,21.967781463393948,16.009183415022765,4.284603118896484,-1.8602071837915768
dancnet:ll,0067_nonstationary_p25,nonstationary,25.0,24.985416556313172,3.708616018295288,0.938427359841124,0.8493716514003419,23.131060278651923,22.076761535980314,17.727017637299387,4.045007228851318,-2.9086550203328585
dancnet:ll,0068_nonstationary_p25,nonstationary,25.0,23.573363984028713,3.55179214477539,0.9918490135036506,0.9737415117579884,25.871853027625846,22.258695715258515,12.015213756622536,4.147017955780029,-1.3146682687701985
dancnet:ll,0069_nonstationary_p25,nonstationary,25.0,25.000063152245303,4.081214904785156,0.9488757215302136,0.9265349749218976,23.9353016285341,22.97866385580597,19.577509264233132,4.193535804748535,-2.021399296439334
dancnet:ll,0070_nonstationary_p25,nonstationary,25.0,21.368435170473937,3.4301724433898926,0.9846256563949468,0.9519242058061732,27.756641374851977,21.950218764521704,14.133670023244711,3.936745166778565,0.5817835940477671
dancnet:ll,0071_nonstationary_p25,nonstationary,25.0,24.956274220691338,4.051681041717529,0.982734512086648,0.958064460880152,25.618585358786973,24.985128434193577,20.202453063894986,4.213370323181152,0.0288542135022389
dancnet:ll,0072_nonstationary_p25,nonstationary,25.0,23.750616007892617,3.693989753723145,0.9861696894979088,0.9383799571404348,14.866087878289038,14.920977057316644,12.38302561783563,4.170981407165527,-8.829638950575974
dancnet:ll,0073_nonstationary_p25,nonstationary,25.0,24.77713068298398,3.9513015747070312,0.9335259009149384,0.8972933676501239,17.044894236930666,16.826048556363773,13.3007190723006,4.153059005737305,-7.951082126620207
dancnet:ll,0074_nonstationary_p25,nonstationary,25.0,23.17411738712787,3.4875314235687256,0.9913351568000788,0.9767428200552764,23.31666970361899,21.02061077969696,13.440743518631848,4.12153959274292,-2.1535066074309093
dancnet:ll,0075_nonstationary_p25,nonstationary,25.0,23.49212122529186,4.155206203460693,0.9853033968926208,0.9505776436611268,22.87897538213877,21.538601681225025,15.86792631411164,4.310715675354004,-1.953519544066836
dancnet:ll,0076_nonstationary_p25,nonstationary,25.0,22.132428854690616,2.902716875076294,0.9855309789553496,0.9467421675246496,21.457324508440657,20.110559191144297,12.37888676830381,3.8023619651794434,-2.0218696635463225
dancnet:ll,0077_nonstationary_p25,nonstationary,25.0,23.673169812854567,3.8410816192626953,0.995814828964391,0.9860228986508002,23.551830684662352,22.70814413908988,15.989585618192333,4.324405193328857,-0.9650256737646856
dancnet:ll,0078_nonstationary_p25,nonstationary,25.0,21.931411047528627,3.1420936584472656,0.9973559863677988,0.9838425112141586,25.2735411307553,21.921200696470855,11.078869453062998,3.596502780914306,-0.010210351057772
dancnet:ll,0079_nonstationary_p25,nonstationary,25.0,24.50996052314646,4.3947319984436035,0.9942348179594118,0.9726977354063752,26.79500880401774,24.614194173335967,19.95935212481964,4.383176803588867,0.1042336501895064
dancnet:ll,0080_impulsive_p20,impulsive,20.0,18.512771111827647,3.247983694076538,0.9859272244274998,0.9630816769090894,25.181676843126574,23.037894741451822,17.31057613106071,3.776512622833252,4.525123629624176
dancnet:ll,0081_impulsive_p20,impulsive,20.0,19.29430664400164,3.0974602699279785,0.9857029855893612,0.969344633568909,24.37979415244534,22.208932151487907,17.734545195257287,3.361167907714844,2.9146255074862673
dancnet:ll,0082_impulsive_p20,impulsive,20.0,19.99987920653809,3.7085986137390137,0.9844655709793356,0.9765551849940624,22.41044097014405,21.33069071032562,20.901119424216873,4.04171895980835,1.3308115037875297
dancnet:ll,0083_impulsive_p20,impulsive,20.0,19.956344781526592,3.4824483394622803,0.9943477771438102,0.984600297705242,21.01715230565043,19.795189457892693,15.97071746591535,4.252362251281738,-0.1611553236338991
dancnet:ll,0084_impulsive_p20,impulsive,20.0,19.526413024096307,3.2740442752838135,0.9831650963046348,0.9463426369025264,21.67200600157875,20.52545951590033,19.245030650503985,3.6421327590942383,0.9990464918040232
dancnet:ll,0085_impulsive_p20,impulsive,20.0,19.82320084507672,3.5796656608581543,0.9842566976934748,0.9498792518138172,22.08238667389237,20.290652332407905,15.16933301270495,3.947275876998902,0.4674514873311821
dancnet:ll,0086_impulsive_p20,impulsive,20.0,18.827193757709935,3.7860231399536137,0.9939229765445852,0.9784781397321576,24.25187471707264,22.064302123084783,13.848936137438647,4.114491939544678,3.2371083653748514
dancnet:ll,0087_impulsive_p20,impulsive,20.0,18.958021795971337,3.107656717300415,0.9914087319502172,0.9829586657386654,20.09780131833264,19.318265044519364,19.44266020791655,3.5746560096740723,0.3602432485480271
dancnet:ll,0088_impulsive_p20,impulsive,20.0,17.584003493857804,3.3673758506774902,0.9884359336610395,0.9433971892776276,20.349099342411986,19.61223323236752,16.907705055618383,3.8390543460845943,2.028229738509715
dancnet:ll,0089_impulsive_p20,impulsive,20.0,18.692539859604828,4.227019309997559,0.993416017548056,0.9781983480014846,26.55737132234137,22.956172326637795,17.54666613510185,4.237152576446533,4.263632467032966
dancnet:ll,0090_impulsive_p20,impulsive,20.0,20.00005819051685,3.83711576461792,0.9911895272822244,0.9742978992732084,24.545229685777315,22.711713602000884,20.018787453120044,4.235466003417969,2.7116554114840348
dancnet:ll,0091_impulsive_p20,impulsive,20.0,19.99995142861631,3.668191432952881,0.9608758323841424,0.9329866587296688,24.32335521080954,22.553962586614624,18.894366680613224,4.1601881980896,2.554011157998314
dancnet:ll,0092_impulsive_p20,impulsive,20.0,19.9999570270419,3.7939682006835938,0.9900444089932218,0.9525874762565912,22.17366333656306,21.268550483406724,18.283974427323155,4.01476526260376,1.2685934563648225
dancnet:ll,0093_impulsive_p20,impulsive,20.0,19.822703066819543,3.6191000938415527,0.9889638949087456,0.9733691044120818,17.996295144860643,17.338180749074507,17.815018933221715,4.023329734802246,-2.4845223177450393
dancnet:ll,0094_impulsive_p20,impulsive,20.0,18.883888888923615,3.9733710289001465,0.997663959536988,0.9861410516443578,23.967361117244504,22.58295125547085,19.75121004629511,4.31110143661499,3.699062366547228
dancnet:ll,0095_impulsive_p20,impulsive,20.0,19.985435988510226,3.970675230026245,0.997572399649568,0.994220438797698,23.016712003815112,21.68049434502372,20.913159858387136,4.067798137664795,1.6950583565134956
dancnet:ll,0096_impulsive_p20,impulsive,20.0,16.628019818161906,3.537452936172486,0.9936268575917134,0.973672475180628,22.521388233842178,20.77870498171077,18.195530620148737,3.876551389694214,4.150685163548864
dancnet:ll,0097_impulsive_p20,impulsive,20.0,19.362437309144493,2.9141845703125,0.963904784097354,0.9499645250784078,21.81889248995837,20.833736848425637,14.95190038579898,3.573740243911743,1.4712995392811443
dancnet:ll,0098_impulsive_p20,impulsive,20.0,15.94768026407408,2.371251106262207,0.9713580001987064,0.9457386194929146,24.86440172576854,20.895608979113803,13.501310291548725,3.4321086406707764,4.947928715039723
dancnet:ll,0099_impulsive_p20,impulsive,20.0,20.000007426978357,4.078286170959473,0.9905204279825672,0.9816033780652912,20.42418510068899,19.819129204254725,20.06911213948587,4.261481761932373,-0.1808782227236314
dancnet:ll,0100_impulsive_p25,impulsive,25.0,23.789436722123497,3.852627277374267,0.9925608499734716,0.9762014942618458,25.921581816023295,23.53270725049608,16.710075297817607,4.136270999908447,-0.2567294716274126
dancnet:ll,0101_impulsive_p25,impulsive,25.0,24.085173036949502,3.486759662628174,0.9914818157861882,0.9828999467210549,16.03564975735496,15.57805599357807,12.910821113333045,4.156457424163818,-8.507117043371435
dancnet:ll,0102_impulsive_p25,impulsive,25.0,23.593248615506617,3.291900634765625,0.9163279201652256,0.8765555752910724,22.095563190632884,21.501554128749724,18.357617270250017,3.7322092056274414,-2.0916944867568894
dancnet:ll,0103_impulsive_p25,impulsive,25.0,24.912268859650823,3.8526649475097656,0.9789034739956892,0.9641405000609556,27.5533450049244,23.807700360879693,18.57333877105435,4.0520710945129395,-1.1045684987711295
dancnet:ll,0104_impulsive_p25,impulsive,25.0,24.74653699879044,3.7055087089538574,0.9962345888758032,0.9867384501035708,25.089969280305844,23.5667497114958,18.19702024955294,4.123550891876221,-1.1797872872946409
dancnet:ll,0105_impulsive_p25,impulsive,25.0,24.260233929503627,3.7816662788391113,0.9977003286602945,0.9930939062165972,25.18398935965838,23.5488301091498,19.854566156585623,4.1320343017578125,-0.7114038203538264
dancnet:ll,0106_impulsive_p25,impulsive,25.0,24.6220581602563,3.996381282806397,0.9976749357121406,0.9908793259427454,24.980393782371777,23.51433904827266,20.3870081174402,4.237017631530762,-1.1077191119836414
dancnet:ll,0107_impulsive_p25,impulsive,25.0,24.59041378989087,3.819159746170044,0.9926214494629636,0.980058534622852,24.970452061644608,22.77191697763655,19.204748628109613,4.022143363952637,-1.8184968122543204
dancnet:ll,0108_impulsive_p25,impulsive,25.0,24.999853889803596,4.270058631896973,0.9929755200063256,0.9872070746402172,18.22702776173859,17.96935474607882,14.09383390739013,4.4322333335876465,-7.030499143724775
dancnet:ll,0109_impulsive_p25,impulsive,25.0,22.853397126840616,3.8762574195861816,0.9993245540556088,0.9985563307132332,27.56663524851053,24.341857505606303,20.694107304650373,4.084445476531982,1.4884603787656872
dancnet:ll,0110_impulsive_p25,impulsive,25.0,24.57455953183137,3.9146246910095215,0.9970710100777842,0.9906071989267866,24.06341872430568,22.076434983859684,17.931994743239283,4.282943248748779,-2.4981245479716847
dancnet:ll,0111_impulsive_p25,impulsive,25.0,23.82726000035011,3.8980906009674072,0.9977214643701436,0.9892876684144368,26.373231538741777,23.231208444589974,16.295862478988216,4.174921035766602,-0.5960515557601305
dancnet:ll,0112_impulsive_p25,impulsive,25.0,24.63798651543611,3.350537061691284,0.9950215944849096,0.986640180211682,23.23377321824106,21.169146284458385,19.862156949771325,3.5783839225769043,-3.468840230977726
dancnet:ll,0113_impulsive_p25,impulsive,25.0,24.68505774162919,4.139226913452148,0.999087820889886,0.997535804610466,28.44739665644779,24.733574350349556,21.77051950458784,4.209707260131836,0.0485166087203658
dancnet:ll,0114_impulsive_p25,impulsive,25.0,19.037102909154036,3.943775177001953,0.998981338059603,0.9947501762396784,27.62945475955899,24.6811460012802,14.02900328292208,4.150623798370361,5.644043092126164
dancnet:ll,0115_impulsive_p25,impulsive,25.0,22.40396904806662,3.235109567642212,0.9893915386540556,0.967616012125035,26.509036486915804,23.17916703616079,19.543621118997365,4.107880115509033,0.7751979880941704
dancnet:ll,0116_impulsive_p25,impulsive,25.0,24.65423889360339,3.5110843181610107,0.9791836663341592,0.9386379396206918,23.495843503435356,22.022322542536447,15.969416513732886,3.9761829376220703,-2.6319163510669448
dancnet:ll,0117_impulsive_p25,impulsive,25.0,24.822615943675768,3.8740174770355225,0.9978566547293816,0.9935495348225304,25.7623372388756,24.260019563591733,22.9291618816836,4.089486122131348,-0.5625963800840346
dancnet:ll,0118_impulsive_p25,impulsive,25.0,22.900503901080988,3.6149964332580566,0.9950657495087992,0.979667352262342,25.46961256873616,24.190734235561045,20.248308826693876,3.7987351417541504,1.2902303344800572
dancnet:ll,0119_impulsive_p25,impulsive,25.0,24.311472988788147,4.097676753997803,0.9979416182777484,0.9914824989362766,25.617313340775645,23.6310780717703,18.621275268928585,4.273154258728027,-0.6803949170178463
dancnet:ll,0120_mixed_p20,mixed,20.0,19.685001304461835,3.338958263397217,0.956827043454324,0.8995633904309434,18.998996007647236,18.09720652076688,13.750226457785004,3.5568032264709473,-1.5877947836949566
dancnet:ll,0121_mixed_p20,mixed,20.0,19.956383810321093,3.4914097785949707,0.9914226228974444,0.968789824393086,21.145957861475363,19.900488461096455,17.668849716850787,3.889540195465088,-0.0558953492246381
dancnet:ll,0122_mixed_p20,mixed,20.0,19.60627709401219,3.398683547973633,0.9828693951393406,0.9535608389080348,20.976233561071975,20.229878889263183,16.082541295371495,3.9416604042053223,0.6236017952509947
dancnet:ll,0123_mixed_p20,mixed,20.0,17.43004392417553,2.7602133750915527,0.9627111390556649,0.9236839557338966,21.926033879547063,19.975942128527063,10.00777439316919,3.5527243614196777,2.5458982043515377
dancnet:ll,0124_mixed_p20,mixed,20.0,20.0000849703309,3.4128212928771973,0.9963187134592268,0.9838496904660422,24.457219418745876,22.206851871567828,17.869548950408372,3.9686527252197266,2.2067669012369286
dancnet:ll,0125_mixed_p20,mixed,20.0,17.507979423555422,3.3039145469665527,0.9899147577235224,0.9703450622277968,24.406980440442,23.50983344557911,14.664304576821316,3.816829681396485,6.001854022023686
dancnet:ll,0126_mixed_p20,mixed,20.0,19.65374468167292,3.9190468788146977,0.9927060960771694,0.9795929360279306,21.282984294820608,19.959612191782988,17.401846073925263,4.187648773193359,0.3058675101100654
dancnet:ll,0127_mixed_p20,mixed,20.0,19.999973770203137,2.6210851669311523,0.9791248574605071,0.9441287759025786,22.54756378741253,20.734322288954075,14.717585057606632,3.551612138748169,0.734348518750938
dancnet:ll,0128_mixed_p20,mixed,20.0,19.99994551074197,3.6065871715545654,0.9862160280681868,0.9649948662203892,21.75870239727932,21.089449195295472,19.551214485527787,3.960984468460083,1.0895036845535024
dancnet:ll,0129_mixed_p20,mixed,20.0,18.282199352412633,3.3684942722320557,0.8966975693402386,0.8439543265717603,18.93262611410409,18.798608437784104,15.314693590494432,3.5564510822296143,0.5164090853714711
dancnet:ll,0130_mixed_p20,mixed,20.0,19.985541557838033,3.145413637161255,0.967032893741583,0.9244014506575424,21.440032914397698,19.987614621047257,14.565682574624455,3.8303606510162354,0.0020730632092238
dancnet:ll,0131_mixed_p20,mixed,20.0,19.277284085322727,3.4390547275543213,0.9869745068975656,0.965211215864228,23.448944735452763,21.15617223776973,15.785471166073494,4.003223419189453,1.878888152447004
dancnet:ll,0132_mixed_p20,mixed,20.0,19.526495765063043,3.452707052230835,0.991974076575445,0.9708611066850692,21.271742666747254,20.20486025191884,15.746322514494809,3.902737855911255,0.6783644868557985
dancnet:ll,0133_mixed_p20,mixed,20.0,16.931897353071076,1.3446730375289917,0.9928032894315124,0.9752657141430487,20.384760863938062,19.57048252227442,11.88830589744777,3.630258560180664,2.6385851692033455
dancnet:ll,0134_mixed_p20,mixed,20.0,19.985475992806187,3.6698319911956783,0.9667528906629436,0.9068401991227656,20.990945486676544,19.74356587503768,14.871041628433764,3.997929811477661,-0.241910117768505
dancnet:ll,0135_mixed_p20,mixed,20.0,16.872726538591817,3.929236888885498,0.9841099161738868,0.9676277878814444,26.18177461041382,22.95934201432475,14.890027788974368,4.245162010192871,6.086615475732938
dancnet:ll,0136_mixed_p20,mixed,20.0,17.659126031737568,2.1228578090667725,0.9280159218297432,0.8255705395295697,13.369563701241754,13.095338487750691,8.103304873638068,2.927446126937866,-4.5637875439868765
dancnet:ll,0137_mixed_p20,mixed,20.0,19.669273433437567,3.545168876647949,0.9869585128795672,0.953985568638292,25.117144302988365,23.839507299346177,18.841285476792994,4.070827484130859,4.17023386590861
dancnet:ll,0138_mixed_p20,mixed,20.0,19.98546643900907,4.106504440307617,0.9621048345566896,0.9388370497187652,22.220801022559648,21.67131012044695,18.848394607881065,4.319205284118652,1.6858436814378803
dancnet:ll,0139_mixed_p20,mixed,20.0,19.32829355386935,2.9998576641082764,0.992426286136567,0.9795527495297032,22.61068237080808,21.035923998519344,14.921957083407971,3.67549729347229,1.7076304446499897
dancnet:ll,0140_mixed_p25,mixed,25.0,24.882629766274135,3.7570645809173584,0.9386475384032902,0.9063680561134548,24.56873801350058,22.28378369760548,17.640436160661622,4.083450794219971,-2.598846068668653
dancnet:ll,0141_mixed_p25,mixed,25.0,21.78274941789112,3.3532443046569824,0.984493013468838,0.9334706858170072,24.520801246034083,23.063660944483196,15.524677124631523,3.81113338470459,1.2809115265920743
dancnet:ll,0142_mixed_p25,mixed,25.0,24.80776772506301,3.9125101566314697,0.9901812001340828,0.9786162406737376,25.19130759595782,22.45229322670567,17.80785508800375,4.199295520782471,-2.3554744983573386
dancnet:ll,0143_mixed_p25,mixed,25.0,24.328121727051393,3.766245841979981,0.993292336136153,0.9791254050692288,25.29969739104068,21.948787546912673,15.687872817000528,4.076467037200928,-2.37933418013872
dancnet:ll,0144_mixed_p25,mixed,25.0,23.23919066536086,3.905545949935913,0.9943249391081822,0.9867879453933752,24.84897867451421,22.41348911174713,17.14534077986486,4.06807804107666,-0.8257015536137295
dancnet:ll,0145_mixed_p25,mixed,25.0,22.584093028510523,3.756561517715454,0.9448494836411956,0.9168739536378864,22.495337126842344,20.75636362943085,14.567688169482285,4.11039924621582,-1.827729399079672
dancnet:ll,0146_mixed_p25,mixed,25.0,23.75072453295548,3.374767541885376,0.9936922963123536,0.9646260787734744,26.344735687871,24.15257320564777,19.45014041799301,3.5065975189208984,0.4018486726922887
dancnet:ll,0147_mixed_p25,mixed,25.0,24.68502151263951,3.8025355339050297,0.9888827709056508,0.9656184925858828,24.56388788448322,22.649360182528117,16.85247219556408,4.2246413230896,-2.0356613301113917
dancnet:ll,0148_mixed_p25,mixed,25.0,24.82262532724587,3.8041422367095943,0.98892968906033,0.9737824718200044,25.23707149320394,23.478093991791944,18.54781255897856,4.003409385681152,-1.344531335453926
dancnet:ll,0149_mixed_p25,mixed,25.0,21.690183124372023,3.073178768157959,0.987500569225074,0.9573906544225956,24.63845173286595,22.84181818919031,15.764530624176494,3.585146427154541,1.1516350648182865
dancnet:ll,0150_mixed_p25,mixed,25.0,24.999965027679423,3.551391124725342,0.9742281327863868,0.9520732397282304,18.51380307098473,17.982301447077894,14.896764410874136,4.051158905029297,-7.017663580601528
dancnet:ll,0151_mixed_p25,mixed,25.0,24.76214605626149,3.537065029144287,0.9745702160119792,0.9163369285732962,24.864755862538573,23.96069710649776,17.618659835545504,4.079490661621094,-0.8014489497637314
dancnet:ll,0152_mixed_p25,mixed,25.0,23.957960644152084,3.3351359367370605,0.9948132479935484,0.981671010096156,24.400595511456963,22.336170583341595,16.332213734278902,4.252608776092529,-1.6217900608104898
dancnet:ll,0153_mixed_p25,mixed,25.0,24.294174893459974,3.720716953277588,0.965133182061437,0.9328628898423832,25.95695970390425,23.877337781459676,20.725736502525407,4.056403160095215,-0.4168371120003016
dancnet:ll,0154_mixed_p25,mixed,25.0,24.716074461248965,2.9144251346588135,0.9534050560774874,0.8948493120888896,22.887801596980033,22.29057968211436,18.463077927629,3.548713445663452,-2.4254947791346027
dancnet:ll,0155_mixed_p25,mixed,25.0,20.984006497491126,3.906859397888184,0.9959565920926596,0.9896453991966504,26.859720458041227,22.865919103423472,10.3934049219403,4.094975471496582,1.881912605932346
dancnet:ll,0156_mixed_p25,mixed,25.0,22.781746225419347,3.4945969581604004,0.9432639954540056,0.9097272651088604,16.440884861888225,16.205956388488907,10.994199816967216,4.106405258178711,-6.57578983693044
dancnet:ll,0157_mixed_p25,mixed,25.0,24.63800758759342,3.6300508975982666,0.9972828208629182,0.988099924426314,25.00651161600212,23.66604284812835,18.628691788597415,3.9843192100524902,-0.971964739465072
dancnet:ll,0158_mixed_p25,mixed,25.0,22.296924933273523,3.285292148590088,0.9945471232026688,0.969902120682048,23.696116945932488,22.475199721155494,16.6532976959544,3.807099103927612,0.1782747878819748
dancnet:ll,0159_mixed_p25,mixed,25.0,23.827362769231954,3.0296523571014404,0.9860112064958952,0.976663370169986,25.198451861964656,23.654813346668927,14.735246143839207,3.7375123500823975,-0.1725494225630264
dancnet:hq_metric,0000_stationary_p20,stationary,20.0,19.590499313844777,3.683431625366211,0.992468141709727,0.9788275760152592,22.45890782477855,22.12773898632255,18.246420340202256,3.9047741889953618,2.537239672477778
dancnet:hq_metric,0001_stationary_p20,stationary,20.0,19.42863866647033,3.693258285522461,0.994619429347099,0.9700367602088852,23.66659227629765,23.2196871837121,13.877143269677022,4.167573928833008,3.7910485172417694
dancnet:hq_metric,0002_stationary_p20,stationary,20.0,19.32818536525876,3.3724067211151123,0.9917310517667992,0.9672026218047718,22.7206984362846,21.87335653376382,13.712771544566827,3.952770233154297,2.5451711685050604
dancnet:hq_metric,0003_stationary_p20,stationary,20.0,19.311354777623183,3.4909210205078125,0.9906877024250402,0.9583923999191584,22.201353213089774,21.5795264298773,15.565257113337069,3.849220037460327,2.268171652254118
dancnet:hq_metric,0004_stationary_p20,stationary,20.0,19.444967101365854,3.5185375213623047,0.9888003012389432,0.961605548352317,20.79217666312315,20.45368372445108,14.54309195059482,3.764618396759033,1.0087166230852205
dancnet:hq_metric,0005_stationary_p20,stationary,20.0,19.06714267914146,3.2501399517059326,0.970855666409912,0.9465941648633304,23.47897279740606,22.169040098115783,14.146834305688431,3.8695101737976074,3.101897418974321
dancnet:hq_metric,0006_stationary_p20,stationary,20.0,20.00001274993647,3.6360254287719727,0.9825130130988808,0.9442987091324032,21.36117741489997,20.866566487924104,18.3241463785337,4.011869430541992,0.8665537379876334
dancnet:hq_metric,0007_stationary_p20,stationary,20.0,17.27047489519429,3.353179693222046,0.9952768002845828,0.9783583117739796,22.495018265436755,21.31774531002626,11.471208677626969,3.8042643070220943,4.047270414831971
dancnet:hq_metric,0008_stationary_p20,stationary,20.0,19.606440770855578,3.653303623199463,0.9912971803080232,0.968973092217521,22.79287138123824,22.04942251182514,15.768266614774806,3.9422318935394287,2.4429817409695644
dancnet:hq_metric,0009_stationary_p20,stationary,20.0,19.99989383420887,3.576231002807617,0.9743336104897156,0.9295244926468688,23.819882943865625,23.249084980969556,17.011950840802776,4.075038909912109,3.249191146760687
dancnet:hq_metric,0010_stationary_p20,stationary,20.0,19.86760317019796,3.479950428009033,0.9945679765264694,0.976465154710116,21.731581176985095,21.310695185282803,16.067918642402507,3.788865804672241,1.4430920150848436
dancnet:hq_metric,0011_stationary_p20,stationary,20.0,19.190847769968823,3.421051263809204,0.9877965446987372,0.9522738088857178,24.671122664837743,23.273177240546936,15.07263679245988,3.9339754581451416,4.0823294705781095
dancnet:hq_metric,0012_stationary_p20,stationary,20.0,19.89750678187765,3.492959499359131,0.9849321693699165,0.9457987801824216,23.57241581070213,22.98823267719255,17.742944911256775,3.6493074893951416,3.0907258953149004
dancnet:hq_metric,0013_stationary_p20,stationary,20.0,18.38834413445744,3.7016079425811768,0.971448114435843,0.932086473969874,21.989845983896757,21.501613584101772,13.502936244078665,4.126591682434082,3.1132694496443314
dancnet:hq_metric,0014_stationary_p20,stationary,20.0,19.328475519327597,3.930442571640014,0.981857131404534,0.9593765164387495,25.79658944055734,25.336722965844984,18.86133783571112,4.214606285095215,6.008247446517387
dancnet:hq_metric,0015_stationary_p20,stationary,20.0,19.084931326602764,3.462480068206787,0.98560884745902,0.9612449563085452,22.936119049467685,21.821181065075372,14.289451844729978,3.820700645446778,2.7362497384726083
dancnet:hq_metric,0016_stationary_p20,stationary,20.0,19.99999916436265,3.620931625366211,0.9646181504969388,0.8927971742096795,21.98644526992647,21.107443365597792,15.032848293106817,3.9156436920166016,1.1074442012351433
dancnet:hq_metric,0017_stationary_p20,stationary,20.0,19.52621175626332,3.3672330379486084,0.9843529015055827,0.9472528984856114,23.93962231811973,22.463345292993452,15.636396509915745,3.6994807720184326,2.9371335367301334
dancnet:hq_metric,0018_stationary_p20,stationary,20.0,19.51018400884375,3.612009048461914,0.9655291771680914,0.8932444446157104,22.205422111707417,21.614943857935444,12.196210798697042,3.996557712554931,2.104759849091693
dancnet:hq_metric,0019_stationary_p20,stationary,20.0,18.6925014886986,3.311847448348999,0.9840150449095854,0.9518682220027712,24.12402918177175,23.0537018873817,14.333754595250982,3.8224284648895264,4.361200398683099
dancnet:hq_metric,0020_stationary_p25,stationary,25.0,24.89747306016209,3.946868658065796,0.98965758171595,0.9634981429999144,24.329113553889812,23.21351961868099,17.506962967832358,4.105953216552734,-1.6839534414810942
dancnet:hq_metric,0021_stationary_p25,stationary,25.0,22.104013195208772,3.80940055847168,0.9907706101259274,0.972461558274069,24.769356502082083,23.07923658022595,17.206167585232016,3.950988531112671,0.975223385017177
dancnet:hq_metric,0022_stationary_p25,stationary,25.0,22.90060218464625,3.479771852493286,0.99374629511698,0.9804296370876114,26.838128462524487,25.546445140759317,18.69745294630196,4.250205993652344,2.645842956113068
dancnet:hq_metric,0023_stationary_p25,stationary,25.0,23.65353607043209,3.7839958667755127,0.9919342941733064,0.9842713895874752,27.078906157952023,24.709380706997965,15.371218352867505,4.194729328155518,1.055844636565876
dancnet:hq_metric,0024_stationary_p25,stationary,25.0,22.55853430131149,3.552211046218872,0.9965586826542492,0.9633692823973156,24.416930741780657,24.17741121357571,19.73864359007957,4.131197452545166,1.6188769122642237
dancnet:hq_metric,0025_stationary_p25,stationary,25.0,23.195566753867706,3.2913389205932617,0.9796832803091696,0.9463914380772448,19.46287504884708,19.27873436363412,15.485840527882688,3.4971094131469727,-3.916832390233583
dancnet:hq_metric,0026_stationary_p25,stationary,25.0,22.634619766468585,3.5686287879943848,0.9949742529112908,0.97673326856647,26.156217719942667,24.688077131626493,13.152548853001258,4.095656394958496,2.0534573651579073
dancnet:hq_metric,0027_stationary_p25,stationary,25.0,23.80843411807629,3.032757520675659,0.910251806552198,0.8162126811597838,27.17769608277679,24.67780706546779,15.192264677802768,3.524451971054077,0.8693729473915006
dancnet:hq_metric,0028_stationary_p25,stationary,25.0,24.543503099785127,3.751431941986084,0.9919511449422536,0.9752963623120796,24.548414395930862,24.323702151269515,17.256247573114738,4.181956768035889,-0.219800948515612
dancnet:hq_metric,0029_stationary_p25,stationary,25.0,24.411634915604505,3.828718900680542,0.9693648311313808,0.9209908816691632,25.633974031007263,25.335031109470833,20.66708730212601,4.062272071838379,0.9233961938663312
dancnet:hq_metric,0030_stationary_p25,stationary,25.0,23.593937658970976,3.443774938583374,0.9985931464126074,0.9897876497149009,24.84388323345384,24.289763461430788,16.498979044644287,4.070460319519043,0.6958258024598116
dancnet:hq_metric,0031_stationary_p25,stationary,25.0,24.445051666087178,3.624202728271485,0.9916116795528864,0.9659904357255436,22.250164045524347,21.7146915538868,15.851378647827284,3.9850924015045166,-2.730360112200376
dancnet:hq_metric,0032_stationary_p25,stationary,25.0,24.94158684190475,3.9355921745300297,0.9866760471877624,0.9575110840253556,19.46436332673923,19.486897610692186,17.060880200523023,4.280909538269043,-5.454689231212566
dancnet:hq_metric,0033_stationary_p25,stationary,25.0,23.016474741327546,3.474160432815552,0.9906614501436012,0.942397647228454,21.952224714846352,21.729355526867597,17.13056550604628,4.067733287811279,-1.2871192144599457
dancnet:hq_metric,0034_stationary_p25,stationary,25.0,23.994827557712327,3.859041690826416,0.9957867846586914,0.982900106730782,26.745052588063253,24.91179673234855,14.006822634514124,4.138321399688721,0.916969174636222
dancnet:hq_metric,0035_stationary_p25,stationary,25.0,22.70845078986839,3.5461037158966064,0.992124878328138,0.9759743808383098,23.27676026951211,22.55545208772721,20.17189243538534,3.823074340820313,-0.1529987021411827
dancnet:hq_metric,0036_stationary_p25,stationary,25.0,24.8528587581856,3.9015395641326904,0.993229717150153,0.9824171267363312,25.864151162481622,25.126801620504352,21.138011052911885,4.115649223327637,0.2739428623187514
dancnet:hq_metric,0037_stationary_p25,stationary,25.0,24.941714885602693,3.9156618118286137,0.9632387352984793,0.9288891322727248,24.307331651963786,23.98758048977243,17.724487774358348,4.122010707855225,-0.9541343958302626
dancnet:hq_metric,0038_stationary_p25,stationary,25.0,23.12916094714685,2.963454008102417,0.979990563825249,0.9417000950704972,22.964928282829185,21.558484238394986,13.817297220787372,3.5686042308807373,-1.5706767087518685
dancnet:hq_metric,0039_stationary_p25,stationary,25.0,24.99992158930692,3.3725476264953613,0.989576829495104,0.9746554516692548,13.886514783146808,13.749171507105196,11.07044448976335,4.182928085327148,-11.250750082201725
dancnet:hq_metric,0040_nonstationary_p20,nonstationary,20.0,19.31113708092044,3.4678173065185547,0.9785435425826328,0.9292256688639772,24.689053014832226,24.268135414488267,19.367172058926997,3.800849199295044,4.9569983335678245
dancnet:hq_metric,0041_nonstationary_p20,nonstationary,20.0,18.92094720744911,3.408836841583252,0.964014841040128,0.8822145152900259,19.970887446314453,19.57553330296045,13.223167778474076,3.9599204063415527,0.6545860955113376
dancnet:hq_metric,0042_nonstationary_p20,nonstationary,20.0,19.8528072822391,3.986844062805176,0.9952077531494165,0.9856188200392112,24.89874370557354,23.769722044618085,19.800775561875543,4.245479106903076,3.9169147623789833
dancnet:hq_metric,0043_nonstationary_p20,nonstationary,20.0,19.88267112177935,3.6135354042053223,0.991551017793963,0.9732184829079302,24.06737951452474,23.41214225664336,18.299082260849392,3.81306529045105,3.5294711348640107
dancnet:hq_metric,0044_nonstationary_p20,nonstationary,20.0,19.55856095264547,3.1303818225860596,0.9859798295938856,0.9458555744663092,22.50831623038173,21.50634112686046,13.90781901260036,3.61347770690918,1.9477801742149907
dancnet:hq_metric,0045_nonstationary_p20,nonstationary,20.0,19.99995950112753,3.379162073135376,0.9816690819265148,0.9421983748874532,21.999138195994156,21.69943841037973,17.773851110615816,3.839117765426636,1.6994789092521998
dancnet:hq_metric,0046_nonstationary_p20,nonstationary,20.0,18.65315946513251,3.7649855613708496,0.9945551305602928,0.9795104820443226,24.182872973509724,23.14466077109752,10.889250020096034,4.180858612060547,4.491501305965009
dancnet:hq_metric,0047_nonstationary_p20,nonstationary,20.0,19.41193977404226,3.373138427734375,0.9824554741152108,0.9343086964684584,22.839241091885,21.632867068176147,14.57073064707216,3.8112118244171143,2.2209272941338867
dancnet:hq_metric,0048_nonstationary_p20,nonstationary,20.0,17.684070455692723,2.6918249130249023,0.9913168612671224,0.965451568480564,15.8877991636056,15.830244514084445,14.439803589342564,3.45634126663208,-1.853825941608278
dancnet:hq_metric,0049_nonstationary_p20,nonstationary,20.0,19.63794151198774,3.3357863426208496,0.9925766668528532,0.9729872917812944,23.40435070199337,22.351586364200987,15.393894224804193,3.743823289871216,2.713644852213246
dancnet:hq_metric,0050_nonstationary_p20,nonstationary,20.0,19.95638027835772,3.9855778217315674,0.9824662237214044,0.9585073206358832,20.011042258017056,19.892403635727913,22.143741657223917,4.1470208168029785,-0.0639766426298074
dancnet:hq_metric,0051_nonstationary_p20,nonstationary,20.0,19.345658866728115,3.2017030715942383,0.9832395249812108,0.9486071553317156,22.421652911286134,21.63537167126438,13.999927314651789,3.7086551189422607,2.289712804536265
dancnet:hq_metric,0052_nonstationary_p20,nonstationary,20.0,19.42847262943146,4.067990779876709,0.9961311677951517,0.9914976619566612,23.479886951463396,23.08271499512052,19.512455473934015,4.130970001220703,3.654242365689061
dancnet:hq_metric,0053_nonstationary_p20,nonstationary,20.0,19.92712083760494,3.4620819091796875,0.92971137778961,0.8591334552762112,21.789909222609456,21.330745625041377,14.101575631110476,4.01711893081665,1.403624787436435
dancnet:hq_metric,0054_nonstationary_p20,nonstationary,20.0,19.970875284813378,4.313049793243408,0.994251219187209,0.979928000829878,24.936323709190763,24.907112580769994,21.860399218612887,4.326850891113281,4.936237295956616
dancnet:hq_metric,0055_nonstationary_p20,nonstationary,20.0,19.91222721786486,3.790731906890869,0.9928060979069588,0.979642820404363,21.391422090788407,20.759315606512136,17.38560271115605,4.020432949066162,0.8470883886472755
dancnet:hq_metric,0056_nonstationary_p20,nonstationary,20.0,19.242760330784034,3.083047866821289,0.9474713983551312,0.8799460836979193,14.952336033967482,14.76483508618941,9.255041831716252,4.1371612548828125,-4.477925244594623
dancnet:hq_metric,0057_nonstationary_p20,nonstationary,20.0,18.43036430605833,2.6695947647094727,0.9955623980882704,0.982297243278894,23.94979608180096,22.442944904504714,13.106669774154836,3.760211944580078,4.012580598446384
dancnet:hq_metric,0058_nonstationary_p20,nonstationary,20.0,19.345542428880677,3.7271034717559814,0.9927370918283108,0.971919512827018,22.080443022369423,21.36961567412651,17.221897842369003,3.97946834564209,2.0240732452458374
dancnet:hq_metric,0059_nonstationary_p20,nonstationary,20.0,19.3449814833006,3.30416202545166,0.9774480842170732,0.9517550459137384,22.889178837749142,22.400857499484093,15.095209038203588,3.6874732971191406,3.0558760161834932
dancnet:hq_metric,0060_nonstationary_p25,nonstationary,25.0,24.999964701273388,4.030066967010498,0.9966574856503216,0.9838972981649818,23.74871988636354,23.5777087979224,20.06223203804161,4.2606353759765625,-1.4222559033509905
dancnet:hq_metric,0061_nonstationary_p25,nonstationary,25.0,24.622180325396172,3.572234630584717,0.9803627964210544,0.9407449675985268,24.8762062875169,23.15268876697462,16.264593805463825,4.000596523284912,-1.4694915584215522
dancnet:hq_metric,0062_nonstationary_p25,nonstationary,25.0,24.542618867560726,3.5256600379943848,0.9922496292970252,0.9689401934116012,26.017826997995098,25.407400233796164,19.010741273553133,4.14837121963501,0.8647813662354373
dancnet:hq_metric,0063_nonstationary_p25,nonstationary,25.0,22.27009849578328,3.6145992279052734,0.9917042849781348,0.977581929908265,28.73128077720632,25.565553119122345,16.85455367503467,4.11049222946167,3.295454623339065
dancnet:hq_metric,0064_nonstationary_p25,nonstationary,25.0,24.260624121414608,3.56866455078125,0.9883360670819198,0.969462537826479,25.204101447687016,24.511400796680203,15.188230208139078,4.030401229858398,0.2507766752655946
dancnet:hq_metric,0065_nonstationary_p25,nonstationary,25.0,24.12079535495343,3.8680756092071538,0.994561744151165,0.9865178503133716,25.94315376764582,24.931655611721485,14.450787925376735,4.221316814422607,0.8108602567680556
dancnet:hq_metric,0066_nonstationary_p25,nonstationary,25.0,23.827988647185524,4.082320213317871,0.9972702786495268,0.9913171381142488,23.75692642982223,23.56203780525234,17.452592628836182,4.33198881149292,-0.2659508419331828
dancnet:hq_metric,0067_nonstationary_p25,nonstationary,25.0,24.985416556313172,3.662073373794556,0.942756687430532,0.8548287948770539,21.478280453502407,21.440827003036652,19.625469846414777,4.040830612182617,-3.54458955327652
dancnet:hq_metric,0068_nonstationary_p25,nonstationary,25.0,23.573363984028713,3.680784940719605,0.9924443729403902,0.975682086432166,26.982194462085797,24.87701921830242,13.229447333176031,4.211206912994385,1.303655234273705
dancnet:hq_metric,0069_nonstationary_p25,nonstationary,25.0,25.000063152245303,4.084634304046631,0.9517199099278572,0.9296858727655236,25.423328524430193,25.05415743748354,21.213191506167885,4.175421714782715,0.0540942852382357
dancnet:hq_metric,0070_nonstationary_p25,nonstationary,25.0,21.368435170473937,3.378638744354248,0.9857632042745292,0.9527977013933698,28.308443090581186,25.321601749967016,15.74850745163146,4.020651340484619,3.953166579493079
dancnet:hq_metric,0071_nonstationary_p25,nonstationary,25.0,24.956274220691338,4.108512878417969,0.9845220513312122,0.9621111920608212,27.973627590922476,27.60031924457924,23.134508197415872,4.271944522857666,2.6440450238879016
dancnet:hq_metric,0072_nonstationary_p25,nonstationary,25.0,23.750616007892617,3.712293863296509,0.9891149678284328,0.933654465279975,15.499626704678972,15.60338635280691,13.01950649399987,4.202343463897705,-8.147229655085708
dancnet:hq_metric,0073_nonstationary_p25,nonstationary,25.0,24.77713068298398,4.105491638183594,0.9402189104140064,0.9035271751627536,22.544744432399856,22.324372067972103,16.614236772061936,4.232481479644775,-2.4527586150118736
dancnet:hq_metric,0074_nonstationary_p25,nonstationary,25.0,23.17411738712787,3.531339406967163,0.9934438254153218,0.978882630704269,25.20290418052836,24.070612938679087,15.165321491431612,4.0561370849609375,0.8964955515512187
dancnet:hq_metric,0075_nonstationary_p25,nonstationary,25.0,23.49212122529186,4.104339599609375,0.9849460412033848,0.946830468778894,23.359219334327396,22.583914351188056,16.81854257300567,4.294992446899414,-0.9082068741038044
dancnet:hq_metric,0076_nonstationary_p25,nonstationary,25.0,22.132428854690616,2.927693128585815,0.9882301764313068,0.954309011660015,24.47272551986677,23.264880610440382,13.980332475617558,3.7633886337280273,1.1324517557497664
dancnet:hq_metric,0077_nonstationary_p25,nonstationary,25.0,23.673169812854567,3.7923097610473633,0.9957505695644544,0.9867656237249816,23.886598745180407,23.46620796157511,15.963868051087276,4.260951519012451,-0.2069618512794591
dancnet:hq_metric,0078_nonstationary_p25,nonstationary,25.0,21.931411047528627,3.164755344390869,0.9977117065023416,0.9854601388975314,25.964618462518914,24.653096645827578,12.049900552193735,3.6439361572265625,2.721685598298947
dancnet:hq_metric,0079_nonstationary_p25,nonstationary,25.0,24.50996052314646,4.420382499694824,0.9957800573863396,0.9788684791778136,28.35373698656661,27.779448206501684,22.39319075691105,4.405422210693359,3.269487683355223
dancnet:hq_metric,0080_impulsive_p20,impulsive,20.0,18.512771111827647,3.5288941860198975,0.9870623369928156,0.9695854829339552,27.387220015185743,26.40053539145235,19.56306167619229,3.938509225845337,7.887764279624704
dancnet:hq_metric,0081_impulsive_p20,impulsive,20.0,19.29430664400164,3.021167278289795,0.9876880071172086,0.9718219482285704,24.66888408143206,23.96144699400471,19.492585156782265,3.3766937255859375,4.66714035000307
dancnet:hq_metric,0082_impulsive_p20,impulsive,20.0,19.99987920653809,3.9442696571350098,0.9928178819193668,0.9824657064471872,25.485311714241742,25.08117677914015,25.76905480432058,4.18530797958374,5.081297572602061
dancnet:hq_metric,0083_impulsive_p20,impulsive,20.0,19.956344781526592,3.403441905975342,0.9957967356424474,0.9872473895809956,21.83540644193485,21.30897023552416,17.831609945663278,4.256964683532715,1.3526254539975682
dancnet:hq_metric,0084_impulsive_p20,impulsive,20.0,19.526413024096307,3.4673967361450195,0.9882496831029796,0.9591435262181054,24.28376741639472,23.691831366558517,23.062967227481717,3.845547199249267,4.16541834246221
dancnet:hq_metric,0085_impulsive_p20,impulsive,20.0,19.82320084507672,3.708150863647461,0.9861405944538492,0.9533708094926836,22.4845102607261,21.935223810958934,16.286044921735034,3.999854326248169,2.1120229658822183
dancnet:hq_metric,0086_impulsive_p20,impulsive,20.0,18.827193757709935,3.8854286670684814,0.9955836024007648,0.9847705887979648,25.22782485688694,24.097204875898377,14.830212976919796,4.1916117668151855,5.270011118188439
dancnet:hq_metric,0087_impulsive_p20,impulsive,20.0,18.958021795971337,3.349313974380493,0.995077202456192,0.9872605613205409,20.613759401869313,20.304619416829883,22.537587855546636,3.7590410709381104,1.346597620858546
dancnet:hq_metric,0088_impulsive_p20,impulsive,20.0,17.584003493857804,3.3597748279571533,0.9903392553068836,0.9440382545808008,20.61317806099003,20.4700813287687,17.577163942990776,3.9071011543273926,2.886077834910896
dancnet:hq_metric,0089_impulsive_p20,impulsive,20.0,18.692539859604828,4.1647114753723145,0.9958759415207972,0.9805655843787918,28.819153690379853,27.069849167927064,21.36780926267051,4.23285436630249,8.377309308322236
dancnet:hq_metric,0090_impulsive_p20,impulsive,20.0,20.00005819051685,3.8064138889312744,0.993342792253434,0.9767524231966596,25.585078839695218,24.614489523417692,24.70642632384006,4.25318717956543,4.614431332900843
dancnet:hq_metric,0091_impulsive_p20,impulsive,20.0,19.99995142861631,3.7828190326690674,0.9695449822421672,0.9397557696940332,25.325149108828832,24.51217517664211,21.502143731181704,4.250694751739502,4.5122237480258
dancnet:hq_metric,0092_impulsive_p20,impulsive,20.0,19.9999570270419,3.7657527923583984,0.9898899576687776,0.9510651401060872,22.53091524969075,22.138050478648793,19.584958523699267,4.037505626678467,2.138093451606892
dancnet:hq_metric,0093_impulsive_p20,impulsive,20.0,19.822703066819543,3.715367317199707,0.991170348768655,0.977002752589879,24.8263959895877,23.722753280447662,22.440198743685155,3.9553346633911137,3.90005021362812
dancnet:hq_metric,0094_impulsive_p20,impulsive,20.0,18.883888888923615,3.877002239227295,0.9974997672098512,0.9840547324125596,24.48109064612087,23.94568038476459,21.506800772602567,4.286660194396973,5.061791495840971
dancnet:hq_metric,0095_impulsive_p20,impulsive,20.0,19.985435988510226,4.060549259185791,0.9981828925380204,0.9965529226777712,24.231395681249644,23.64456993609753,23.97858194337967,4.139749050140381,3.659133947587303
dancnet:hq_metric,0096_impulsive_p20,impulsive,20.0,16.628019818161906,3.877349853515625,0.9937590457610004,0.975502061824633,25.75751729038311,25.158033824209113,20.330414088302803,4.092606067657471,8.530014006047207
dancnet:hq_metric,0097_impulsive_p20,impulsive,20.0,19.362437309144493,3.013070583343506,0.975736402304164,0.9569964898610293,22.6231013846188,22.333753487889417,16.5906895578916,3.682315826416016,2.971316178744921
dancnet:hq_metric,0098_impulsive_p20,impulsive,20.0,15.94768026407408,2.250459909439087,0.973629830496081,0.9483882027949818,25.022441787403448,23.260558471198426,15.052226267922634,3.539114475250244,7.312878207124346
dancnet:hq_metric,0099_impulsive_p20,impulsive,20.0,20.000007426978357,4.339742660522461,0.9920872913166402,0.9853451609815628,25.39695258649209,25.046595925163544,24.557443158999437,4.415608882904053,5.046588498185187
dancnet:hq_metric,0100_impulsive_p25,impulsive,25.0,23.789436722123497,3.9031362533569336,0.9941568373179658,0.97974549202729,28.208517010798406,26.592039756684045,18.525650060835833,4.236812114715576,2.8026030345605513
dancnet:hq_metric,0101_impulsive_p25,impulsive,25.0,24.085173036949502,3.3792338371276855,0.9943365212663762,0.9859569330110526,16.742206419993416,16.567523927654502,16.59934393307547,4.173760414123535,-7.517649109295004
dancnet:hq_metric,0102_impulsive_p25,impulsive,25.0,23.593248615506617,3.075409412384033,0.913686472807641,0.8740528460318999,22.01562560168464,21.97840570808424,19.988265045781056,3.6102700233459473,-1.6148429074223714
dancnet:hq_metric,0103_impulsive_p25,impulsive,25.0,24.912268859650823,4.0456862449646,0.9849710622155764,0.975278150419615,29.098570182325012,27.794880263022996,24.02443798345675,4.137386322021484,2.8826114033721737
dancnet:hq_metric,0104_impulsive_p25,impulsive,25.0,24.74653699879044,3.7588157653808594,0.9965916720818166,0.9885403078259348,26.438570653877683,25.963163462119393,20.93311528571483,4.073262691497803,1.2166264633289536
dancnet:hq_metric,0105_impulsive_p25,impulsive,25.0,24.260233929503627,3.8140788078308105,0.9982416874343132,0.994778749735764,25.88595809795072,25.41980318595021,22.789456985380543,4.1868486404418945,1.1595692564465845
dancnet:hq_metric,0106_impulsive_p25,impulsive,25.0,24.6220581602563,3.945408582687378,0.9980603833653868,0.99250403506597,25.890281595893384,25.399368490904862,23.263874070251173,4.238467216491699,0.7773103306485609
dancnet:hq_metric,0107_impulsive_p25,impulsive,25.0,24.59041378989087,3.5850188732147217,0.9902508555596704,0.9805338748435396,27.22478830338097,26.37276513246887,23.08477956018097,3.8592543601989746,1.7823513425779964
dancnet:hq_metric,0108_impulsive_p25,impulsive,25.0,24.999853889803596,4.26718282699585,0.9936126946803367,0.9891480499469728,18.94526554707968,18.933245420167356,15.26552787359875,4.423281669616699,-6.06660846963624
dancnet:hq_metric,0109_impulsive_p25,impulsive,25.0,22.853397126840616,3.8459153175354,0.9995622641389532,0.999018591256418,30.202340750354093,28.38099237709561,24.18499583024038,4.007162570953369,5.527595250254993
dancnet:hq_metric,0110_impulsive_p25,impulsive,25.0,24.57455953183137,4.0771260261535645,0.9976646812801048,0.9923113449467204,26.159347992060475,24.796399431594956,20.47072206330212,4.328398704528809,0.2218398997635873
dancnet:hq_metric,0111_impulsive_p25,impulsive,25.0,23.82726000035011,3.9715075492858887,0.9979352392882186,0.9910344218691036,28.81359327723688,27.62954102038187,19.60210437260001,4.2290778160095215,3.80228102003176
dancnet:hq_metric,0112_impulsive_p25,impulsive,25.0,24.63798651543611,3.3675990104675293,0.9961598815402204,0.9874328841713622,26.193235742736036,25.146763111803043,23.318795544570012,3.6243181228637695,0.508776596366932
dancnet:hq_metric,0113_impulsive_p25,impulsive,25.0,24.68505774162919,4.137803077697754,0.9993583746083582,0.9980058397484566,30.55278289312808,28.648650514019565,25.60201073455014,4.157474994659424,3.963592772390374
dancnet:hq_metric,0114_impulsive_p25,impulsive,25.0,19.037102909154036,3.912121534347534,0.9993456935537868,0.9957788299295468,30.734438739461737,28.5807307578324,16.12536041569981,4.117952823638916,9.543627848678366
dancnet:hq_metric,0115_impulsive_p25,impulsive,25.0,22.40396904806662,3.1845383644104004,0.9895037577209728,0.9680342915717596,26.985175801216226,25.57134735493336,21.647171360626096,4.105586528778076,3.1673783068667376
dancnet:hq_metric,0116_impulsive_p25,impulsive,25.0,24.65423889360339,3.648682832717895,0.9763962697673808,0.9456059586235552,23.94927844437167,23.42526700745006,17.42303302717263,4.07092809677124,-1.2289718861533316
dancnet:hq_metric,0117_impulsive_p25,impulsive,25.0,24.822615943675768,3.78365707397461,0.9981494087889224,0.9931109597874944,25.98804754154859,25.46414298840389,25.683421561818,4.061809539794922,0.6415270447281216
dancnet:hq_metric,0118_impulsive_p25,impulsive,25.0,22.900503901080988,3.571751594543457,0.995290631679026,0.9793502517060272,26.922998007484825,26.42255004395373,23.65271454252139,3.7338051795959473,3.5220461428727425
dancnet:hq_metric,0119_impulsive_p25,impulsive,25.0,24.311472988788147,4.087224006652832,0.9980949353850248,0.99195533329425,26.08264298224413,25.3817591014087,20.978353056465124,4.257343769073486,1.070286112620554
dancnet:hq_metric,0120_mixed_p20,mixed,20.0,19.685001304461835,3.3270654678344727,0.9535131468295291,0.8875693690497581,18.912487054891084,18.56544921098112,14.21111659431048,3.565242290496826,-1.119552093480717
dancnet:hq_metric,0121_mixed_p20,mixed,20.0,19.956383810321093,3.585963249206543,0.9924819556468848,0.9712092638877716,21.77354796624755,21.15673695656875,18.79308637324677,3.950676441192627,1.200353146247657
dancnet:hq_metric,0122_mixed_p20,mixed,20.0,19.60627709401219,3.3835654258728027,0.983633958080256,0.9563373219977982,21.416917571210217,21.048610775080235,16.81111167844684,3.9327433109283447,1.442333681068046
dancnet:hq_metric,0123_mixed_p20,mixed,20.0,17.43004392417553,3.2206242084503174,0.9695787066196432,0.9303766417653714,22.816873110860275,21.556463695180064,10.784733673294008,3.7266225814819336,4.126419771004535
dancnet:hq_metric,0124_mixed_p20,mixed,20.0,20.0000849703309,3.379084348678589,0.9970087924420994,0.986591219290086,24.07120448025207,23.365443180054815,19.37342101521917,4.029234886169434,3.365358209723915
dancnet:hq_metric,0125_mixed_p20,mixed,20.0,17.507979423555422,3.32031774520874,0.9902586786288586,0.9734988618282384,25.870548231874647,25.53934274909627,15.79644116193166,3.8027024269104,8.031363325540852
dancnet:hq_metric,0126_mixed_p20,mixed,20.0,19.65374468167292,4.045007705688477,0.9946621088626708,0.9840213163766748,22.298256506319323,21.95335060033284,19.809704502242937,4.3076863288879395,2.2996059186599176
dancnet:hq_metric,0127_mixed_p20,mixed,20.0,19.999973770203137,2.507662057876587,0.9851252359252904,0.9497126502529362,22.837215893044128,21.78639231027367,15.506954564847389,3.617832660675049,1.7864185400705317
dancnet:hq_metric,0128_mixed_p20,mixed,20.0,19.99994551074197,3.677309989929199,0.9873653438507612,0.9674223383783842,22.479421486038905,22.17607768274616,21.393317411672765,4.022059917449951,2.1761321720041913
dancnet:hq_metric,0129_mixed_p20,mixed,20.0,18.282199352412633,3.5657336711883545,0.9161404366315272,0.8444669249235353,19.626498550010815,19.65882461541844,16.794788915043174,3.9175312519073486,1.3766252630058062
dancnet:hq_metric,0130_mixed_p20,mixed,20.0,19.985541557838033,3.441284418106079,0.9759917605395808,0.9340643994551928,22.326980899756656,21.410447915980253,15.986423737718416,4.004378318786621,1.42490635814222
dancnet:hq_metric,0131_mixed_p20,mixed,20.0,19.277284085322727,3.4613609313964844,0.9897675690431929,0.9714210200567628,23.91264073498165,22.782703280073736,16.937777251425576,4.000007152557373,3.50541919475101
dancnet:hq_metric,0132_mixed_p20,mixed,20.0,19.526495765063043,3.661443710327149,0.993845176921538,0.9763250567697414,21.934535099002375,21.338250096432173,16.897951198648684,3.99791955947876,1.81175433136913
dancnet:hq_metric,0133_mixed_p20,mixed,20.0,16.931897353071076,1.3672068119049072,0.9936214907391364,0.977993078139813,21.353436307870627,20.98746340532447,13.144320396498642,3.634949207305908,4.055566052253393
dancnet:hq_metric,0134_mixed_p20,mixed,20.0,19.985475992806187,3.7473459243774414,0.9679752047594762,0.912146747889608,21.72231704763834,20.992862423153085,15.898824856739704,4.055318355560303,1.007386430346898
dancnet:hq_metric,0135_mixed_p20,mixed,20.0,16.872726538591817,3.9219017028808594,0.9909998853895364,0.9783837871439316,27.200160555812772,26.223389613810184,17.647671534947985,4.201326370239258,9.350663075218367
dancnet:hq_metric,0136_mixed_p20,mixed,20.0,17.659126031737568,2.2760119438171387,0.9360023224742728,0.8416333319268178,13.29474319504145,13.194694376519926,8.133365718928589,2.912038803100586,-4.464431655217641
dancnet:hq_metric,0137_mixed_p20,mixed,20.0,19.669273433437567,3.296175003051758,0.9873337975988296,0.9514662193460084,25.592659825245796,24.97724080973655,19.827758322789645,4.073121070861816,5.307967376298983
dancnet:hq_metric,0138_mixed_p20,mixed,20.0,19.98546643900907,4.112293243408203,0.9671372946558092,0.942447126760978,24.003547152694207,23.75031029566038,20.284759353377215,4.3215250968933105,3.7648438566513103
dancnet:hq_metric,0139_mixed_p20,mixed,20.0,19.32829355386935,3.0814478397369385,0.9926276496819786,0.9799475063738688,23.09205400059269,22.069528158776706,15.532457931963547,3.772572755813598,2.7412346049073477
dancnet:hq_metric,0140_mixed_p25,mixed,25.0,24.882629766274135,3.7490005493164062,0.9446391094221016,0.9111267209625484,25.363730059379943,24.77860055487215,20.585672306736637,4.064033031463623,-0.1040292114019862
dancnet:hq_metric,0141_mixed_p25,mixed,25.0,21.78274941789112,3.385908365249634,0.9838970528524104,0.9310397911938204,25.46564295669829,24.664273684289668,16.486566111961032,3.8672313690185542,2.8815242663985465
dancnet:hq_metric,0142_mixed_p25,mixed,25.0,24.80776772506301,3.9147017002105713,0.9911874084743352,0.9801502817083984,26.05371214463615,24.53067091265824,19.27546689802551,4.197553634643555,-0.2770968124047677
dancnet:hq_metric,0143_mixed_p25,mixed,25.0,24.328121727051393,3.8549394607543945,0.9941832256964828,0.9818827275541038,26.40375346512365,24.44149585292822,17.237634937120312,4.1215972900390625,0.1133741258768274
dancnet:hq_metric,0144_mixed_p25,mixed,25.0,23.23919066536086,4.013202667236328,0.9956516952531907,0.9909007430695258,26.629199024070207,25.170580915063113,19.72528609762325,4.0821757316589355,1.931390249702254
dancnet:hq_metric,0145_mixed_p25,mixed,25.0,22.584093028510523,3.8066930770874023,0.946026192839968,0.9174462966310396,24.50371494121434,23.373392371033265,16.58375542586857,4.083311557769775,0.7892993425227388
dancnet:hq_metric,0146_mixed_p25,mixed,25.0,23.75072453295548,3.372168779373169,0.9928292400705004,0.961546457631931,27.41139321812447,26.444556391360535,20.683081731906103,3.5069501399993896,2.693831858405055
dancnet:hq_metric,0147_mixed_p25,mixed,25.0,24.68502151263951,3.859333038330078,0.9892683255046144,0.965771585994751,25.316339884976248,24.598324199903516,18.2030914960747,4.26704216003418,-0.0866973127359926
dancnet:hq_metric,0148_mixed_p25,mixed,25.0,24.82262532724587,3.8722238540649414,0.9924886040499352,0.9785241599472368,26.17840803240072,25.548315930248343,20.47841549587217,4.097727298736572,0.725690603002473
dancnet:hq_metric,0149_mixed_p25,mixed,25.0,21.690183124372023,3.3162598609924316,0.9881069589314132,0.959813097684774,25.41151692972956,24.065302470858747,16.50020034174484,3.7862377166748047,2.3751193464867235
dancnet:hq_metric,0150_mixed_p25,mixed,25.0,24.999965027679423,3.7084531784057617,0.9755448465394012,0.9557923289232642,19.400731734574197,19.301338039277333,18.05815549492666,4.140698432922363,-5.69862698840209
dancnet:hq_metric,0151_mixed_p25,mixed,25.0,24.76214605626149,3.333177328109741,0.9726658532337754,0.9152902719710908,25.656968365089806,25.246805432004788,18.198134172638873,3.944856643676758,0.4846593757432984
dancnet:hq_metric,0152_mixed_p25,mixed,25.0,23.957960644152084,3.3658976554870605,0.9952663008400018,0.9826675368032092,25.884735689578125,24.76981223482689,17.370996355534572,4.2054009437561035,0.8118515906748058
dancnet:hq_metric,0153_mixed_p25,mixed,25.0,24.294174893459974,3.672614812850952,0.9649061795031924,0.929191740981949,26.573242806476483,25.64438229377871,22.63223604549737,3.9044148921966553,1.3502074003187303
dancnet:hq_metric,0154_mixed_p25,mixed,25.0,24.716074461248965,3.2528305053710938,0.9602861418407594,0.9094581849137126,26.320555211719302,26.02532363991549,20.42682526079029,3.9976072311401367,1.3092491786665263
dancnet:hq_metric,0155_mixed_p25,mixed,25.0,20.984006497491126,3.956237554550171,0.9965662795477512,0.9907235784942692,28.19594010509682,25.997789537873487,11.917031272767046,4.193645477294922,5.013783040382361
dancnet:hq_metric,0156_mixed_p25,mixed,25.0,22.781746225419347,3.701094627380371,0.9444257662354348,0.9175996305384082,18.18477188117775,18.122527466481127,13.030441215941636,4.182433128356934,-4.65921875893822
dancnet:hq_metric,0157_mixed_p25,mixed,25.0,24.63800758759342,3.5929031372070312,0.99764751039488,0.9899454118470136,26.523865422316696,25.726779185251324,20.093404678642813,3.9652371406555176,1.088771597657903
dancnet:hq_metric,0158_mixed_p25,mixed,25.0,22.296924933273523,3.342043876647949,0.9960820341473404,0.975740904989756,25.347655747269897,24.771741851122684,19.24205615586463,3.7461612224578857,2.474816917849161
dancnet:hq_metric,0159_mixed_p25,mixed,25.0,23.827362769231954,3.1103384494781494,0.9877877649799468,0.9778179167127796,26.493607310573378,25.775218995544712,16.304776540658693,3.72406005859375,1.9478562263127583
dancnet:v3ll,0000_stationary_p20,stationary,20.0,19.590499313844777,3.7037158012390137,0.9914107510396826,0.977117837326876,22.230551540871907,21.255060096593223,17.466999764096265,3.9044923782348633,1.6645607827484523
dancnet:v3ll,0001_stationary_p20,stationary,20.0,19.42863866647033,3.6207969188690186,0.9937290535972664,0.966649168658312,23.648654415967304,22.593970064153687,13.745481129175309,4.13654899597168,3.1653313976833566
dancnet:v3ll,0002_stationary_p20,stationary,20.0,19.32818536525876,3.4196324348449707,0.991359313635713,0.9678194400348106,22.42001780826899,20.875619471057423,13.048799114822408,3.993552207946778,1.547434105798665
dancnet:v3ll,0003_stationary_p20,stationary,20.0,19.311354777623183,3.385843276977539,0.9874336922121272,0.9480042606619368,22.08098397730445,20.73607505467248,14.485524821628044,3.761662483215332,1.4247202770492962
dancnet:v3ll,0004_stationary_p20,stationary,20.0,19.444967101365854,3.435997724533081,0.9875032594911144,0.9544880681630172,20.23753713686204,19.58227021446513,13.928614042036031,3.829751968383789,0.1373031130992714
dancnet:v3ll,0005_stationary_p20,stationary,20.0,19.06714267914146,3.3733267784118652,0.9679168371097284,0.9436267709174188,23.96099263455295,21.975090228464147,14.072104020586544,3.862030506134033,2.907947549322685
dancnet:v3ll,0006_stationary_p20,stationary,20.0,20.00001274993647,3.394250869750977,0.980577541519403,0.940083137992106,20.287202738032107,19.48270512760779,17.14690736245995,3.8807661533355713,-0.5173076223286763
dancnet:v3ll,0007_stationary_p20,stationary,20.0,17.27047489519429,3.337359666824341,0.9951432534423822,0.9773166066565364,22.467159241855803,20.837934439705748,11.2881531075328,3.7830042839050297,3.5674595445114576
dancnet:v3ll,0008_stationary_p20,stationary,20.0,19.606440770855578,3.6739673614501953,0.991197514775028,0.969405879323322,22.37644402108821,21.056590804527744,15.078465431729622,4.015380382537842,1.4501500336721698
dancnet:v3ll,0009_stationary_p20,stationary,20.0,19.99989383420887,3.4795143604278564,0.9713377163333096,0.9241840455155708,22.8140277829247,21.63086240815966,15.30199485646594,4.060006618499756,1.630968573950792
dancnet:v3ll,0010_stationary_p20,stationary,20.0,19.86760317019796,3.447368621826172,0.9940469576695384,0.9763290973026848,21.48855357475157,20.369693997043633,15.357605870732122,3.797689914703369,0.5020908268456736
dancnet:v3ll,0011_stationary_p20,stationary,20.0,19.190847769968823,3.363204002380371,0.9836900462203748,0.9430598968737728,24.396455418752645,22.634832265944652,14.75656834660571,3.825675010681152,3.443984495975826
dancnet:v3ll,0012_stationary_p20,stationary,20.0,19.89750678187765,3.387193441390991,0.9826119088320328,0.9368074256128478,23.300272604696836,21.76417001305349,16.819574937342633,3.590933084487915,1.866663231175842
dancnet:v3ll,0013_stationary_p20,stationary,20.0,18.38834413445744,3.5773165225982666,0.9736939626966402,0.9326497978549676,21.59050758252504,20.59356900272341,12.750684041054535,3.9917452335357666,2.2052248682659688
dancnet:v3ll,0014_stationary_p20,stationary,20.0,19.328475519327597,3.8899502754211426,0.9777617354805276,0.9504635839363932,24.7222952351623,23.72499212973993,17.83506989815179,4.244166374206543,4.396516610412334
dancnet:v3ll,0015_stationary_p20,stationary,20.0,19.084931326602764,3.3153274059295654,0.9836661905374628,0.958866962646018,22.14435710938695,20.590196651786982,13.316919693740408,3.69640040397644,1.5052653251842187
dancnet:v3ll,0016_stationary_p20,stationary,20.0,19.99999916436265,3.3925392627716064,0.962807246840408,0.8849600613102692,21.795001987621717,20.872922762772692,14.860053090205865,3.765336513519287,0.8729235984100434
dancnet:v3ll,0017_stationary_p20,stationary,20.0,19.52621175626332,3.3589537143707275,0.9814604294611252,0.94270466120366,23.88713892008708,21.815827306388975,15.323901453042868,3.782047748565674,2.2896155501256565
dancnet:v3ll,0018_stationary_p20,stationary,20.0,19.51018400884375,3.672905445098877,0.9618090500001782,0.8828355681382154,21.678871622267017,20.759316506716573,11.74732305781905,4.058311462402344,1.2491324978728215
dancnet:v3ll,0019_stationary_p20,stationary,20.0,18.6925014886986,3.321240186691284,0.9830296316297186,0.949310148073916,23.664663411720607,21.992779778144083,13.77586405810147,3.802350044250488,3.300278289445483
dancnet:v3ll,0020_stationary_p25,stationary,25.0,24.89747306016209,3.9978346824646,0.990687104842621,0.9663708727365876,23.95326763121441,21.802532025990388,16.64893875925783,4.116943836212158,-3.0949410341717005
dancnet:v3ll,0021_stationary_p25,stationary,25.0,22.104013195208772,3.7331368923187256,0.9887738783050116,0.9674216241949618,24.34867717420364,22.18132941361621,16.629097232729993,3.900637149810791,0.0773162184074394
dancnet:v3ll,0022_stationary_p25,stationary,25.0,22.90060218464625,3.511973142623902,0.9924692764487792,0.9779170197381613,25.97434903045781,23.986496959056968,18.1124126675624,4.204725742340088,1.0858947744107184
dancnet:v3ll,0023_stationary_p25,stationary,25.0,23.65353607043209,3.819880247116089,0.9911687835922494,0.9820847031201196,26.79572126327088,24.155344901853944,15.437925274914496,4.184601306915283,0.5018088314218545
dancnet:v3ll,0024_stationary_p25,stationary,25.0,22.55853430131149,3.662384271621704,0.9936186580911937,0.9489693297759236,23.10491118476323,22.06718091901511,17.991165881104145,4.107150554656982,-0.4913533822963742
dancnet:v3ll,0025_stationary_p25,stationary,25.0,23.195566753867706,3.2997031211853027,0.9794121496234244,0.9447974769488494,19.724786658331347,19.117345116076667,14.387118153072564,3.4955122470855713,-4.078221637791039
dancnet:v3ll,0026_stationary_p25,stationary,25.0,22.634619766468585,3.5786397457122803,0.993959406338998,0.9751134686227336,25.93495819510433,23.4818027720954,12.63406993560362,4.02736234664917,0.8471830056268139
dancnet:v3ll,0027_stationary_p25,stationary,25.0,23.80843411807629,3.06416392326355,0.9233547014152548,0.858410358503492,26.94226499059059,23.6514734270894,14.801563617530023,3.594191551208496,-0.1569606909868888
dancnet:v3ll,0028_stationary_p25,stationary,25.0,24.543503099785127,3.85389256477356,0.9910192399231236,0.9717494510835492,23.055345167434325,22.6115621109377,16.506060488389867,4.218557357788086,-1.9319409888474264
dancnet:v3ll,0029_stationary_p25,stationary,25.0,24.411634915604505,3.921660900115967,0.9679572794661268,0.9198717996925744,25.059263761856982,24.16855610746836,19.50639589897742,4.127175331115723,-0.2430788081361434
dancnet:v3ll,0030_stationary_p25,stationary,25.0,23.593937658970976,3.5807547569274902,0.9984885050636244,0.9893284321526002,25.0024254196752,23.607937802729843,16.025046101450645,3.959737539291382,0.0140001437588672
dancnet:v3ll,0031_stationary_p25,stationary,25.0,24.445051666087178,3.4364402294158936,0.9904069541533648,0.9636849472094972,22.266997848619855,21.088418825965036,15.125439706815412,3.8481595516204834,-3.3566328401221384
dancnet:v3ll,0032_stationary_p25,stationary,25.0,24.94158684190475,3.918595314025879,0.985163667925205,0.9539401302017536,19.55457641717527,19.534534753212395,16.832988588001143,4.237811088562012,-5.407052088692357
dancnet:v3ll,0033_stationary_p25,stationary,25.0,23.016474741327546,3.4387621879577637,0.9901256400937332,0.9413183314921628,21.465412159984176,20.793547013199355,15.727761764233852,4.027519226074219,-2.2229277281281874
dancnet:v3ll,0034_stationary_p25,stationary,25.0,23.994827557712327,3.793072462081909,0.9953271929537156,0.9809152477222408,26.165609246312354,23.65539163604572,13.56954221445078,4.133156776428223,-0.3394359216666061
dancnet:v3ll,0035_stationary_p25,stationary,25.0,22.70845078986839,3.44283127784729,0.9909445855060628,0.9734884522866418,23.033484671150436,22.09941160464101,19.29322233334396,3.85233998298645,-0.6090391852273882
dancnet:v3ll,0036_stationary_p25,stationary,25.0,24.8528587581856,3.7652223110198975,0.9918267633561508,0.9797325435207102,25.083999986584264,23.35822696197711,19.741924163419853,4.023789405822754,-1.4946317962084912
dancnet:v3ll,0037_stationary_p25,stationary,25.0,24.941714885602693,3.9311273097991943,0.9605527729568856,0.9292733842827332,21.88362130412404,21.537878215676184,16.299039988786603,4.1652960777282715,-3.403836669926509
dancnet:v3ll,0038_stationary_p25,stationary,25.0,23.12916094714685,2.9785523414611816,0.9816875796480052,0.9482402795686568,23.329500458740767,21.138952689987764,13.820705214208516,3.555821657180786,-1.990208257159086
dancnet:v3ll,0039_stationary_p25,stationary,25.0,24.99992158930692,3.435527801513672,0.9909093008400826,0.9746717679040744,14.434583580615904,14.145235477705247,11.542673435547863,4.181942462921143,-10.854686111601676
dancnet:v3ll,0040_nonstationary_p20,nonstationary,20.0,19.31113708092044,3.5746517181396484,0.9785797105550929,0.9320168179669552,24.298258545431047,22.70465597725433,18.335391539740048,3.8388803005218506,3.393518896333884
dancnet:v3ll,0041_nonstationary_p20,nonstationary,20.0,18.92094720744911,3.308953285217285,0.960110800762246,0.8859946890784223,19.8035946923364,19.093129025508993,12.774946402923897,3.9166452884674072,0.1721818180598795
dancnet:v3ll,0042_nonstationary_p20,nonstationary,20.0,19.8528072822391,4.077995300292969,0.9946943566298814,0.9839900446430734,24.508319105871603,22.929692415251814,19.171073638990304,4.273443698883057,3.0768851330127127
dancnet:v3ll,0043_nonstationary_p20,nonstationary,20.0,19.88267112177935,3.729934930801392,0.9915907668243648,0.9731344216609508,23.711482067372103,22.680373376785173,17.68175050708111,3.8968374729156494,2.7977022550058237
dancnet:v3ll,0044_nonstationary_p20,nonstationary,20.0,19.55856095264547,3.1215972900390625,0.9853154545529592,0.9433898386234368,22.145027332280595,21.138365684570196,13.818139052043726,3.5733437538146973,1.579804731924728
dancnet:v3ll,0045_nonstationary_p20,nonstationary,20.0,19.99995950112753,3.504030227661133,0.9819940183690338,0.9428901411480812,21.422811088032315,20.70695157608504,17.273173560914366,3.884401559829712,0.7069920749575083
dancnet:v3ll,0046_nonstationary_p20,nonstationary,20.0,18.65315946513251,3.709654092788696,0.9925924673020398,0.9725820261613046,24.56373935903973,22.84044849033154,11.256682167220603,4.187933444976807,4.1872890251990285
dancnet:v3ll,0047_nonstationary_p20,nonstationary,20.0,19.41193977404226,3.441403388977051,0.9834335168689152,0.9424366147380422,22.52066390711515,21.155655184583935,14.265998265462684,3.925411939620972,1.7437154105416752
dancnet:v3ll,0048_nonstationary_p20,nonstationary,20.0,17.684070455692723,3.424783945083618,0.9935680856074324,0.975239327915484,20.197069774069732,19.53010588695986,14.10584283509793,3.9755375385284424,1.8460354312671363
dancnet:v3ll,0049_nonstationary_p20,nonstationary,20.0,19.63794151198774,3.255387306213379,0.990642621621805,0.9673657874231668,23.356846290696836,21.456674593104776,14.592842192031757,3.69319224357605,1.8187330811170348
dancnet:v3ll,0050_nonstationary_p20,nonstationary,20.0,19.95638027835772,3.87337327003479,0.9786655302246666,0.953458849841617,19.928283858932325,19.551422385930927,21.78418985073905,4.041533946990967,-0.4049578924267933
dancnet:v3ll,0051_nonstationary_p20,nonstationary,20.0,19.345658866728115,3.2179977893829346,0.98369657460893,0.9538374056854289,22.14183149105013,21.220933883932528,13.792761135026822,3.6969552040100098,1.8752750172044124
dancnet:v3ll,0052_nonstationary_p20,nonstationary,20.0,19.42847262943146,3.954199314117432,0.9958002056850296,0.9906680409322204,22.217671823745604,21.835552737864383,18.95931385031548,4.059776306152344,2.4070801084329254
dancnet:v3ll,0053_nonstationary_p20,nonstationary,20.0,19.92712083760494,3.55641508102417,0.9216612653988778,0.8566109245738972,21.487025282382245,20.224407793088737,13.349362397668244,4.042689800262451,0.2972869554837984
dancnet:v3ll,0054_nonstationary_p20,nonstationary,20.0,19.970875284813378,4.179520130157471,0.9930119771075482,0.9744156181414512,24.06502830430736,23.85555926904084,20.553735063874484,4.249277591705322,3.884683984227461
dancnet:v3ll,0055_nonstationary_p20,nonstationary,20.0,19.91222721786486,3.793089866638184,0.9923554787174848,0.9792317512554448,20.83001182033011,20.00963837845619,16.735768147500583,4.0474772453308105,0.0974111605913314
dancnet:v3ll,0056_nonstationary_p20,nonstationary,20.0,19.242760330784034,2.9421491622924805,0.9453818295447426,0.879928619251402,14.578676604802965,14.183048777338602,8.71126334863583,4.141802787780762,-5.059711553445432
dancnet:v3ll,0057_nonstationary_p20,nonstationary,20.0,18.43036430605833,2.7519819736480713,0.9947073985262912,0.9796361686403504,23.697854071577034,21.915588290072613,12.940745566749849,3.67065691947937,3.485223984014283
dancnet:v3ll,0058_nonstationary_p20,nonstationary,20.0,19.345542428880677,3.6503593921661377,0.9911626651748566,0.9691367658249248,21.75307416952117,20.54225324932217,16.47135578803005,3.965424060821533,1.196710820441492
dancnet:v3ll,0059_nonstationary_p20,nonstationary,20.0,19.3449814833006,3.131469249725342,0.9756494349324496,0.9493949419547716,22.29455089931818,21.1939040528853,14.181953027218812,3.624344825744629,1.8489225695847011
dancnet:v3ll,0060_nonstationary_p25,nonstationary,25.0,24.999964701273388,3.789715051651001,0.996413512173543,0.98210665012016,22.077716046459244,21.550437778498942,17.945566591113334,4.223760604858398,-3.449526922774446
dancnet:v3ll,0061_nonstationary_p25,nonstationary,25.0,24.622180325396172,3.563800811767578,0.9760318996292858,0.933117898426542,24.40003893661757,21.73002353332631,15.460026097631935,3.925989389419556,-2.892156792069862
dancnet:v3ll,0062_nonstationary_p25,nonstationary,25.0,24.542618867560726,3.495112180709839,0.9899401798725926,0.9608175785272652,24.81540767206667,23.70658524866517,17.319420280313757,4.003864765167236,-0.8360336188955557
dancnet:v3ll,0063_nonstationary_p25,nonstationary,25.0,22.27009849578328,3.5876502990722656,0.9911489583595952,0.9754823492413928,28.382487598643205,24.441123647176788,16.416333078147822,4.114734649658203,2.1710251513935077
dancnet:v3ll,0064_nonstationary_p25,nonstationary,25.0,24.260624121414608,3.6411757469177246,0.9869774851292304,0.9627669003688688,24.384436306750196,22.60439658210767,14.326230488795984,4.019430637359619,-1.6562275393069363
dancnet:v3ll,0065_nonstationary_p25,nonstationary,25.0,24.12079535495343,3.8314921855926514,0.9936848860453984,0.9849592591676862,25.30370749773741,23.718596130376753,14.0082538680732,4.164477825164795,-0.4021992245766768
dancnet:v3ll,0066_nonstationary_p25,nonstationary,25.0,23.827988647185524,4.0554962158203125,0.996146635139092,0.9905622079405058,23.34853332541728,22.772684948991508,16.639253482620994,4.297438621520996,-1.0553036981940167
dancnet:v3ll,0067_nonstationary_p25,nonstationary,25.0,24.985416556313172,3.783554553985596,0.9450735478688116,0.8647114653037413,23.100373702162923,22.17734352844913,17.638824651953467,4.0951032638549805,-2.808073027864044
dancnet:v3ll,0068_nonstationary_p25,nonstationary,25.0,23.573363984028713,3.669551134109497,0.9915596168184432,0.9723561004471436,25.92022858180377,22.789506596996336,12.547378890112386,4.168667793273926,-0.7838573870323771
dancnet:v3ll,0069_nonstationary_p25,nonstationary,25.0,25.000063152245303,4.146215915679932,0.9497394720152436,0.9293468970691636,25.168234583471833,24.155731298511274,20.630342827548795,4.218519687652588,-0.8443318537340296
dancnet:v3ll,0070_nonstationary_p25,nonstationary,25.0,21.368435170473937,3.3520381450653076,0.9836315738356364,0.950367647631528,27.789429741943454,24.43810157164853,15.200069762406748,3.938019990921021,3.0696664011745938
dancnet:v3ll,0071_nonstationary_p25,nonstationary,25.0,24.956274220691338,3.9779887199401855,0.9867033369784268,0.965558018220044,26.615403955234544,25.69232442246975,21.09053562175647,4.133392810821533,0.7360502017784114
dancnet:v3ll,0072_nonstationary_p25,nonstationary,25.0,23.750616007892617,3.667634963989258,0.9866328547209344,0.9363947074990302,17.99802757235383,17.946279401171907,13.994992520907298,4.133782386779785,-5.80433660672071
dancnet:v3ll,0073_nonstationary_p25,nonstationary,25.0,24.77713068298398,4.008674144744873,0.936088367646122,0.9010951526186932,17.44958723730547,17.348104294235963,12.836463366939078,4.237269401550293,-7.429026388748017
dancnet:v3ll,0074_nonstationary_p25,nonstationary,25.0,23.17411738712787,3.4985830783843994,0.9914877351942925,0.977774188109071,24.018795627405773,22.755012910545524,14.354433553954427,4.142270565032959,-0.4191044765823442
dancnet:v3ll,0075_nonstationary_p25,nonstationary,25.0,23.49212122529186,4.082696914672852,0.9856173965149634,0.9504709206203508,22.507444903055255,21.56550775163597,15.887255296727153,4.279049396514893,-1.9266134736558944
dancnet:v3ll,0076_nonstationary_p25,nonstationary,25.0,22.132428854690616,2.760802984237671,0.9848442075680548,0.9471466117019656,18.176773655045167,17.77728362940276,11.952510698820332,3.615989208221435,-4.355145225287856
dancnet:v3ll,0077_nonstationary_p25,nonstationary,25.0,23.673169812854567,3.870893239974976,0.99535316618988,0.9851094040299428,22.869695350742553,22.153868721966763,16.43509433553203,4.311587333679199,-1.5193010908878044
dancnet:v3ll,0078_nonstationary_p25,nonstationary,25.0,21.931411047528627,3.2339930534362793,0.997337181091666,0.9850228620206808,25.300010286996265,22.240762822831172,11.023062404216631,3.5395400524139404,0.3093517753025452
dancnet:v3ll,0079_nonstationary_p25,nonstationary,25.0,24.50996052314646,4.391200542449951,0.995395626517774,0.9765724882548872,27.66522031701436,25.880999621585534,21.882209398177967,4.36674165725708,1.3710390984390737
dancnet:v3ll,0080_impulsive_p20,impulsive,20.0,18.512771111827647,3.006070375442505,0.9848294093801802,0.9605681244151254,25.32151595188813,23.864892419288427,18.388731823340052,3.682137966156006,5.352121307460781
dancnet:v3ll,0081_impulsive_p20,impulsive,20.0,19.29430664400164,3.109412908554077,0.9850683951265548,0.9666501039851192,24.614012426048497,22.668312950598697,18.044624469204663,3.3308589458465576,3.3740063065970567
dancnet:v3ll,0082_impulsive_p20,impulsive,20.0,19.99987920653809,3.9022216796875,0.9929745819722682,0.9844176096716404,24.553545013304227,23.66246687704701,22.73430387700722,4.1426100730896,3.66258767050892
dancnet:v3ll,0083_impulsive_p20,impulsive,20.0,19.956344781526592,3.3868486881256104,0.99417627126908,0.9826677189506954,21.04268777979996,20.111361292917557,16.304547930598087,4.1752800941467285,0.1550165113909649
dancnet:v3ll,0084_impulsive_p20,impulsive,20.0,19.526413024096307,3.4155852794647217,0.9824231951644268,0.9489898214641782,22.36406837352295,21.5170185868155,20.69919454819706,3.8108232021331783,1.9906055627191923
dancnet:v3ll,0085_impulsive_p20,impulsive,20.0,19.82320084507672,3.74965763092041,0.9863704485223808,0.9564420608952136,22.48837066511575,21.1286320881031,15.51493021736667,4.065464019775391,1.30543124302638
dancnet:v3ll,0086_impulsive_p20,impulsive,20.0,18.827193757709935,3.801926851272583,0.9940816107918592,0.9803396741038156,24.4257997942754,22.293180678742655,13.861409990594302,4.142150402069092,3.465986921032723
dancnet:v3ll,0087_impulsive_p20,impulsive,20.0,18.958021795971337,2.916550874710083,0.9927188635236316,0.9855938502430212,21.10711181479023,20.259161972095132,19.4352647409165,3.300344705581665,1.3011401761237948
dancnet:v3ll,0088_impulsive_p20,impulsive,20.0,17.584003493857804,3.2607643604278564,0.9872838599187046,0.9428280268707048,20.0156158172856,19.41947451791197,16.407110041001577,3.708068370819092,1.835471024054165
dancnet:v3ll,0089_impulsive_p20,impulsive,20.0,18.692539859604828,4.157679080963135,0.9948985095707564,0.9762209947111432,27.02231910474968,24.730034093945868,19.08847298695914,4.188426971435547,6.03749423434104
dancnet:v3ll,0090_impulsive_p20,impulsive,20.0,20.00005819051685,4.092652320861816,0.994646339634064,0.9776382242360644,25.244643731163528,23.689619575734923,22.87883316702334,4.2567243576049805,3.6895613852180738
dancnet:v3ll,0091_impulsive_p20,impulsive,20.0,19.99995142861631,3.746534585952759,0.9606494582118408,0.9402829927017148,24.532439137599077,22.664941369527188,19.346363729717037,4.090878963470459,2.6649899409108784
dancnet:v3ll,0092_impulsive_p20,impulsive,20.0,19.9999570270419,3.66276741027832,0.9880505234374962,0.948608734936808,21.645566910611123,20.957331222918064,18.44622508726517,3.955801486968994,0.957374195876163
dancnet:v3ll,0093_impulsive_p20,impulsive,20.0,19.822703066819543,3.723600149154663,0.988215351645107,0.9739841961318992,21.566980184099723,20.778537701525693,19.520226276789337,4.011553764343262,0.9558346347061466
dancnet:v3ll,0094_impulsive_p20,impulsive,20.0,18.883888888923615,3.8788039684295654,0.997378195908139,0.9844968176078652,23.616163508411443,22.557419916173117,20.156593736328137,4.2550950050354,3.673531027249499
dancnet:v3ll,0095_impulsive_p20,impulsive,20.0,19.985435988510226,3.4142327308654785,0.9973347876326776,0.9939057646361372,22.88818750306617,21.678407843616615,21.880870750656175,4.049920082092285,1.6929718551063893
dancnet:v3ll,0096_impulsive_p20,impulsive,20.0,16.628019818161906,3.8365728855133057,0.9936621907934854,0.9738239882826856,23.288225607607767,22.222910061378126,18.48915786878476,4.179085731506348,5.59489024321622
dancnet:v3ll,0097_impulsive_p20,impulsive,20.0,19.362437309144493,2.700511932373047,0.95621713072466,0.946406172201847,21.71628920195499,20.89441560499839,14.970257466978342,3.3453545570373535,1.5319782958538966
dancnet:v3ll,0098_impulsive_p20,impulsive,20.0,15.94768026407408,2.575347423553467,0.965200367539206,0.941748087903429,24.76870559328118,22.207605438370276,14.366193249786145,3.308659553527832,6.259925174296196
dancnet:v3ll,0099_impulsive_p20,impulsive,20.0,20.000007426978357,4.0370283126831055,0.9891599539502732,0.981541794569264,20.61877358332936,20.119603434030495,23.75980270401349,4.17467737197876,0.119596007052138
dancnet:v3ll,0100_impulsive_p25,impulsive,25.0,23.789436722123497,3.956484794616699,0.9938604610682932,0.98185873503293,26.6155873370041,24.527417081680305,17.440866728997012,4.200462818145752,0.7379803595568113
dancnet:v3ll,0101_impulsive_p25,impulsive,25.0,24.085173036949502,3.464096784591675,0.992060848346306,0.985128446803654,16.588662574002907,16.36758989825163,14.93111295198037,4.086895942687988,-7.717583138697876
dancnet:v3ll,0102_impulsive_p25,impulsive,25.0,23.593248615506617,2.912088394165039,0.9103386118705796,0.866686011955326,20.13003933529049,19.97402813095788,17.009400931655698,3.622369766235352,-3.619220484548734
dancnet:v3ll,0103_impulsive_p25,impulsive,25.0,24.912268859650823,4.062231063842773,0.9837705544074664,0.973121529965306,29.11620530317947,25.72359539242372,21.03824208076834,4.135831832885742,0.8113265327728989
dancnet:v3ll,0104_impulsive_p25,impulsive,25.0,24.74653699879044,3.6782965660095215,0.9953721748716394,0.9847114229136888,25.47345189767777,23.99868570474302,18.92511612846368,4.026018142700195,-0.7478512940474182
dancnet:v3ll,0105_impulsive_p25,impulsive,25.0,24.260233929503627,3.5375514030456543,0.9978488831759844,0.9919346135612966,25.631233523956013,24.283201208261453,20.63718223525991,4.056252956390381,0.0229672787578252
dancnet:v3ll,0106_impulsive_p25,impulsive,25.0,24.6220581602563,3.90628981590271,0.9976547873221808,0.9901658622979818,25.153944446328268,23.732736556280862,20.91913154850527,4.202182292938232,-0.8893216039754357
dancnet:v3ll,0107_impulsive_p25,impulsive,25.0,24.59041378989087,3.855726480484009,0.9933849980832542,0.980210307622166,25.62313265251152,23.533397933390862,20.007860984565124,4.061014652252197,-1.0570158565000085
dancnet:v3ll,0108_impulsive_p25,impulsive,25.0,24.999853889803596,4.276067733764648,0.9916043837129036,0.9853638183465456,19.047188061353022,18.893881327266556,14.961361320514303,4.435713768005371,-6.1059725625370405
dancnet:v3ll,0109_impulsive_p25,impulsive,25.0,22.853397126840616,3.8649356365203857,0.999376715657862,0.9987271701947862,28.52715777644733,25.323398752605165,22.01059339017202,4.04052209854126,2.4700016257645494
dancnet:v3ll,0110_impulsive_p25,impulsive,25.0,24.57455953183137,3.789590120315552,0.9972342420984605,0.9904810963175582,23.269811997176205,21.767629658844633,18.094690172069544,4.208806991577148,-2.8069298729867356
dancnet:v3ll,0111_impulsive_p25,impulsive,25.0,23.82726000035011,3.869422912597656,0.9971635820063642,0.9871717121279904,26.99218956265951,25.03901610708526,17.377548877650472,4.1616291999816895,1.2117561067351517
dancnet:v3ll,0112_impulsive_p25,impulsive,25.0,24.63798651543611,3.332542181015014,0.9950585351940172,0.9863281140618094,25.34097764137003,23.825640392647735,21.865986758574113,3.558054208755493,-0.8123461227883766
dancnet:v3ll,0113_impulsive_p25,impulsive,25.0,24.68505774162919,4.172892093658447,0.9990878209225722,0.9973905490814452,28.806857354845032,25.729958756013144,22.484978781239217,4.213995933532715,1.044901014383953
dancnet:v3ll,0114_impulsive_p25,impulsive,25.0,19.037102909154036,4.022377014160156,0.999264622045844,0.9964290521978876,29.029205877274475,25.592976110848777,14.345508340179808,4.153326034545898,6.555873201694737
dancnet:v3ll,0115_impulsive_p25,impulsive,25.0,22.40396904806662,3.287158966064453,0.9895204232830928,0.9714020388867582,26.755793078207045,23.867822377596404,20.542275979159307,4.080544948577881,1.4638533295297833
dancnet:v3ll,0116_impulsive_p25,impulsive,25.0,24.65423889360339,3.2708370685577393,0.982062716546604,0.9371416542409032,22.91742589706695,21.65911769415731,15.549353198339553,3.8289601802825928,-2.995121199446082
dancnet:v3ll,0117_impulsive_p25,impulsive,25.0,24.822615943675768,3.737261295318603,0.9984604480555392,0.994837972602166,26.02866176615033,24.475267104529607,23.12535504717077,4.059102535247803,-0.3473488391461607
dancnet:v3ll,0118_impulsive_p25,impulsive,25.0,22.900503901080988,3.388341188430786,0.994641196869987,0.9800249137326232,26.139977798537064,24.5655144299598,20.91739171191587,3.610532522201538,1.6650105288788095
dancnet:v3ll,0119_impulsive_p25,impulsive,25.0,24.311472988788147,4.070816993713379,0.99825521617236,0.9921172340961468,25.94553217541429,24.324943623198653,19.760060385671615,4.25658655166626,0.0134706344105062
dancnet:v3ll,0120_mixed_p20,mixed,20.0,19.685001304461835,3.5031261444091797,0.962358556735089,0.9157747345914936,19.63707411792425,18.70412690424612,14.247440348823226,3.798694372177124,-0.9808744002157148
dancnet:v3ll,0121_mixed_p20,mixed,20.0,19.956383810321093,3.4935550689697266,0.991848012160818,0.9719674855137094,21.115881554847732,20.060623805329502,17.826480275168713,3.9146728515625,0.1042399950084131
dancnet:v3ll,0122_mixed_p20,mixed,20.0,19.60627709401219,3.4173665046691895,0.9850649582915044,0.9585553082253386,21.15164662492184,20.53819582433347,16.19285858693336,3.9680373668670654,0.931918730321282
dancnet:v3ll,0123_mixed_p20,mixed,20.0,17.43004392417553,2.9721932411193848,0.965935377784115,0.9288169953613516,21.842401069865133,20.57691552630855,10.429411301177218,3.5304274559020996,3.1468716021330216
dancnet:v3ll,0124_mixed_p20,mixed,20.0,20.0000849703309,3.4384946823120117,0.9963214093039569,0.9838154062225748,24.40669728111188,22.86819437565474,18.31679441035019,3.963853597640991,2.868109405323839
dancnet:v3ll,0125_mixed_p20,mixed,20.0,17.507979423555422,3.3158607482910156,0.9871002215795204,0.9640210860408638,24.706469016563354,24.02147521853362,14.662367839360272,3.7697644233703618,6.513495794978198
dancnet:v3ll,0126_mixed_p20,mixed,20.0,19.65374468167292,3.854543209075928,0.9934659783884064,0.980720609670754,21.50841857849478,20.61246268201987,18.13979630864305,4.155827045440674,0.958718000346952
dancnet:v3ll,0127_mixed_p20,mixed,20.0,19.999973770203137,2.1991617679595947,0.9785739762625576,0.947604895952882,22.575705452388508,21.19689323342808,15.012748214900649,3.563469886779785,1.196919463224944
dancnet:v3ll,0128_mixed_p20,mixed,20.0,19.99994551074197,3.5854432582855225,0.9863173613745032,0.9639601050696466,21.789712593406016,21.109331176986935,19.606977226682915,3.965806722640991,1.1093856662449646
dancnet:v3ll,0129_mixed_p20,mixed,20.0,18.282199352412633,3.187077522277832,0.8921179348322639,0.8430559511790059,17.175460548950255,17.157804951929283,14.598146775159,3.3720405101776123,-1.1243944004833502
dancnet:v3ll,0130_mixed_p20,mixed,20.0,19.985541557838033,3.1243739128112793,0.9677302384498604,0.9259805631143988,21.357386305424313,20.463463316523807,14.767801740741056,3.896151542663574,0.477921758685774
dancnet:v3ll,0131_mixed_p20,mixed,20.0,19.277284085322727,3.4734222888946533,0.9876258573164594,0.9656534039211432,23.645868778483884,21.570895128992586,16.360644799376598,4.0250630378723145,2.293611043669859
dancnet:v3ll,0132_mixed_p20,mixed,20.0,19.526495765063043,3.381103754043579,0.992421250927364,0.9720926263369832,20.96541655695033,19.794027609688968,15.535336820275694,3.782729148864746,0.2675318446259247
dancnet:v3ll,0133_mixed_p20,mixed,20.0,16.931897353071076,2.5155601501464844,0.9920077487897668,0.9718576109928844,20.415203610327033,19.522314488225923,12.030376277051111,3.5452945232391357,2.5904171351548477
dancnet:v3ll,0134_mixed_p20,mixed,20.0,19.985475992806187,3.644266843795776,0.9681921089210596,0.9094921673972975,21.193383243025092,19.94751767396175,15.032655555784968,3.971088409423828,-0.037958318844435
dancnet:v3ll,0135_mixed_p20,mixed,20.0,16.872726538591817,3.947532892227173,0.9844574982775656,0.971045998791486,26.439753526949858,24.333031043069703,16.20734964313734,4.278491020202637,7.4603045044778895
dancnet:v3ll,0136_mixed_p20,mixed,20.0,17.659126031737568,2.1524975299835205,0.9297964832922062,0.8323205443335271,13.402320412327969,13.178576766685154,8.091650708523815,2.9815244674682617,-4.480549265052414
dancnet:v3ll,0137_mixed_p20,mixed,20.0,19.669273433437567,3.35886812210083,0.9857790783820368,0.952621528370629,25.180735417727817,24.064249345988355,19.141391104819107,4.050529479980469,4.3949759125507875
dancnet:v3ll,0138_mixed_p20,mixed,20.0,19.98546643900907,3.75114107131958,0.9608369948356956,0.9339480864788344,19.001773775092627,18.6879336399805,19.12553038626473,4.205327033996582,-1.29753279902857
dancnet:v3ll,0139_mixed_p20,mixed,20.0,19.32829355386935,3.039357900619507,0.9922705320426494,0.9795438026219394,22.58469602080732,21.03149852839806,14.857040494098609,3.745044946670532,1.703204974528706
dancnet:v3ll,0140_mixed_p25,mixed,25.0,24.882629766274135,3.767916440963745,0.9409716033542852,0.9097264854890904,25.11964062099553,23.73737078892011,19.224174273458935,4.162703514099121,-1.1452589773540254
dancnet:v3ll,0141_mixed_p25,mixed,25.0,21.78274941789112,3.3774421215057373,0.9823253673653276,0.92613622700559,24.774319312462765,23.232467871158807,15.61236472594492,3.852952480316162,1.4497184532676854
dancnet:v3ll,0142_mixed_p25,mixed,25.0,24.80776772506301,3.920271396636963,0.9908542993016431,0.9797388116857872,25.58733699872753,23.01223805925501,18.17934785589158,4.186059474945068,-1.795529665807997
dancnet:v3ll,0143_mixed_p25,mixed,25.0,24.328121727051393,3.8173553943634033,0.9926126374762736,0.9782606176378744,25.77271757427807,22.82075536071037,16.12613884275456,4.184060096740723,-1.5073663663410244
dancnet:v3ll,0144_mixed_p25,mixed,25.0,23.23919066536086,3.910265684127808,0.9936193740510804,0.9854860980136751,25.192901085789966,23.655178736525823,18.398796411610647,4.024728775024414,0.4159880711649677
dancnet:v3ll,0145_mixed_p25,mixed,25.0,22.584093028510523,3.783406972885132,0.9475958338695314,0.919245384509788,24.39934544824789,22.318086649538312,15.728493233754874,4.093259334564209,-0.2660063789722109
dancnet:v3ll,0146_mixed_p25,mixed,25.0,23.75072453295548,3.519035816192627,0.9937721469701404,0.9692752591893824,26.76039915074332,24.256016259249428,19.65938340754901,3.5951497554779053,0.5052917262939474
dancnet:v3ll,0147_mixed_p25,mixed,25.0,24.68502151263951,3.84952163696289,0.9887210719744604,0.962546900941147,25.469172152867635,23.74809043094485,17.64982886129087,4.269647598266602,-0.9369310816946594
dancnet:v3ll,0148_mixed_p25,mixed,25.0,24.82262532724587,3.808100938796997,0.9895129730853688,0.9756964574536156,25.46122332733969,24.291216363463345,19.12754171425242,3.9816503524780273,-0.5314089637825248
dancnet:v3ll,0149_mixed_p25,mixed,25.0,21.690183124372023,2.973963975906372,0.9848980896452324,0.947442129231708,24.494604213957707,23.340303252267045,15.866528307252825,3.586085557937622,1.650120127895022
dancnet:v3ll,0150_mixed_p25,mixed,25.0,24.999965027679423,3.622261524200439,0.9735976130022126,0.9562570674583488,19.377511142621948,19.00627572977776,17.117707334624082,4.059065818786621,-5.9936892979016605
dancnet:v3ll,0151_mixed_p25,mixed,25.0,24.76214605626149,3.376523733139038,0.9730596754746949,0.9152422423312818,25.192783210087267,24.20996730794975,17.71422873326221,3.8803746700286865,-0.5521787483117393
dancnet:v3ll,0152_mixed_p25,mixed,25.0,23.957960644152084,3.290093421936035,0.9943395692390986,0.9814583647882652,24.817280388752557,23.009977295430932,16.679724157438212,4.2309465408325195,-0.9479833487211522
dancnet:v3ll,0153_mixed_p25,mixed,25.0,24.294174893459974,3.812324523925781,0.9653983221846651,0.9337316277032148,25.690948522132636,24.154444693612568,20.94236229117624,4.1117119789123535,-0.1397301998474098
dancnet:v3ll,0154_mixed_p25,mixed,25.0,24.716074461248965,3.0298640727996826,0.9582772633146368,0.8962734438600632,23.55692347508803,22.992149628460524,19.129263625441432,3.65887188911438,-1.723924832788441
dancnet:v3ll,0155_mixed_p25,mixed,25.0,20.984006497491126,3.7972214221954346,0.996091324264056,0.9900070001825384,27.539349255978745,24.780226390769556,11.38117408234085,4.047323226928711,3.7962198932784297
dancnet:v3ll,0156_mixed_p25,mixed,25.0,22.781746225419347,3.249917268753052,0.942268039600114,0.905243350875428,16.117872562786644,15.970563771201435,11.011661852113916,4.057463645935059,-6.81118245421791
dancnet:v3ll,0157_mixed_p25,mixed,25.0,24.63800758759342,3.504689931869507,0.9973212840607534,0.9881104400190364,26.159119610940024,25.020010915944837,19.45702203472356,3.854940414428711,0.3820033283514163
dancnet:v3ll,0158_mixed_p25,mixed,25.0,22.296924933273523,3.276515245437622,0.9954160951425872,0.9744425142280498,24.39275704479041,22.570948965351,17.047232854706806,3.6816742420196538,0.2740240320774774
dancnet:v3ll,0159_mixed_p25,mixed,25.0,23.827362769231954,3.033956527709961,0.9822747668303562,0.9733560728720376,25.191645709754734,23.29539822058695,14.612280973866309,3.664061546325683,-0.5319645486450035
dancnet:v3hq,0000_stationary_p20,stationary,20.0,19.590499313844777,3.7176589965820312,0.992350773237158,0.9781129421694564,22.65295227168626,22.28939609762264,18.572359016275072,3.919801712036133,2.6988967837778652
dancnet:v3hq,0001_stationary_p20,stationary,20.0,19.42863866647033,3.75376296043396,0.9945696059686424,0.9687692959862652,24.477272280430235,23.944871791252908,14.644333034246438,4.184474945068359,4.516233124782577
dancnet:v3hq,0002_stationary_p20,stationary,20.0,19.32818536525876,3.404806613922119,0.991662069285631,0.9664601907075936,22.798804727480015,22.077583770734513,13.750742210122674,3.979084253311157,2.749398405475755
dancnet:v3hq,0003_stationary_p20,stationary,20.0,19.311354777623183,3.416520357131958,0.989537994784344,0.9550270859180002,22.11239510643056,21.504208512418007,15.547343424838834,3.8426129817962646,2.1928537347948236
dancnet:v3hq,0004_stationary_p20,stationary,20.0,19.444967101365854,3.7528975009918217,0.9901495336977756,0.968437775498071,20.81039092319918,20.49013746925505,14.539197119676649,3.960041761398315,1.0451703678891882
dancnet:v3hq,0005_stationary_p20,stationary,20.0,19.06714267914146,3.337955951690674,0.9728138229235744,0.9496772170520866,23.881144383394037,22.974458054980097,15.082627611024456,4.004110336303711,3.9073153758386354
dancnet:v3hq,0006_stationary_p20,stationary,20.0,20.00001274993647,3.512159824371338,0.9827435738103608,0.9438725583450192,21.19300727460248,20.791343994916836,18.36632120448342,3.895021915435791,0.7913312449803662
dancnet:v3hq,0007_stationary_p20,stationary,20.0,17.27047489519429,3.432466983795166,0.9956866647475772,0.9795621402941946,23.054180732615414,22.075013790038387,12.17278050434611,3.9014832973480225,4.804538894844097
dancnet:v3hq,0008_stationary_p20,stationary,20.0,19.606440770855578,3.764242172241211,0.9920537987413104,0.9707959250265178,22.99170972087959,22.17390220885281,15.95735332474018,3.988337278366089,2.5674614379972347
dancnet:v3hq,0009_stationary_p20,stationary,20.0,19.99989383420887,3.5709915161132812,0.9749040608117616,0.9308605989902504,24.191189575014377,23.390636293019504,16.766090087865607,4.068140506744385,3.390742458810635
dancnet:v3hq,0010_stationary_p20,stationary,20.0,19.86760317019796,3.5110764503479004,0.994464156648842,0.9775087217163952,21.85337428448694,21.19979483824356,16.019695946382697,3.831054449081421,1.3321916680456027
dancnet:v3hq,0011_stationary_p20,stationary,20.0,19.190847769968823,3.421865463256836,0.9863260733619464,0.9495920174412924,24.836233877306473,23.56805798326689,15.404476165877153,3.867683172225952,4.3772102132980635
dancnet:v3hq,0012_stationary_p20,stationary,20.0,19.89750678187765,3.516024351119995,0.9846013199752714,0.941646332713015,23.789436191105725,23.06398822915249,17.844613618144134,3.675572156906128,3.166481447274837
dancnet:v3hq,0013_stationary_p20,stationary,20.0,18.38834413445744,3.705939054489136,0.9733603504722091,0.933494454055949,22.07381747613892,21.614272115262047,13.535427973452425,4.112555503845215,3.225927980804606
dancnet:v3hq,0014_stationary_p20,stationary,20.0,19.328475519327597,3.97611403465271,0.9824565740880818,0.959262400804723,26.045070523873857,25.598501113460095,19.025545204205184,4.272961139678955,6.270025594132498
dancnet:v3hq,0015_stationary_p20,stationary,20.0,19.084931326602764,3.583219528198242,0.98635693319945,0.9636604973750658,22.77495279336653,21.89207083935633,14.312214249006896,3.8820033073425297,2.807139512753565
dancnet:v3hq,0016_stationary_p20,stationary,20.0,19.99999916436265,3.525254249572754,0.9638857939975688,0.890760486128815,22.357381353273063,21.869474240388065,15.567979161461963,3.852528572082519,1.8694750760254168
dancnet:v3hq,0017_stationary_p20,stationary,20.0,19.52621175626332,3.4410011768341064,0.9810116994371892,0.9400625503990174,24.2780283019518,23.03705922568044,16.293203165422344,3.824824810028076,3.510847469417122
dancnet:v3hq,0018_stationary_p20,stationary,20.0,19.51018400884375,3.519767999649048,0.9619469285950882,0.8848255796490496,21.950566956783884,21.406498852179705,12.02018427654076,3.954951047897339,1.896314843335951
dancnet:v3hq,0019_stationary_p20,stationary,20.0,18.6925014886986,3.3861637115478516,0.9834122589972768,0.9510673855014048,24.44835639235564,23.381842798270075,14.68334027872162,3.887374639511109,4.689341309571475
dancnet:v3hq,0020_stationary_p25,stationary,25.0,24.89747306016209,4.031235218048096,0.99127138143173,0.9680030182920598,24.930111758433434,23.822034542318733,17.94356137628369,4.226760387420654,-1.075438517843356
dancnet:v3hq,0021_stationary_p25,stationary,25.0,22.104013195208772,3.8391945362091064,0.9910611830850248,0.9716893689909776,24.561227708932385,23.15607997039902,17.23001151225132,3.970051527023315,1.052066775190248
dancnet:v3hq,0022_stationary_p25,stationary,25.0,22.90060218464625,3.4960598945617676,0.9917108294072846,0.9779893820448068,26.001558411101264,25.0547414478539,18.576557409473,4.183171272277832,2.15413926320765
dancnet:v3hq,0023_stationary_p25,stationary,25.0,23.65353607043209,3.827564239501953,0.992451283569596,0.9845715723240672,27.475118987526024,25.427579213338163,16.0380401260113,4.2106828689575195,1.7740431429060737
dancnet:v3hq,0024_stationary_p25,stationary,25.0,22.55853430131149,3.7624402046203618,0.9953625411291523,0.9546323532025608,23.23545419442807,22.93065257169378,18.36772292726241,4.153992176055908,0.3721182703822947
dancnet:v3hq,0025_stationary_p25,stationary,25.0,23.195566753867706,3.3092377185821533,0.9805143829662386,0.9458083714756252,16.96517692336805,16.930818613869178,14.230331316060608,3.426748514175415,-6.264748139998527
dancnet:v3hq,0026_stationary_p25,stationary,25.0,22.634619766468585,3.6206986904144287,0.994526596341917,0.9762580185598644,26.717655879157572,25.271601557184987,13.633262448881837,4.078936576843262,2.6369817907164013
dancnet:v3hq,0027_stationary_p25,stationary,25.0,23.80843411807629,3.1832399368286133,0.9209687145425878,0.8500614583293659,27.56185469514667,25.121762320556208,15.601429727143538,3.6581387519836426,1.313328202479919
dancnet:v3hq,0028_stationary_p25,stationary,25.0,24.543503099785127,3.831257581710815,0.9922443148135088,0.9750711938275988,24.473818139024836,24.24511676503544,17.302500198440132,4.206813335418701,-0.2983863347496864
dancnet:v3hq,0029_stationary_p25,stationary,25.0,24.411634915604505,3.875719785690307,0.9670844741048964,0.9188582064809352,25.71617954207097,25.37786145413317,20.704553459792297,4.106514930725098,0.9662265385286696
dancnet:v3hq,0030_stationary_p25,stationary,25.0,23.593937658970976,3.5711374282836914,0.998687948101674,0.9900815594107883,25.223447267582728,24.473872826774688,16.772070527598267,4.06689977645874,0.879935167803712
dancnet:v3hq,0031_stationary_p25,stationary,25.0,24.445051666087178,3.75235366821289,0.9916191871332588,0.9663379021093608,22.690966391346446,22.223789721761253,16.133214392595974,4.0739665031433105,-2.2212619443259207
dancnet:v3hq,0032_stationary_p25,stationary,25.0,24.94158684190475,3.987728118896485,0.986826096289169,0.955779641407674,19.775061966708932,19.798787429170915,17.365069856247004,4.269493103027344,-5.142799412733837
dancnet:v3hq,0033_stationary_p25,stationary,25.0,23.016474741327546,3.3618500232696533,0.9902131472174692,0.9428381682398624,20.471273418177987,20.32883790334587,15.259405604475624,4.11059045791626,-2.687636837981671
dancnet:v3hq,0034_stationary_p25,stationary,25.0,23.994827557712327,3.871962070465088,0.9959219368196482,0.9832098221248896,27.12539520480823,25.442328216564754,14.552996879643851,4.15998649597168,1.4475006588524266
dancnet:v3hq,0035_stationary_p25,stationary,25.0,22.70845078986839,3.355224609375,0.9881613110270008,0.9760956518492984,22.85390880270807,22.695735818192464,19.46939745745537,3.7883222103118896,-0.0127149716759298
dancnet:v3hq,0036_stationary_p25,stationary,25.0,24.8528587581856,3.993983268737793,0.9928865437430784,0.9821713913644142,26.02360572233404,25.1712744491299,21.137252429336773,4.126996040344238,0.318415690944299
dancnet:v3hq,0037_stationary_p25,stationary,25.0,24.941714885602693,3.906597137451172,0.9627129345617566,0.9302480201472764,22.653479515573764,22.290472428486005,16.739025242044892,4.166903495788574,-2.6512424571166875
dancnet:v3hq,0038_stationary_p25,stationary,25.0,23.12916094714685,3.0497233867645264,0.9809381922741488,0.9437183868800632,23.24687434007479,22.109278864114348,14.274214271319067,3.560222625732422,-1.0198820830325026
dancnet:v3hq,0039_stationary_p25,stationary,25.0,24.99992158930692,3.513206720352173,0.9904954647541204,0.975698103559122,14.37827034854478,14.227265003450992,11.745177188301192,4.167623996734619,-10.772656585855929
dancnet:v3hq,0040_nonstationary_p20,nonstationary,20.0,19.31113708092044,3.6288938522338863,0.979646355326311,0.9367222422279976,24.96310334395161,24.36860067295659,19.823395642118033,3.8788528442382817,5.057463592036147
dancnet:v3hq,0041_nonstationary_p20,nonstationary,20.0,18.92094720744911,3.4156289100646973,0.964561834030167,0.8925618770192294,20.18079531501682,19.88632492369165,13.4571998014235,4.010796070098877,0.9653777162425357
dancnet:v3hq,0042_nonstationary_p20,nonstationary,20.0,19.8528072822391,4.122734069824219,0.9952985708122628,0.985187527610954,24.980764456784637,24.073094744211744,20.22513336020429,4.3112473487854,4.220287461972642
dancnet:v3hq,0043_nonstationary_p20,nonstationary,20.0,19.88267112177935,3.616690158843994,0.9924018878669206,0.9742449494783448,24.4663138719432,23.608522799787707,18.49651691301077,3.819906949996948,3.7258516780083575
dancnet:v3hq,0044_nonstationary_p20,nonstationary,20.0,19.55856095264547,3.1966142654418945,0.986385901093089,0.9453080943647764,22.71950809616034,22.0994997254488,14.331415103786735,3.5563557147979736,2.540938772803333
dancnet:v3hq,0045_nonstationary_p20,nonstationary,20.0,19.99995950112753,3.5319483280181885,0.9828129353129764,0.945424125579515,22.31262045952967,22.030902635778304,18.52564810842697,3.876037120819092,2.030943134650773
dancnet:v3hq,0046_nonstationary_p20,nonstationary,20.0,18.65315946513251,3.843130111694336,0.994488592940219,0.9799766912463528,25.166135659598815,24.28504401788103,12.189569321774256,4.244627952575684,5.63188455274852
dancnet:v3hq,0047_nonstationary_p20,nonstationary,20.0,19.41193977404226,3.5411624908447266,0.9842493316909526,0.9429509106655956,23.04036945684391,22.15583636288023,14.959564514215591,3.957906484603882,2.74389658883797
dancnet:v3hq,0048_nonstationary_p20,nonstationary,20.0,17.684070455692723,3.085993528366089,0.9912811213944664,0.9730024542299268,16.493515300425443,16.441592471885464,14.61851766873341,3.753815174102783,-1.2424779838072588
dancnet:v3hq,0049_nonstationary_p20,nonstationary,20.0,19.63794151198774,3.3326168060302734,0.9932925214525384,0.9755687281580996,23.599785160755435,22.78209678419545,16.09817374299729,3.7145121097564697,3.144155272207705
dancnet:v3hq,0050_nonstationary_p20,nonstationary,20.0,19.95638027835772,3.873133897781372,0.9804883075080916,0.9599831721943588,19.332639547499497,19.259351651257216,23.717359369372133,3.993005752563477,-0.6970286271005044
dancnet:v3hq,0051_nonstationary_p20,nonstationary,20.0,19.345658866728115,3.246318817138672,0.983186839746325,0.9530897001191908,22.566237248604924,21.918065836847557,14.305648588820551,3.7232935428619385,2.5724069701194416
dancnet:v3hq,0052_nonstationary_p20,nonstationary,20.0,19.42847262943146,4.090335369110107,0.9967707027451052,0.992785111377041,23.042502029139605,22.868955562548223,20.142677998411298,4.1529622077941895,3.4404829331167655
dancnet:v3hq,0053_nonstationary_p20,nonstationary,20.0,19.92712083760494,3.5595743656158447,0.9231573260333996,0.8586077043083991,22.150435610695496,21.569683002117216,14.352054380804582,4.047579765319824,1.6425621645122774
dancnet:v3hq,0054_nonstationary_p20,nonstationary,20.0,19.970875284813378,4.2968034744262695,0.994517116096976,0.9800949551691708,25.669959324708778,25.5621566154627,21.836569763327432,4.329037666320801,5.591281330649323
dancnet:v3hq,0055_nonstationary_p20,nonstationary,20.0,19.91222721786486,3.903359651565552,0.9930971101298836,0.9806682870602516,21.307602040158304,20.74016540414916,17.474786222193902,4.117149829864502,0.8279381862842996
dancnet:v3hq,0056_nonstationary_p20,nonstationary,20.0,19.242760330784034,3.0086135864257812,0.9504989748015162,0.8822324048028453,14.528581874231094,14.30317850120941,8.80720533188228,4.134085655212402,-4.939581829574623
dancnet:v3hq,0057_nonstationary_p20,nonstationary,20.0,18.43036430605833,2.784640073776245,0.9951438198338708,0.980906234059547,24.29658051475633,23.089637072642255,13.7551499445993,3.760459899902344,4.659272766583925
dancnet:v3hq,0058_nonstationary_p20,nonstationary,20.0,19.345542428880677,3.752180576324463,0.9925699882842678,0.972303654638472,22.254153598780523,21.62979180533027,17.39424642021432,4.024728775024414,2.284249376449594
dancnet:v3hq,0059_nonstationary_p20,nonstationary,20.0,19.3449814833006,3.313015937805176,0.97802311386116,0.9540723213329008,22.954236546482356,22.382450016656463,15.002276163175472,3.7191667556762695,3.037468533355863
dancnet:v3hq,0060_nonstationary_p25,nonstationary,25.0,24.999964701273388,3.8802812099456783,0.9969991388980616,0.9850415342756524,22.559124613217772,22.420383446186403,18.94032017522977,4.264123916625977,-2.5795812550869854
dancnet:v3hq,0061_nonstationary_p25,nonstationary,25.0,24.622180325396172,3.5197041034698486,0.9760619856575872,0.9351832978486652,24.69251149477802,23.395263397633492,16.408393402450212,3.928689479827881,-1.22691692776268
dancnet:v3hq,0062_nonstationary_p25,nonstationary,25.0,24.542618867560726,3.552558183670044,0.991268265191591,0.9652759360351236,26.286865959260687,25.613785069104864,18.95238872281611,4.098130226135254,1.0711662015441377
dancnet:v3hq,0063_nonstationary_p25,nonstationary,25.0,22.27009849578328,3.6307194232940674,0.992493811804062,0.9785171487759448,29.025139628741993,26.795284122466807,17.70040014348,4.1661834716796875,4.525185626683527
dancnet:v3hq,0064_nonstationary_p25,nonstationary,25.0,24.260624121414608,3.6860198974609375,0.9881918320127512,0.9655496849448294,25.18651487452037,24.505602514239,15.202016796142738,4.0434112548828125,0.2449783928243896
dancnet:v3hq,0065_nonstationary_p25,nonstationary,25.0,24.12079535495343,3.8679158687591553,0.9949756186157048,0.9868336271739232,26.2519086631641,25.26310493311453,14.564806428256336,4.22150182723999,1.1423095781611003
dancnet:v3hq,0066_nonstationary_p25,nonstationary,25.0,23.827988647185524,4.039542198181152,0.9969411686316054,0.991169627867158,24.66162791976215,24.395321681953472,17.9707432154621,4.311901569366455,0.5673330347679482
dancnet:v3hq,0067_nonstationary_p25,nonstationary,25.0,24.985416556313172,3.7931973934173584,0.9429652434843576,0.8593576503051504,23.92796335496979,23.6598681991428,19.370177577264545,4.121534824371338,-1.3255483571703728
dancnet:v3hq,0068_nonstationary_p25,nonstationary,25.0,23.573363984028713,3.775697469711304,0.9922347104658276,0.97654449173751,26.86964991724714,25.003519473810204,13.622311241227203,4.223016262054443,1.430155489781491
dancnet:v3hq,0069_nonstationary_p25,nonstationary,25.0,25.000063152245303,4.0707926750183105,0.9514364826393962,0.9321072920322648,25.931744661057387,25.540858711743276,21.63659739879388,4.1691765785217285,0.5407955594979725
dancnet:v3hq,0070_nonstationary_p25,nonstationary,25.0,21.368435170473937,3.428560495376587,0.9853864315107376,0.9541908193887284,28.82143453155961,26.447904316759047,16.315318982526264,3.981458187103271,5.07946914628511
dancnet:v3hq,0071_nonstationary_p25,nonstationary,25.0,24.956274220691338,4.142565727233887,0.9900373104856,0.974001974781646,27.88796951063304,27.523826210466343,22.996679143948864,4.259815216064453,2.5675519897750085
dancnet:v3hq,0072_nonstationary_p25,nonstationary,25.0,23.750616007892617,3.692703247070313,0.9888671550220728,0.935575749380628,16.785890842420436,16.86732261932762,14.015468521854618,4.191730976104736,-6.883293388564997
dancnet:v3hq,0073_nonstationary_p25,nonstationary,25.0,24.77713068298398,4.131182670593262,0.9383671131694066,0.9043290745653568,21.227970580321095,21.07611926189561,14.892792291070114,4.283792495727539,-3.701011421088374
dancnet:v3hq,0074_nonstationary_p25,nonstationary,25.0,23.17411738712787,3.531733751296997,0.9919432677642542,0.97831052435278,24.6197280483077,24.00394887259989,15.30737418359722,4.112372875213623,0.8298314854720203
dancnet:v3hq,0075_nonstationary_p25,nonstationary,25.0,23.49212122529186,4.092275142669678,0.9868970829065504,0.9524373193635968,23.351322663609807,22.865529811220092,17.08820586899475,4.2931132316589355,-0.6265914140717683
dancnet:v3hq,0076_nonstationary_p25,nonstationary,25.0,22.132428854690616,2.7181355953216553,0.9859430372090776,0.9514456008516896,19.676333908263047,19.497171596635084,13.070378844785507,3.4007089138031006,-2.635257258055532
dancnet:v3hq,0077_nonstationary_p25,nonstationary,25.0,23.673169812854567,3.711010217666626,0.9880198924634548,0.9793936933266044,21.406867771024608,21.15876303082963,16.261142089648047,4.217396259307861,-2.5144067820249383
dancnet:v3hq,0078_nonstationary_p25,nonstationary,25.0,21.931411047528627,3.2347733974456787,0.9975850832684704,0.9855996694001702,25.369455632787567,24.274985621567673,12.1453130039168,3.622080802917481,2.343574574039046
dancnet:v3hq,0079_nonstationary_p25,nonstationary,25.0,24.50996052314646,4.44281530380249,0.9964357197313152,0.9804799649412244,28.827653158706568,28.08286658833745,23.58136544158739,4.398385047912598,3.5729060651909847
dancnet:v3hq,0080_impulsive_p20,impulsive,20.0,18.512771111827647,3.576470851898194,0.9863552601893004,0.969819259776732,27.38813781944348,26.43718894962472,20.008428486314692,4.059113025665283,7.924417837797073
dancnet:v3hq,0081_impulsive_p20,impulsive,20.0,19.29430664400164,3.306674003601074,0.9877152054998896,0.9709329734995114,25.291382163806983,24.24667236828329,19.247067933709378,3.5732288360595703,4.952365724281648
dancnet:v3hq,0082_impulsive_p20,impulsive,20.0,19.99987920653809,3.957944393157959,0.9935618144587302,0.9850459513022262,23.962646303611027,23.749163322109883,24.01024934923161,4.174046993255615,3.7492841155717938
dancnet:v3hq,0083_impulsive_p20,impulsive,20.0,19.956344781526592,3.507445812225342,0.9953168733220484,0.984926073009696,21.475423677754357,21.04987288828105,17.146058888302274,4.2385478019714355,1.0935281067544589
dancnet:v3hq,0084_impulsive_p20,impulsive,20.0,19.526413024096307,3.53424334526062,0.9852505009333996,0.9531149361473528,24.12633815335583,23.602497045677456,23.71608773408801,3.901764154434204,4.076084021581149
dancnet:v3hq,0085_impulsive_p20,impulsive,20.0,19.82320084507672,3.7479114532470703,0.9853316718613178,0.9509612038944107,22.441026980718615,21.87187726116361,16.172701155257073,4.03093147277832,2.0486764160868915
dancnet:v3hq,0086_impulsive_p20,impulsive,20.0,18.827193757709935,3.9040677547454834,0.995372339500526,0.9835445687895956,25.469703744513872,24.34377473363861,15.127230906836328,4.187982082366943,5.516580975928676
dancnet:v3hq,0087_impulsive_p20,impulsive,20.0,18.958021795971337,3.6181676387786865,0.9960295333454828,0.9892573943260108,21.94013057707441,21.45067770807048,22.299680098763535,3.914307117462158,2.492655912099142
dancnet:v3hq,0088_impulsive_p20,impulsive,20.0,17.584003493857804,3.5481584072113037,0.9913481419100584,0.9467903408914398,19.98478466246808,19.802194799981873,16.392441282339846,3.9664909839630127,2.2181913061240692
dancnet:v3hq,0089_impulsive_p20,impulsive,20.0,18.692539859604828,4.1766581535339355,0.9954676257770156,0.9776931708776896,29.445564123873243,27.91881942409345,21.74945839979359,4.290943622589111,9.22627956448862
dancnet:v3hq,0090_impulsive_p20,impulsive,20.0,20.00005819051685,4.188864707946777,0.9959286336049694,0.981939271809624,26.35352951141482,25.12003672520853,25.363727384595265,4.2697529792785645,5.119978534691679
dancnet:v3hq,0091_impulsive_p20,impulsive,20.0,19.99995142861631,3.7597832679748535,0.9687526279952552,0.9403208313574376,25.34325562444289,24.190010976476152,20.71222865117392,4.234130859375,4.190059547859843
dancnet:v3hq,0092_impulsive_p20,impulsive,20.0,19.9999570270419,3.684708833694458,0.9887199460781684,0.9483336936753788,22.26711595949476,21.916225679822567,19.6606129433644,3.967705488204956,1.9162686527806656
dancnet:v3hq,0093_impulsive_p20,impulsive,20.0,19.822703066819543,3.7215516567230225,0.9904692899183368,0.9780487725216452,24.195532455471337,23.557263527912017,21.378973886602793,4.009332656860352,3.7345604610924674
dancnet:v3hq,0094_impulsive_p20,impulsive,20.0,18.883888888923615,4.036137580871582,0.997756881754684,0.988297985477745,24.718702580633796,24.12702669866063,21.830021991076663,4.309861660003662,5.243137809737011
dancnet:v3hq,0095_impulsive_p20,impulsive,20.0,19.985435988510226,4.050426006317139,0.998279411133339,0.9965046288875348,23.97609705656802,23.317343966512112,23.517133428616532,4.156537055969238,3.3319079780018868
dancnet:v3hq,0096_impulsive_p20,impulsive,20.0,16.628019818161906,3.939378023147583,0.9939405073695275,0.9745317156494364,26.267453153650383,25.20455622381832,19.97171650206093,4.142567157745361,8.576536405656416
dancnet:v3hq,0097_impulsive_p20,impulsive,20.0,19.362437309144493,3.047208547592163,0.979931703126343,0.9614397073582506,23.168835449189693,22.53904948497929,16.102885647853174,3.6787960529327393,3.176612175834798
dancnet:v3hq,0098_impulsive_p20,impulsive,20.0,15.94768026407408,2.7128043174743652,0.970942875933487,0.9467729764826468,25.187808088333018,22.96697675312304,15.100184613555824,3.648160934448242,7.019296489048958
dancnet:v3hq,0099_impulsive_p20,impulsive,20.0,20.000007426978357,4.037071228027344,0.9898563614831632,0.9841281630721612,20.377635213994584,20.1595760634088,28.038278846136116,4.181492805480957,0.1595686364304427
dancnet:v3hq,0100_impulsive_p25,impulsive,25.0,23.789436722123497,4.047891616821289,0.9950520558808668,0.9822903697002174,28.881461164177654,27.49960879866515,19.010378797159554,4.339878082275391,3.71017207654166
dancnet:v3hq,0101_impulsive_p25,impulsive,25.0,24.085173036949502,3.4016239643096924,0.9935017444706478,0.9839079097391062,16.43627005893786,16.395481665207146,14.82818356653097,4.153401851654053,-7.689691371742359
dancnet:v3hq,0102_impulsive_p25,impulsive,25.0,23.593248615506617,2.919839143753052,0.9201915395286412,0.868301712588104,19.532928697048987,19.518604161771083,17.502717474631606,3.609517812728882,-4.07464445373553
dancnet:v3hq,0103_impulsive_p25,impulsive,25.0,24.912268859650823,4.150206089019775,0.9820598589878726,0.9728996271936136,31.640817139137663,29.60229710826859,24.502916220087133,4.152157306671143,4.690028248617772
dancnet:v3hq,0104_impulsive_p25,impulsive,25.0,24.74653699879044,3.76544189453125,0.9964446650138667,0.9878548162603328,26.45279893273212,25.681103861279347,20.83965768389834,4.059391975402832,0.9345668624889072
dancnet:v3hq,0105_impulsive_p25,impulsive,25.0,24.260233929503627,3.602691650390625,0.9980740168979118,0.993599161688563,26.311746067541343,25.649658793410403,22.82455756627852,4.082005023956299,1.3894248639067754
dancnet:v3hq,0106_impulsive_p25,impulsive,25.0,24.6220581602563,3.9202005863189697,0.9979249962547716,0.9915019889750998,25.89738527607103,25.116134371761337,23.09444171764872,4.215424060821533,0.4940762115050354
dancnet:v3hq,0107_impulsive_p25,impulsive,25.0,24.59041378989087,3.701685667037964,0.990641051524711,0.9818975576770248,26.937007404501266,26.004403310562253,22.66844739994166,3.954565286636353,1.4139895206713788
dancnet:v3hq,0108_impulsive_p25,impulsive,25.0,24.999853889803596,4.282146453857422,0.9940598770189334,0.9893044524322312,18.72019994132579,18.724788840880787,14.743196743248514,4.417264938354492,-6.275065048922809
dancnet:v3hq,0109_impulsive_p25,impulsive,25.0,22.853397126840616,3.873546600341797,0.9995484625174396,0.998978918791966,30.409148938951752,27.932815571032094,24.136519992805457,4.02360725402832,5.079418444191479
dancnet:v3hq,0110_impulsive_p25,impulsive,25.0,24.57455953183137,4.008697032928467,0.9979245279558242,0.992557080584906,24.724701344088903,23.864313776309455,20.0634060905134,4.334330081939697,-0.7102457555219139
dancnet:v3hq,0111_impulsive_p25,impulsive,25.0,23.82726000035011,3.9313251972198486,0.9979079310130736,0.9884888974781768,29.26178111670349,27.95835493666481,19.8292991508644,4.222647666931152,4.131094936314703
dancnet:v3hq,0112_impulsive_p25,impulsive,25.0,24.63798651543611,3.4054641723632812,0.9962483891160862,0.9875541002268152,26.93548126404757,25.82885923208252,23.93082753018873,3.621927976608277,1.1908727166464104
dancnet:v3hq,0113_impulsive_p25,impulsive,25.0,24.68505774162919,4.175685882568359,0.9991879400064604,0.9975050475349192,29.37049856501079,27.92483821881352,24.34712888277902,4.2164530754089355,3.239780477184329
dancnet:v3hq,0114_impulsive_p25,impulsive,25.0,19.037102909154036,4.011480331420898,0.999512476922222,0.9970718399226346,31.513333721281413,29.204683069087665,16.285843889564937,4.150858402252197,10.167580159933628
dancnet:v3hq,0115_impulsive_p25,impulsive,25.0,22.40396904806662,3.353166341781616,0.9907509771536442,0.9775414470196232,27.72752360103996,26.361419705338935,22.72807350269961,4.131627559661865,3.9574506572723145
dancnet:v3hq,0116_impulsive_p25,impulsive,25.0,24.65423889360339,3.422342300415039,0.986205513326025,0.9454135035330322,23.988985218049365,23.417611479618103,16.931672211186207,4.010517120361328,-1.236627413985289
dancnet:v3hq,0117_impulsive_p25,impulsive,25.0,24.822615943675768,3.8957717418670654,0.9986144383456972,0.9954157640311112,26.53348968880906,25.685560556661763,25.368240423358376,4.157164573669434,0.862944612985995
dancnet:v3hq,0118_impulsive_p25,impulsive,25.0,22.900503901080988,3.454568386077881,0.996803596799786,0.9832481109674835,27.03209464760523,26.13271504780116,23.53174655390636,3.666009187698364,3.2322111467201715
dancnet:v3hq,0119_impulsive_p25,impulsive,25.0,24.311472988788147,4.077702522277832,0.9984359149806404,0.9920950523454648,26.46260163358612,25.81768580395945,21.733694129242306,4.2310285568237305,1.506212815171299
dancnet:v3hq,0120_mixed_p20,mixed,20.0,19.685001304461835,3.5607619285583496,0.9652773951231648,0.9195859299616558,20.009838099747384,19.696885118436136,15.138968744254448,3.7977566719055176,0.0118838139743004
dancnet:v3hq,0121_mixed_p20,mixed,20.0,19.956383810321093,3.6013121604919434,0.992771847626021,0.9734433496169422,21.758716058496127,21.05533305675876,18.718360196003268,3.967575073242187,1.0989492464376696
dancnet:v3hq,0122_mixed_p20,mixed,20.0,19.60627709401219,3.491825819015503,0.9882102635607498,0.9630469035357072,21.999952629296526,21.63832421292277,16.989285772078027,3.9914321899414062,2.032047118910583
dancnet:v3hq,0123_mixed_p20,mixed,20.0,17.43004392417553,3.289996385574341,0.9727565878897028,0.9366861135282656,22.921402169920633,21.8963643324726,11.070795118985329,3.8142282962799072,4.466320408297072
dancnet:v3hq,0124_mixed_p20,mixed,20.0,20.0000849703309,3.582897663116455,0.9968901603437212,0.9867918284110508,25.0830919571573,24.221261617453127,19.580019331547557,4.098765850067139,4.221176647122228
dancnet:v3hq,0125_mixed_p20,mixed,20.0,17.507979423555422,3.369935989379883,0.9909588667743828,0.9733260215751732,25.80286958494718,25.50615326812597,15.58670539865112,3.863208055496216,7.998173844570548
dancnet:v3hq,0126_mixed_p20,mixed,20.0,19.65374468167292,4.087067127227783,0.9945472805795323,0.9839815012507636,22.347786204206717,21.92977747125292,19.8821874159122,4.290304183959961,2.2760327895799968
dancnet:v3hq,0127_mixed_p20,mixed,20.0,19.999973770203137,2.4484641551971436,0.9848982320188728,0.9508040429257312,23.001948597280418,22.15432009869771,15.83404830646401,3.702215194702149,2.1543463284945723
dancnet:v3hq,0128_mixed_p20,mixed,20.0,19.99994551074197,3.6582067012786865,0.987275154321668,0.9647156607186064,22.44700612067751,22.00016203459033,20.905327033977972,4.018153190612793,2.0002165238483585
dancnet:v3hq,0129_mixed_p20,mixed,20.0,18.282199352412633,3.687845230102539,0.9189045465130042,0.851357292830281,17.911479102449622,17.97272091266,15.158839057632552,3.9504377841949463,-0.3094784397526311
dancnet:v3hq,0130_mixed_p20,mixed,20.0,19.985541557838033,3.4882254600524902,0.9740624234006492,0.9329556650317856,22.20255049246517,21.553261862644533,15.850949647060718,4.007038116455078,1.5677203048064996
dancnet:v3hq,0131_mixed_p20,mixed,20.0,19.277284085322727,3.4953362941741943,0.98862385677212,0.9661083608826416,24.03821969771107,23.089034201661743,17.44684572619868,4.0314836502075195,3.8117501163390166
dancnet:v3hq,0132_mixed_p20,mixed,20.0,19.526495765063043,3.5418574810028076,0.9937853038501188,0.977298412124301,21.791197270391635,21.08629883196492,16.547864663113536,3.9153196811676025,1.5598030669018783
dancnet:v3hq,0133_mixed_p20,mixed,20.0,16.931897353071076,2.6043550968170166,0.987651845120821,0.9718891372986846,21.396921165990356,20.741370237162663,12.699401595476536,3.599813938140869,3.809472884091587
dancnet:v3hq,0134_mixed_p20,mixed,20.0,19.985475992806187,3.715064764022827,0.9715850805421072,0.9141210985343484,21.716093268024007,21.022996383546296,15.87437885890922,4.0230278968811035,1.0375203907401094
dancnet:v3hq,0135_mixed_p20,mixed,20.0,16.872726538591817,4.04456090927124,0.98918839349713,0.9751500305172316,27.885576908039535,26.796172417705577,17.78494311968725,4.331735134124756,9.92344587911376
dancnet:v3hq,0136_mixed_p20,mixed,20.0,17.659126031737568,2.2166945934295654,0.933131313871662,0.8323044206471854,13.359575126861827,13.199721183988231,8.141677080063204,2.9464287757873535,-4.459404847749337
dancnet:v3hq,0137_mixed_p20,mixed,20.0,19.669273433437567,3.5252439975738525,0.98657020738418,0.9523152572158692,25.655885065381817,25.080222043040933,19.98941611842151,4.1325812339782715,5.410948609603366
dancnet:v3hq,0138_mixed_p20,mixed,20.0,19.98546643900907,3.931011199951172,0.9668300685609929,0.941094442132696,21.891359459121773,21.75845372452665,20.489039134288262,4.20837926864624,1.77298728551758
dancnet:v3hq,0139_mixed_p20,mixed,20.0,19.32829355386935,3.1550755500793457,0.9927153374341654,0.9793831012499644,23.17734757224839,22.341982837225316,15.825491379136691,3.7984139919281006,3.013689283355962
dancnet:v3hq,0140_mixed_p25,mixed,25.0,24.882629766274135,3.778402328491211,0.942440864990128,0.9110004234741256,25.520125138504795,24.700759004028555,20.755257069649748,4.102761268615723,-0.1818707622455804
dancnet:v3hq,0141_mixed_p25,mixed,25.0,21.78274941789112,3.3636538982391357,0.98291437986006,0.9261212735729752,25.481295531219125,24.665294700900525,16.550479731988442,3.8603756427764897,2.882545283009403
dancnet:v3hq,0142_mixed_p25,mixed,25.0,24.80776772506301,3.976763010025024,0.9920457377249388,0.9816635969275456,25.963257106269797,24.54316451031901,19.350805143581685,4.202558994293213,-0.2646032147440031
dancnet:v3hq,0143_mixed_p25,mixed,25.0,24.328121727051393,3.9164843559265137,0.9935045830976272,0.9825732087597712,26.34375472080716,24.63864514162381,17.4690834644635,4.140249252319336,0.3105234145724189
dancnet:v3hq,0144_mixed_p25,mixed,25.0,23.23919066536086,4.022640705108643,0.995191804311656,0.9900946110410624,26.804629958754713,25.997439825217853,20.894458643743803,4.104483127593994,2.7582491598569945
dancnet:v3hq,0145_mixed_p25,mixed,25.0,22.584093028510523,3.8138837814331055,0.949325757884808,0.9195617560320664,24.57546931392564,23.224317718703276,16.06798585605425,4.102160453796387,0.6402246901927526
dancnet:v3hq,0146_mixed_p25,mixed,25.0,23.75072453295548,3.5348782539367676,0.9933529972512818,0.9658472323180808,27.82411187549553,26.20857787461699,20.747213609713004,3.628674745559693,2.457853341661508
dancnet:v3hq,0147_mixed_p25,mixed,25.0,24.68502151263951,3.8971545696258545,0.9884396885015256,0.965311782565557,25.461319031516297,24.93671844861079,18.49396442869979,4.2467570304870605,0.2516969359712817
dancnet:v3hq,0148_mixed_p25,mixed,25.0,24.82262532724587,3.749381303787231,0.9889532050643448,0.9757125307185838,25.55721256111727,24.80603126690433,20.14405726335267,3.9258148670196538,-0.0165940603415393
dancnet:v3hq,0149_mixed_p25,mixed,25.0,21.690183124372023,3.233034610748291,0.9878805034536136,0.9557433110579376,25.16020490169099,23.92787944135661,16.421639237458237,3.7106175422668457,2.237696316984586
dancnet:v3hq,0150_mixed_p25,mixed,25.0,24.999965027679423,3.3964314460754395,0.9726531840951832,0.955952011512308,18.657231094549832,18.497281596862425,17.883990458269142,4.07279634475708,-6.502683430817001
dancnet:v3hq,0151_mixed_p25,mixed,25.0,24.76214605626149,3.3745434284210205,0.972387915141777,0.9167039870715058,25.871666215462778,25.44633350808514,18.38629961621527,3.9352595806121826,0.6841874518236502
dancnet:v3hq,0152_mixed_p25,mixed,25.0,23.957960644152084,3.497144937515259,0.9951281626591908,0.9826853825358348,26.34910093847232,25.361920218805597,18.33105793646871,4.261274337768555,1.4039595746535127
dancnet:v3hq,0153_mixed_p25,mixed,25.0,24.294174893459974,3.6571052074432377,0.9632364373675136,0.9276359824459466,26.705139521756056,25.855885531314193,22.584115770711108,3.921480655670166,1.5617106378542154
dancnet:v3hq,0154_mixed_p25,mixed,25.0,24.716074461248965,3.403785943984986,0.9626830849541343,0.9120645961309044,26.491473410200616,26.02818390389883,20.491338445924352,4.039592266082764,1.3121094426498665
dancnet:v3hq,0155_mixed_p25,mixed,25.0,20.984006497491126,4.041289806365967,0.996802964407107,0.9915291648419606,28.731014560285555,26.503946733567677,12.294250290703973,4.211381435394287,5.51994023607655
dancnet:v3hq,0156_mixed_p25,mixed,25.0,22.781746225419347,3.2314295768737793,0.9402952714523476,0.9073898736085642,16.422280659574525,16.42989492298961,11.460983643093387,4.055161952972412,-6.351851302429736
dancnet:v3hq,0157_mixed_p25,mixed,25.0,24.63800758759342,3.5103394985198975,0.9975028361740697,0.9897044023229828,26.991167559239894,26.344647233408903,20.509099709231528,3.864875316619873,1.706639645815482
dancnet:v3hq,0158_mixed_p25,mixed,25.0,22.296924933273523,3.2748801708221436,0.9957277360431932,0.9738406282999572,25.19843730301878,24.31231202828608,18.381698383718053,3.677337646484375,2.0153870950125565
dancnet:v3hq,0159_mixed_p25,mixed,25.0,23.827362769231954,2.9978158473968506,0.9819284162473426,0.9755948151878432,26.238340883260012,24.97747858558684,15.931155585957407,3.6944093704223633,1.1501158163548872
dancnet:v3hq_cont,0000_stationary_p20,stationary,20.0,19.590499313844774,3.742016077041626,0.9924415195761765,0.9786871807396997,22.719142601572585,22.397720775757264,18.74281211251325,3.9410879611968994,2.8072214619124907
dancnet:v3hq_cont,0001_stationary_p20,stationary,20.0,19.42863866647033,3.770155668258667,0.9946074379821215,0.969464759525847,24.54837906657753,24.116299438360652,14.7409451313581,4.19999885559082,4.687660771890322
dancnet:v3hq_cont,0002_stationary_p20,stationary,20.0,19.328185365258758,3.388028621673584,0.9920894258940047,0.9682582964156344,22.80627399597119,22.181053835350912,13.775316862695728,3.959298610687256,2.8528684700921545
dancnet:v3hq_cont,0003_stationary_p20,stationary,20.0,19.311354777623183,3.4264161586761475,0.98898148455158,0.9535279648711597,22.240403525741247,21.69710789246867,15.635458848780171,3.821518898010254,2.3857531148454854
dancnet:v3hq_cont,0004_stationary_p20,stationary,20.0,19.444967101365858,3.7723050117492676,0.9897720098538522,0.9638822454614051,20.689956699819692,20.43374337855935,14.498096120181588,4.005727291107178,0.9887762771934909
dancnet:v3hq_cont,0005_stationary_p20,stationary,20.0,19.06714267914146,3.4712133407592773,0.9722986212128978,0.9480400205345066,24.34575808456637,23.54494352539684,15.612973291892528,4.0311431884765625,4.477800846255377
dancnet:v3hq_cont,0006_stationary_p20,stationary,20.0,20.00001274993647,3.4820282459259033,0.9828008067631827,0.9436577882215401,21.028602051560625,20.689787634850457,18.511617355740935,3.9250738620758057,0.6897748849139873
dancnet:v3hq_cont,0007_stationary_p20,stationary,20.0,17.27047489519429,3.506596326828003,0.9958491480455036,0.9797827836713919,23.17801030551665,22.270880968299732,12.36181089318566,3.9436123371124268,5.000406073105442
dancnet:v3hq_cont,0008_stationary_p20,stationary,20.0,19.606440770855574,3.7733006477355957,0.9920334203526671,0.9704571211166306,23.04047669892881,22.332204207524544,16.04674358644308,4.016003608703613,2.72576343666897
dancnet:v3hq_cont,0009_stationary_p20,stationary,20.0,19.99989383420887,3.6360716819763184,0.9759168850222638,0.9332127924794851,24.457426616386098,23.71138463289217,17.08848894718611,4.085093021392822,3.7114907986833003
dancnet:v3hq_cont,0010_stationary_p20,stationary,20.0,19.86760317019796,3.5073108673095703,0.9948003887439688,0.9784032488318245,21.915113604514058,21.317789510182784,16.104809763156545,3.8190393447875977,1.4501863399848247
dancnet:v3hq_cont,0011_stationary_p20,stationary,20.0,19.190847769968826,3.4191675186157227,0.9868511109966216,0.9511041095350762,24.892794940621307,23.686405245958323,15.467165694458178,3.8642208576202393,4.4955574759894965
dancnet:v3hq_cont,0012_stationary_p20,stationary,20.0,19.89750678187765,3.531501293182373,0.9856469726837399,0.9458856482323424,23.840667808736058,23.16949876432716,17.923942167199016,3.6780502796173096,3.27199198244951
dancnet:v3hq_cont,0013_stationary_p20,stationary,20.0,18.38834413445744,3.7394721508026123,0.9732059702612856,0.9334114342468681,22.257923078155276,21.855250123005284,13.705479690945896,4.119887828826904,3.4669059885478433
dancnet:v3hq_cont,0014_stationary_p20,stationary,20.0,19.328475519327597,3.984262466430664,0.9822421870268321,0.9575724916297184,26.136681153135328,25.797668670227416,19.300711808073228,4.26983118057251,6.4691931508998195
dancnet:v3hq_cont,0015_stationary_p20,stationary,20.0,19.084931326602764,3.6006791591644287,0.9864564827766492,0.9637568795496771,22.827698943496774,22.13163192099597,14.552659562286678,3.87213134765625,3.046700594393208
dancnet:v3hq_cont,0016_stationary_p20,stationary,20.0,19.99999916436265,3.5480587482452393,0.9639934801569701,0.8914555622466523,22.046717441956687,21.65045080354213,15.551506478957478,3.871129274368286,1.650451639179483
dancnet:v3hq_cont,0017_stationary_p20,stationary,20.0,19.52621175626332,3.4776101112365723,0.981298938198093,0.9429383073863031,24.383024614270564,23.090536461332462,16.35544038191065,3.8370437622070312,3.5643247050691436
dancnet:v3hq_cont,0018_stationary_p20,stationary,20.0,19.51018400884375,3.698681592941284,0.9628979390024016,0.8898876652498708,22.36045023020641,21.888168346569465,12.292203701204565,4.023085117340088,2.3779843377257137
dancnet:v3hq_cont,0019_stationary_p20,stationary,20.0,18.6925014886986,3.3765666484832764,0.9825643901253552,0.9505207648899776,24.48022317470579,23.583455133435443,14.815152708219136,3.921355962753296,4.890953644736843
dancnet:v3hq_cont,0020_stationary_p25,stationary,25.0,24.89747306016209,4.062748908996582,0.9911283850989164,0.9680089987087755,24.73879212393541,23.933659576363965,18.057588974971246,4.243161678314209,-0.9638134837981234
dancnet:v3hq_cont,0021_stationary_p25,stationary,25.0,22.104013195208772,3.8732097148895264,0.991344172675346,0.9730435036630078,24.95600922901531,23.73915127343297,17.763538117910542,3.978440284729004,1.6351380782241982
dancnet:v3hq_cont,0022_stationary_p25,stationary,25.0,22.90060218464625,3.5203537940979004,0.9938870821298904,0.9809265850858988,27.07552529828467,26.069412309670625,19.013171134982898,4.193324565887451,3.1688101250243754
dancnet:v3hq_cont,0023_stationary_p25,stationary,25.0,23.65353607043209,3.856010913848877,0.9928317615495371,0.985637692798502,27.513964259820824,25.777974940878238,16.105226996335464,4.233335494995117,2.1244388704461485
dancnet:v3hq_cont,0024_stationary_p25,stationary,25.0,22.558534301311486,3.8501834869384766,0.9956606696611539,0.9563756971561671,23.947043717364316,23.718904130871998,19.222225384270867,4.185225486755371,1.160369829560512
dancnet:v3hq_cont,0025_stationary_p25,stationary,25.0,23.195566753867706,3.3340706825256348,0.981039216958768,0.947917694209328,15.530687434124566,15.565784335168434,14.158624726083458,3.4868500232696533,-7.629782418699271
dancnet:v3hq_cont,0026_stationary_p25,stationary,25.0,22.634619766468585,3.6343421936035156,0.9948457204629683,0.9767859550937701,26.60454713127156,25.422169974338015,13.63961585391101,4.099916934967041,2.7875502078694296
dancnet:v3hq_cont,0027_stationary_p25,stationary,25.0,23.80843411807629,3.2141239643096924,0.9205697749924682,0.8466467446127954,27.686458036841422,25.375030633856387,15.767270510981904,3.685842752456665,1.5665965157800983
dancnet:v3hq_cont,0028_stationary_p25,stationary,25.0,24.543503099785127,3.8649911880493164,0.992441335554909,0.9758408521116851,24.47696168845066,24.327488889356385,17.373455440696898,4.211765766143799,-0.21601421042874236
dancnet:v3hq_cont,0029_stationary_p25,stationary,25.0,24.411634915604502,3.884713888168335,0.9673549695297594,0.9184498214540849,25.805877152152497,25.507284283480168,20.835287647451302,4.115516185760498,1.0956493678756658
dancnet:v3hq_cont,0030_stationary_p25,stationary,25.0,23.593937658970976,3.6481423377990723,0.9986911633350799,0.9899459080579496,25.34586830706115,24.752935752045108,16.984834727776065,4.106988906860352,1.158998093074132
dancnet:v3hq_cont,0031_stationary_p25,stationary,25.0,24.445051666087174,3.6228129863739014,0.9910709749537719,0.9650752236251522,21.37941069510683,21.106446174378554,15.939927016568642,4.015119552612305,-3.33860549170862
dancnet:v3hq_cont,0032_stationary_p25,stationary,25.0,24.94158684190475,4.006017208099365,0.9871096772985066,0.9571452756344914,19.80976509257074,19.838712072539593,17.41738230889457,4.274413108825684,-5.102874769365158
dancnet:v3hq_cont,0033_stationary_p25,stationary,25.0,23.016474741327542,3.3960273265838623,0.990456391918124,0.9427082240738487,19.998095215538044,19.92882689483639,14.812014429338237,4.112328052520752,-3.0876478464911514
dancnet:v3hq_cont,0034_stationary_p25,stationary,25.0,23.994827557712327,3.931704044342041,0.9959076491380602,0.9838349917299413,27.298013565450184,25.872789644339846,14.823732660155743,4.201467990875244,1.8779620866275195
dancnet:v3hq_cont,0035_stationary_p25,stationary,25.0,22.708450789868394,3.5033209323883057,0.9915324497859708,0.9788217345426581,22.455739369231708,22.36844288463425,18.924989764555935,3.88895320892334,-0.34000790523414537
dancnet:v3hq_cont,0036_stationary_p25,stationary,25.0,24.8528587581856,4.027485370635986,0.9927727461973122,0.9819251908442873,26.158980810914173,25.422164459544625,21.439682010793888,4.142326354980469,0.5693057013590241
dancnet:v3hq_cont,0037_stationary_p25,stationary,25.0,24.941714885602693,3.9366908073425293,0.9630067384032222,0.9317702197731554,22.928036806928564,22.496689633685563,16.705053434331997,4.2089128494262695,-2.44502525191713
dancnet:v3hq_cont,0038_stationary_p25,stationary,25.0,23.12916094714685,3.0676848888397217,0.9817438316994938,0.9460088447004434,23.39485204380629,22.351729555349067,14.429893965287858,3.5963799953460693,-0.7774313917977835
dancnet:v3hq_cont,0039_stationary_p25,stationary,25.0,24.999921589306922,3.444606065750122,0.9906515311223371,0.9757937557554116,14.155295931090851,14.065385206944123,11.528698793858924,4.158735275268555,-10.934536382362799
dancnet:v3hq_cont,0040_nonstationary_p20,nonstationary,20.0,19.311137080920442,3.663182258605957,0.9798547606350192,0.9363951781183507,25.071188688505433,24.55853081882725,20.18369499764383,3.908085823059082,5.247393737906808
dancnet:v3hq_cont,0041_nonstationary_p20,nonstationary,20.0,18.920947207449114,3.404857873916626,0.9642599932360524,0.8918354329747584,20.442980472034982,20.185420008321195,13.728082491533694,4.022502899169922,1.2644728008720811
dancnet:v3hq_cont,0042_nonstationary_p20,nonstationary,20.0,19.8528072822391,4.105813980102539,0.9953816112170301,0.9850742001200513,25.083864064464176,24.401638529473544,20.513902424051597,4.310103893280029,4.5488312472344425
dancnet:v3hq_cont,0043_nonstationary_p20,nonstationary,20.0,19.88267112177935,3.6826469898223877,0.9929613092562773,0.9754866154779512,24.699339623337288,23.918415048661956,18.828375548159674,3.8747758865356445,4.035743926882606
dancnet:v3hq_cont,0044_nonstationary_p20,nonstationary,20.0,19.55856095264547,3.240241527557373,0.9864240232713307,0.9459703937842696,22.918813666066058,22.358701736270756,14.499929166621477,3.607311725616455,2.800140783625288
dancnet:v3hq_cont,0045_nonstationary_p20,nonstationary,20.0,19.99995950112753,3.5314064025878906,0.9828958484094031,0.9458556440694004,22.350505071005472,22.112538956049764,18.688962900198142,3.8940305709838867,2.1125794549222334
dancnet:v3hq_cont,0046_nonstationary_p20,nonstationary,20.0,18.65315946513251,3.8682475090026855,0.9943244633272648,0.9796941764766435,25.33400649795898,24.65127750489882,12.478878643778476,4.254302978515625,5.998118039766311
dancnet:v3hq_cont,0047_nonstationary_p20,nonstationary,20.0,19.41193977404226,3.555155038833618,0.9847605878737471,0.9436646423954543,23.09269297041828,22.330985636545254,15.06589145467804,3.9755609035491943,2.919045862502994
dancnet:v3hq_cont,0048_nonstationary_p20,nonstationary,20.0,17.684070455692723,3.272686719894409,0.9911420604545396,0.9733178039711964,16.10035882378362,16.101243555646633,15.004383860111927,3.7930119037628174,-1.58282690004609
dancnet:v3hq_cont,0049_nonstationary_p20,nonstationary,20.0,19.63794151198774,3.350411891937256,0.9931806032108338,0.9755096551118583,23.595904089378156,22.906074989688562,16.265884323220096,3.7294342517852783,3.2681334777008217
dancnet:v3hq_cont,0050_nonstationary_p20,nonstationary,20.0,19.95638027835772,3.883357286453247,0.980770925712633,0.9616313575107086,19.40075009627778,19.369864470368256,24.101987598623335,4.018947601318359,-0.5865158079894641
dancnet:v3hq_cont,0051_nonstationary_p20,nonstationary,20.0,19.345658866728115,3.285313844680786,0.9855021286656044,0.957734385754161,22.9479451839544,22.349879066628265,14.542107873416844,3.7405858039855957,3.00422019990015
dancnet:v3hq_cont,0052_nonstationary_p20,nonstationary,20.0,19.42847262943146,4.132739543914795,0.9966028843065885,0.9924425254855772,23.932578283861268,23.809748923087714,20.563038320096528,4.182835578918457,4.381276293656253
dancnet:v3hq_cont,0053_nonstationary_p20,nonstationary,20.0,19.92712083760494,3.5438833236694336,0.9222460707494021,0.8537434129274574,22.33356263865147,21.786054047948788,14.636987391685203,4.032198429107666,1.8589332103438494
dancnet:v3hq_cont,0054_nonstationary_p20,nonstationary,20.0,19.970875284813378,4.297835826873779,0.9946565393559195,0.980027973861655,25.74658315500567,25.678604830430455,21.853972260260075,4.340921878814697,5.707729545617077
dancnet:v3hq_cont,0055_nonstationary_p20,nonstationary,20.0,19.91222721786486,3.9404330253601074,0.9932056785295413,0.9809384932010308,21.33967287242232,20.86835624813802,17.646565315926352,4.13991641998291,0.9561290302731607
dancnet:v3hq_cont,0056_nonstationary_p20,nonstationary,20.0,19.242760330784034,2.9547603130340576,0.9493225514779238,0.8767864083329209,14.493408535373504,14.319446069476209,8.793707259179525,4.117465496063232,-4.923314261307825
dancnet:v3hq_cont,0057_nonstationary_p20,nonstationary,20.0,18.43036430605833,2.986452341079712,0.9950527968444806,0.980745015510602,24.42949809151798,23.39409357470348,13.889026969250013,3.7964468002319336,4.9637292686451495
dancnet:v3hq_cont,0058_nonstationary_p20,nonstationary,20.0,19.345542428880677,3.7611730098724365,0.992385211896582,0.9715797086689099,22.28005548582633,21.756648883039055,17.45777899267995,4.0326948165893555,2.4111064541583787
dancnet:v3hq_cont,0059_nonstationary_p20,nonstationary,20.0,19.3449814833006,3.4174036979675293,0.9787337233364344,0.9550427203068715,23.0646683605427,22.592833538141637,15.364350508239095,3.791184425354004,3.2478520548410366
dancnet:v3hq_cont,0060_nonstationary_p25,nonstationary,25.0,24.999964701273388,3.82806396484375,0.9968602512758883,0.9843406414131238,21.889143315375073,21.82005832416572,18.35799221427088,4.247927188873291,-3.1799063771076668
dancnet:v3hq_cont,0061_nonstationary_p25,nonstationary,25.0,24.622180325396172,3.569641351699829,0.9752974656601213,0.9356394690039019,24.717025079205698,23.62099799009268,16.52095364777881,3.9940106868743896,-1.0011823353034934
dancnet:v3hq_cont,0062_nonstationary_p25,nonstationary,25.0,24.542618867560726,3.5570216178894043,0.9912345705097086,0.9647086165355315,26.331763561089126,25.783006848211304,19.179211946024278,4.102701187133789,1.2403879806505778
dancnet:v3hq_cont,0063_nonstationary_p25,nonstationary,25.0,22.27009849578328,3.7418766021728516,0.9923683579137814,0.9795508947298847,29.1464356439393,27.22004265053995,18.00958590245039,4.177325248718262,4.949944154756668
dancnet:v3hq_cont,0064_nonstationary_p25,nonstationary,25.0,24.260624121414608,3.7325778007507324,0.9879233835873148,0.965588513057416,25.067713110353672,24.405135206329227,15.21108632476497,4.103667259216309,0.14451108491461895
dancnet:v3hq_cont,0065_nonstationary_p25,nonstationary,25.0,24.12079535495343,3.857795000076294,0.9950631080207055,0.9869816967178082,26.242944918956375,25.43579931313371,14.658101032328634,4.212856292724609,1.3150039581802808
dancnet:v3hq_cont,0066_nonstationary_p25,nonstationary,25.0,23.827988647185524,4.072336196899414,0.9971026325589695,0.9915788574162991,24.52403292558762,24.336186573942584,17.991114981095105,4.324132442474365,0.5081979267570595
dancnet:v3hq_cont,0067_nonstationary_p25,nonstationary,25.0,24.985416556313172,3.8295891284942627,0.9455046031114342,0.8638737757505973,24.658976945130107,24.215791835072118,19.277335077402448,4.115492343902588,-0.7696247212410547
dancnet:v3hq_cont,0068_nonstationary_p25,nonstationary,25.0,23.573363984028713,3.784642457962036,0.9923766635223207,0.9749475276923284,27.01487993857725,25.374708882474827,13.898164301078992,4.25724983215332,1.8013448984461142
dancnet:v3hq_cont,0069_nonstationary_p25,nonstationary,25.0,25.000063152245303,4.090574741363525,0.9507461932667932,0.9329744396704199,26.11303948774235,25.77001863246484,21.846661621181905,4.191674709320068,0.7699554802195365
dancnet:v3hq_cont,0070_nonstationary_p25,nonstationary,25.0,21.368435170473937,3.4351913928985596,0.9851490339990223,0.9512190256179751,29.00382103477424,26.881924487300534,16.411245309962567,3.988436460494995,5.513489316826597
dancnet:v3hq_cont,0071_nonstationary_p25,nonstationary,25.0,24.956274220691338,4.12613582611084,0.98992402597667,0.9745328477566904,28.011533372918315,27.716578772231976,23.264380183189775,4.257011890411377,2.7603045515406386
dancnet:v3hq_cont,0072_nonstationary_p25,nonstationary,25.0,23.750616007892617,3.6897971630096436,0.9888084651361839,0.9369032734489886,19.42345154662655,19.46518692230959,15.17086117730658,4.187831401824951,-4.285429085583026
dancnet:v3hq_cont,0073_nonstationary_p25,nonstationary,25.0,24.77713068298398,4.149931907653809,0.9401299592018789,0.9050935288436059,21.57621747263615,21.471075529477407,16.334677878324367,4.311614513397217,-3.3060551535065734
dancnet:v3hq_cont,0074_nonstationary_p25,nonstationary,25.0,23.17411738712787,3.5055036544799805,0.9917946594417375,0.97800869331375,24.528503009883774,24.028580977694567,15.30701699111582,4.0920329093933105,0.8544635905666986
dancnet:v3hq_cont,0075_nonstationary_p25,nonstationary,25.0,23.49212122529186,4.077121257781982,0.9876904811497524,0.9549132157037127,22.88482582221464,22.61356494419994,16.91263895414638,4.280638694763184,-0.878556281091921
dancnet:v3hq_cont,0076_nonstationary_p25,nonstationary,25.0,22.132428854690616,2.974876880645752,0.9862310648263741,0.9533040557249469,20.44331923096262,20.205073469990957,13.424003911900778,3.687453269958496,-1.9273553846996592
dancnet:v3hq_cont,0077_nonstationary_p25,nonstationary,25.0,23.673169812854567,3.928008794784546,0.9982383746547867,0.9915732433887415,25.515146593076935,24.965554253847053,17.172065049139697,4.276560306549072,1.2923844409924854
dancnet:v3hq_cont,0078_nonstationary_p25,nonstationary,25.0,21.931411047528627,3.3351240158081055,0.9976229223814722,0.9863721798255775,26.045174531345786,24.798230860837855,12.337829204887173,3.641680955886841,2.8668198133092275
dancnet:v3hq_cont,0079_nonstationary_p25,nonstationary,25.0,24.50996052314646,4.450239658355713,0.9966604379366492,0.9811125514170906,29.027115255084667,28.49998865637049,24.071760576879715,4.409985542297363,3.9900281332240297
dancnet:v3hq_cont,0080_impulsive_p20,impulsive,20.0,18.512771111827647,3.6228461265563965,0.9875617261388111,0.9706938385628038,27.796455518630616,27.07909587945458,20.387102360271943,4.097598075866699,8.566324767626934
dancnet:v3hq_cont,0081_impulsive_p20,impulsive,20.0,19.29430664400164,3.3215878009796143,0.9874883426222998,0.9707882425264394,25.36442905147431,24.3558795158837,19.332741939241192,3.606773853302002,5.06157287188206
dancnet:v3hq_cont,0082_impulsive_p20,impulsive,20.0,19.99987920653809,3.948160409927368,0.9947295143621349,0.9866961574375782,23.495137828924392,23.36204603406667,22.997207021377598,4.198392868041992,3.362166827528579
dancnet:v3hq_cont,0083_impulsive_p20,impulsive,20.0,19.956344781526592,3.5233378410339355,0.9954814324756015,0.9853285507368672,21.58180061490699,21.232686707259685,17.340780390824307,4.242143154144287,1.2763419257330924
dancnet:v3hq_cont,0084_impulsive_p20,impulsive,20.0,19.526413024096307,3.5751841068267822,0.9851500640082159,0.9550476751183459,24.141820020024017,23.70707926659921,24.06131290982183,3.902573347091675,4.180666242502902
dancnet:v3hq_cont,0085_impulsive_p20,impulsive,20.0,19.82320084507672,3.753051519393921,0.9850421403267101,0.9509382065858611,22.428202413647583,21.998834599128067,16.42209341544719,4.085147380828857,2.175633754051347
dancnet:v3hq_cont,0086_impulsive_p20,impulsive,20.0,18.827193757709935,3.9278972148895264,0.9954968173685872,0.9834518485662955,25.600295813200486,24.727680904477115,15.493777603875142,4.200469970703125,5.90048714676718
dancnet:v3hq_cont,0087_impulsive_p20,impulsive,20.0,18.958021795971337,3.6452653408050537,0.9961395341580216,0.9891081561469954,22.188058963085936,21.78986853868718,23.176875897752044,3.944157600402832,2.831846742715843
dancnet:v3hq_cont,0088_impulsive_p20,impulsive,20.0,17.584003493857804,3.597442150115967,0.9921775394782378,0.9487140786178414,20.56445900852314,20.3878015752645,16.869749427411985,4.003546714782715,2.803798081406697
dancnet:v3hq_cont,0089_impulsive_p20,impulsive,20.0,18.692539859604828,4.2185821533203125,0.9962381553571451,0.9793490179981051,29.70411536235064,28.455506001203936,22.127895748475677,4.301778793334961,9.762966141599108
dancnet:v3hq_cont,0090_impulsive_p20,impulsive,20.0,20.00005819051685,4.192867755889893,0.9957811475798498,0.9813587313934766,26.24913554292833,25.154562970764317,25.695021659252742,4.268619060516357,5.154504780247468
dancnet:v3hq_cont,0091_impulsive_p20,impulsive,20.0,19.99995142861631,3.787060260772705,0.965998893976032,0.9387798587284666,25.41418457079316,24.325257527699385,20.77027065298606,4.24478816986084,4.325306099083075
dancnet:v3hq_cont,0092_impulsive_p20,impulsive,20.0,19.9999570270419,3.7047879695892334,0.988699123445187,0.9479864679155733,22.329926611796385,22.04373164049185,19.78192286744987,3.9803457260131836,2.0437746134499477
dancnet:v3hq_cont,0093_impulsive_p20,impulsive,20.0,19.822703066819546,3.757232666015625,0.9909141576886373,0.9788915881457151,24.91481553519716,24.197607132243935,21.73769114859126,4.056743621826172,4.3749040654243885
dancnet:v3hq_cont,0094_impulsive_p20,impulsive,20.0,18.883888888923618,4.1525774002075195,0.9982937755300251,0.9911102612935379,26.919075101775334,26.365639528282408,22.610584528477347,4.360287666320801,7.48175063935879
dancnet:v3hq_cont,0095_impulsive_p20,impulsive,20.0,19.985435988510226,4.093035697937012,0.9984562162926045,0.9970023050602218,24.27631820359315,23.733339921665724,24.332772585535658,4.1725382804870605,3.7479039331554986
dancnet:v3hq_cont,0096_impulsive_p20,impulsive,20.0,16.628019818161906,3.9508655071258545,0.9946590680995616,0.9752365593150963,26.553110546404056,25.712899470813483,20.3285942300321,4.128298759460449,9.084879652651576
dancnet:v3hq_cont,0097_impulsive_p20,impulsive,20.0,19.362437309144493,3.109633684158325,0.977596037789823,0.9600609290779115,23.29093260231518,22.725135626074064,16.39162392749157,3.7436399459838867,3.3626983169295706
dancnet:v3hq_cont,0098_impulsive_p20,impulsive,20.0,15.94768026407408,2.7397632598876953,0.971199301409736,0.9468983170368025,25.19774967625453,22.909281409406677,15.145204203493137,3.649784564971924,6.961601145332597
dancnet:v3hq_cont,0099_impulsive_p20,impulsive,20.0,20.000007426978357,4.02908992767334,0.991437329877493,0.9844788303188625,20.57564507663539,20.399026110786053,30.823642813869544,4.183402061462402,0.39901868380769656
dancnet:v3hq_cont,0100_impulsive_p25,impulsive,25.0,23.789436722123494,4.067726135253906,0.9949971468303002,0.9826504817117797,28.993833164846944,27.988319722093223,19.381681582314222,4.352277755737305,4.1988829999697295
dancnet:v3hq_cont,0101_impulsive_p25,impulsive,25.0,24.085173036949506,3.3846702575683594,0.993384982545,0.9841399923283531,16.50655259197164,16.50735596927568,15.180477062562222,4.171825885772705,-7.577817067673827
dancnet:v3hq_cont,0102_impulsive_p25,impulsive,25.0,23.593248615506614,2.8655567169189453,0.9191138134752508,0.8674692747097005,19.803340039965505,19.81055024238089,18.408515888227384,3.573002576828003,-3.782698373125722
dancnet:v3hq_cont,0103_impulsive_p25,impulsive,25.0,24.912268859650823,4.0722174644470215,0.9777338535926333,0.9684996126121193,31.95629678967443,30.10652220110933,24.25093549438475,4.105974197387695,5.194253341458506
dancnet:v3hq_cont,0104_impulsive_p25,impulsive,25.0,24.74653699879044,3.7942750453948975,0.9964533088172359,0.9881670908883669,26.504505587717475,25.86850172597532,21.243549701817,4.086461544036865,1.1219647271848814
dancnet:v3hq_cont,0105_impulsive_p25,impulsive,25.0,24.260233929503627,3.6899046897888184,0.9981814648822873,0.9941150423857509,26.480210412268658,25.8911916946728,23.186362788659018,4.139451026916504,1.6309577651691711
dancnet:v3hq_cont,0106_impulsive_p25,impulsive,25.0,24.6220581602563,3.8911499977111816,0.9977571160293995,0.9905575478574694,25.75263709157554,25.078018468153044,23.273821441619848,4.181845188140869,0.455960307896742
dancnet:v3hq_cont,0107_impulsive_p25,impulsive,25.0,24.590413789890874,3.7611963748931885,0.991418909726248,0.982838595757085,27.385578600507262,26.585004842069885,23.115125210634893,4.000568389892578,1.9945910521790111
dancnet:v3hq_cont,0108_impulsive_p25,impulsive,25.0,24.999853889803596,4.273019790649414,0.9935671653089211,0.9881190523167283,18.677740199349522,18.676006410347526,14.676835017927024,4.417986869812012,-6.32384747945607
dancnet:v3hq_cont,0109_impulsive_p25,impulsive,25.0,22.853397126840616,3.9270877838134766,0.9995595295145118,0.998995037066597,30.709358727986178,28.578057444164415,24.629552802726575,4.0606160163879395,5.724660317323799
dancnet:v3hq_cont,0110_impulsive_p25,impulsive,25.0,24.57455953183137,3.9980344772338867,0.9978955725138632,0.992593356804083,24.152928208592478,23.553130938227007,20.481310538150446,4.308287143707275,-1.0214285936043623
dancnet:v3hq_cont,0111_impulsive_p25,impulsive,25.0,23.82726000035011,3.9820752143859863,0.9979292476672046,0.9887202647345271,29.536762185278327,28.342075344261175,20.090298825130844,4.235471725463867,4.514815343911067
dancnet:v3hq_cont,0112_impulsive_p25,impulsive,25.0,24.63798651543611,3.469611644744873,0.9965440589830094,0.9881724834060468,27.145608236069847,26.21880613881639,24.413766444630614,3.714094400405884,1.580819623380279
dancnet:v3hq_cont,0113_impulsive_p25,impulsive,25.0,24.68505774162919,4.201187610626221,0.9992909383427648,0.9978827618937547,29.529239485828384,28.43677356600589,24.843217868440778,4.237830638885498,3.7517158243766993
dancnet:v3hq_cont,0114_impulsive_p25,impulsive,25.0,19.037102909154036,3.997964382171631,0.9995250949496739,0.996921130898909,31.750981087806256,29.76286981766682,16.63814504948522,4.14882755279541,10.725766908512785
dancnet:v3hq_cont,0115_impulsive_p25,impulsive,25.0,22.40396904806662,3.448322296142578,0.9918307311946686,0.9799707689824219,28.218461307992367,27.07135237735976,23.39152047687464,4.167035102844238,4.667383329293138
dancnet:v3hq_cont,0116_impulsive_p25,impulsive,25.0,24.65423889360339,3.485079288482666,0.9851378712421348,0.9426756027807828,23.29473849128423,22.904385118306358,16.71429866513468,3.9622275829315186,-1.7498537752970336
dancnet:v3hq_cont,0117_impulsive_p25,impulsive,25.0,24.822615943675768,3.946687698364258,0.9987684545821796,0.9957237431698028,26.718623702418206,26.110540246238685,26.089487274375003,4.167838096618652,1.2879243025629172
dancnet:v3hq_cont,0118_impulsive_p25,impulsive,25.0,22.900503901080988,3.441685914993286,0.9967773277537829,0.982847369025691,27.000375492249272,26.332950370552965,24.161934972739108,3.6580090522766113,3.4324464694719765
dancnet:v3hq_cont,0119_impulsive_p25,impulsive,25.0,24.311472988788147,4.0657734870910645,0.9983591981961074,0.9915804690492037,26.656668389596923,26.137148339223724,22.228513041968334,4.215529918670654,1.8256753504355778
dancnet:v3hq_cont,0120_mixed_p20,mixed,20.0,19.685001304461835,3.614675283432007,0.9669096206427173,0.924666476519922,20.42054326563914,20.166352925885448,15.453572734845277,3.8347556591033936,0.4813516214236131
dancnet:v3hq_cont,0121_mixed_p20,mixed,20.0,19.956383810321093,3.6397178173065186,0.9928773822374496,0.9741999458980681,21.87706503597955,21.14674569603382,18.83092091749374,3.9587106704711914,1.1903618857127256
dancnet:v3hq_cont,0122_mixed_p20,mixed,20.0,19.60627709401219,3.5279698371887207,0.9884298604217268,0.9644142948381327,22.062959668881188,21.79163397633824,17.159278862637233,4.00886869430542,2.185356882326051
dancnet:v3hq_cont,0123_mixed_p20,mixed,20.0,17.43004392417553,3.286174774169922,0.9726311422305407,0.9365728975394577,22.909659927422346,21.936985276990505,10.937778909921601,3.811549186706543,4.506941352814977
dancnet:v3hq_cont,0124_mixed_p20,mixed,20.0,20.0000849703309,3.6746985912323,0.9970212135128823,0.9872628786223708,25.351414421851853,24.559177563464946,19.822409256475535,4.136730670928955,4.5590925931340465
dancnet:v3hq_cont,0125_mixed_p20,mixed,20.0,17.507979423555422,3.382357120513916,0.9888462688035321,0.9693483079803101,25.755093884612826,25.457366428693618,15.580823780099358,3.858635187149048,7.949387005138195
dancnet:v3hq_cont,0126_mixed_p20,mixed,20.0,19.653744681672922,4.0861992835998535,0.994605489515962,0.9840103626811829,22.331258178454636,21.97842900779105,20.11305168933697,4.290883541107178,2.3246843261181276
dancnet:v3hq_cont,0127_mixed_p20,mixed,20.0,19.999973770203137,2.2664437294006348,0.9857074158571966,0.9514618703552067,22.971328205629362,22.205431835136665,15.895084920265436,3.712076425552368,2.205458064933527
dancnet:v3hq_cont,0128_mixed_p20,mixed,20.0,19.99994551074197,3.6644210815429688,0.9875857476730294,0.9659727078934841,22.472862105295548,22.06212501345084,20.997203328439674,4.066941261291504,2.0621795027088687
dancnet:v3hq_cont,0129_mixed_p20,mixed,20.0,18.282199352412633,3.7210490703582764,0.9186581728555044,0.8479695527769331,18.249818670026027,18.308161285975757,15.584258375735804,4.002549171447754,0.025961933563124262
dancnet:v3hq_cont,0130_mixed_p20,mixed,20.0,19.985541557838033,3.554591655731201,0.97274638316124,0.9300447927512365,22.353979984481654,21.79138691574675,16.121924630051648,4.0318450927734375,1.8058453579087157
dancnet:v3hq_cont,0131_mixed_p20,mixed,20.0,19.277284085322727,3.53371000289917,0.988596825806986,0.9662428196141692,24.06563102596705,23.328605660314924,17.712856463502646,4.060229778289795,4.051321574992198
dancnet:v3hq_cont,0132_mixed_p20,mixed,20.0,19.526495765063043,3.53842830657959,0.9938404506535751,0.9777138659991477,21.81550872325184,21.16180037980707,16.552073066070058,3.9232327938079834,1.635304614744026
dancnet:v3hq_cont,0133_mixed_p20,mixed,20.0,16.931897353071076,2.61861252784729,0.9900962732328479,0.9724977926318302,21.56942732569855,21.024724761898078,12.830247146322506,3.590353488922119,4.092827408827002
dancnet:v3hq_cont,0134_mixed_p20,mixed,20.0,19.985475992806187,3.7413265705108643,0.9708116156300423,0.9149996564863284,21.690057605397858,21.009893196444047,15.73029370075878,4.043215274810791,1.02441720363786
dancnet:v3hq_cont,0135_mixed_p20,mixed,20.0,16.872726538591817,4.02631139755249,0.9906715178751668,0.9776359399253194,27.98811309784699,26.897143767880248,17.895616125511662,4.3176727294921875,10.024417229288431
dancnet:v3hq_cont,0136_mixed_p20,mixed,20.0,17.659126031737568,2.1691761016845703,0.9346737141958897,0.8363189275887877,13.321941092310476,13.202840842861164,8.116270177984225,2.948477029800415,-4.456285188876404
dancnet:v3hq_cont,0137_mixed_p20,mixed,20.0,19.669273433437567,3.539289951324463,0.9877442433618305,0.9597251456549822,25.883744678040777,25.43282854544597,20.393228880854057,4.185491561889648,5.7635551120084045
dancnet:v3hq_cont,0138_mixed_p20,mixed,20.0,19.98546643900907,4.143371105194092,0.9697767706498034,0.9449655705505838,21.24839319798065,21.19698133457885,20.498805775243017,4.304701805114746,1.2115148955697812
dancnet:v3hq_cont,0139_mixed_p20,mixed,20.0,19.328293553869354,3.100626230239868,0.9925345055668732,0.9795800032011969,23.275330128925052,22.557209951774084,16.039374676967558,3.7799758911132812,3.2289163979047295
dancnet:v3hq_cont,0140_mixed_p25,mixed,25.0,24.882629766274135,3.7963154315948486,0.9433109645467503,0.9120916419795975,25.535651249278448,24.849359399798033,20.978347612047557,4.121969223022461,-0.03327036647610271
dancnet:v3hq_cont,0141_mixed_p25,mixed,25.0,21.78274941789112,3.4213428497314453,0.9835891437428511,0.9307508635521362,25.649326931768964,24.9956710942954,16.742676179746795,3.847259283065796,3.212921676404278
dancnet:v3hq_cont,0142_mixed_p25,mixed,25.0,24.80776772506301,3.9805405139923096,0.9920870241976583,0.9821854491471098,26.13553594398696,24.99528017189633,19.66354877702488,4.220640182495117,0.18751244683332047
dancnet:v3hq_cont,0143_mixed_p25,mixed,25.0,24.328121727051393,3.9053711891174316,0.9935297231599535,0.9824445255875798,26.444072265586183,24.978293598750106,17.60066217923691,4.129691123962402,0.6501718716987135
dancnet:v3hq_cont,0144_mixed_p25,mixed,25.0,23.23919066536086,4.011919021606445,0.9959521501244082,0.9908852632028149,26.625815747369487,26.14375388536921,21.32131394170832,4.086935520172119,2.9045632200083524
dancnet:v3hq_cont,0145_mixed_p25,mixed,25.0,22.584093028510523,3.8310415744781494,0.9459348989713213,0.9200425218946654,24.799301895121623,23.512191324952486,16.264133836756248,4.1315107345581055,0.9280982964419628
dancnet:v3hq_cont,0146_mixed_p25,mixed,25.0,23.75072453295548,3.614835262298584,0.9936262728951483,0.9680378800581909,27.989471890514793,26.573495312111092,20.983036703154397,3.7285633087158203,2.8227707791556114
dancnet:v3hq_cont,0147_mixed_p25,mixed,25.0,24.68502151263951,3.908374071121216,0.989517332235278,0.9664219312804321,25.83582008814529,25.437881284381515,18.974355820673402,4.263782978057861,0.7528597717420062
dancnet:v3hq_cont,0148_mixed_p25,mixed,25.0,24.82262532724587,3.7690718173980713,0.9894001233715487,0.9760633422710199,25.606448971581017,24.941135352668663,20.32935847981059,3.926190137863159,0.11851002542279332
dancnet:v3hq_cont,0149_mixed_p25,mixed,25.0,21.690183124372023,3.379615068435669,0.9883863510609765,0.9588550622170695,25.3815863099027,24.32549630127472,16.704249581971414,3.7504587173461914,2.635313176902695
dancnet:v3hq_cont,0150_mixed_p25,mixed,25.0,24.999965027679423,3.420657157897949,0.972411029890008,0.9570026654727924,18.47014164092636,18.382195476443965,18.6330541783381,4.034378528594971,-6.617769551235458
dancnet:v3hq_cont,0151_mixed_p25,mixed,25.0,24.76214605626149,3.329420566558838,0.9724474213861816,0.9177248432456939,25.983681526141474,25.664469620132483,18.563367267929987,3.9327497482299805,0.9023235638709934
dancnet:v3hq_cont,0152_mixed_p25,mixed,25.0,23.957960644152084,3.807600736618042,0.9958250416682609,0.9842492787233599,28.79837075151382,27.62207603166306,18.941880272116947,4.293400764465332,3.664115387510975
dancnet:v3hq_cont,0153_mixed_p25,mixed,25.0,24.294174893459978,3.75929594039917,0.9658987791343405,0.9289180950665552,27.001440052219984,26.2338440340039,22.292721058326574,4.023808002471924,1.9396691405439235
dancnet:v3hq_cont,0154_mixed_p25,mixed,25.0,24.716074461248965,3.4658894538879395,0.9647019051046059,0.916382945316329,27.060477866037637,26.603504229842756,20.854680390931765,4.068343162536621,1.8874297685937904
dancnet:v3hq_cont,0155_mixed_p25,mixed,25.0,20.984006497491126,4.047059059143066,0.9970217779143787,0.9920168889604789,28.906873618576956,26.982413269600528,12.486466353705364,4.232679843902588,5.998406772109401
dancnet:v3hq_cont,0156_mixed_p25,mixed,25.0,22.781746225419347,3.177851438522339,0.9419723096531553,0.9071012260793955,16.615887101311518,16.627821477599483,11.664773212866095,4.0407257080078125,-6.153924747819865
dancnet:v3hq_cont,0157_mixed_p25,mixed,25.0,24.63800758759342,3.6398396492004395,0.9977018919155576,0.9907272637109504,27.20901858343792,26.679107593410475,20.81612118524747,3.9544317722320557,2.0411000058170536
dancnet:v3hq_cont,0158_mixed_p25,mixed,25.0,22.296924933273523,3.2996561527252197,0.995909341390966,0.974152260684006,25.42889903658513,24.575334144090533,18.536381405927184,3.7364323139190674,2.27840921081701
dancnet:v3hq_cont,0159_mixed_p25,mixed,25.0,23.827362769231954,3.069826364517212,0.9864014781441677,0.9780300466917748,26.370499629345886,25.330723032500057,16.17586639438928,3.7323479652404785,1.5033602632681031
